Location Name,Latitude,Longitude,Provider,Download Speed,Upload Speed,Download Speed Mbps,Upload Speed Mbps,Minimum Latency,Test Count,Sample Count,User Count
"Quezon City, Metro Manila, Philippines",14.64879,121.05094,PLDT Home Fiber,148602,160575,148.60,160.58,4,7384,3313,3893
"Manila, Metro Manila, Philippines",14.59951,120.98423,SpaceX Starlink,76365,17924,76.37,17.92,26,6201,1860,2172
"Quezon City, Metro Manila, Philippines",14.64879,121.05094,Converge,209080,191744,209.08,191.74,4,4038,1950,2325
"Quezon City, Metro Manila, Philippines",14.64879,121.05094,Globe,213700,197414,213.70,197.41,5,3991,1974,2348
"Cebu City, Cebu, Philippines",10.29261,123.90219,PLDT Home Fiber,120718,126894,120.72,126.89,6,3471,1283,1564
"Pasig, Metro Manila, Philippines",14.56082,121.0776,Converge,142844,130174,142.84,130.17,4,3470,1603,1810
"Cebu City, Cebu, Philippines",10.29261,123.90219,PLDT,93617,94622,93.62,94.62,7,3351,1400,1663
"Quezon City, Metro Manila, Philippines",14.64879,121.05094,PLDT,80273,78836,80.27,78.84,8,3169,1345,1576
"Davao City, Davao del Sur, Philippines",7.06475,125.60884,PLDT Home Fiber,117974,94766,117.97,94.77,11,2884,1333,1484
"Cebu City, Cebu, Philippines",10.29261,123.90219,Globe,129084,112184,129.08,112.18,6,2481,1320,1461
"Cagayan De Oro City, Misamis Oriental, Philippines",8.48029,124.64975,PLDT Home Fiber,94651,94501,94.65,94.50,8,2444,1109,1256
"Manila, Metro Manila, Philippines",14.59951,120.98423,PLDT Home Fiber,115664,102781,115.66,102.78,5,2384,1128,1344
"Manila, Metro Manila, Philippines",14.59951,120.98423,PLDT,94595,95727,94.60,95.73,5,2360,1032,1270
"Davao City, Davao del Sur, Philippines",7.06475,125.60884,Globe,135420,167317,135.42,167.32,4,2149,1145,1260
"Pasig, Metro Manila, Philippines",14.56082,121.0776,PLDT Home Fiber,150103,149307,150.10,149.31,3,2014,925,1065
"Manila, Metro Manila, Philippines",14.59951,120.98423,Converge,218991,197443,218.99,197.44,4,1896,931,1170
"Cagayan De Oro City, Misamis Oriental, Philippines",8.48029,124.64975,Globe,115987,70631,115.99,70.63,8,1776,838,964
"Cebu City, Cebu, Philippines",10.29261,123.90219,Converge,154141,148788,154.14,148.79,21,1765,864,1012
"Parañaque, Metro Manila, Philippines",14.47929,121.01985,Converge,196757,194359,196.76,194.36,4,1730,845,950
"Muntinlupa, Metro Manila, Philippines",14.39453,121.04483,PLDT,126031,114110,126.03,114.11,5,1721,695,867
"Davao City, Davao del Sur, Philippines",7.06475,125.60884,Converge,153731,164082,153.73,164.08,3,1559,827,923
"Antipolo, Rizal, Philippines",14.58584,121.17569,PLDT Home Fiber,141199,148280,141.20,148.28,3,1516,621,730
"Iligan City, Lanao del Norte, Philippines",8.22707,124.46418,PLDT Home Fiber,102056,94590,102.06,94.59,6,1507,583,641
"Parañaque, Metro Manila, Philippines",14.47929,121.01985,PLDT,159559,123767,159.56,123.77,5,1438,759,830
"Makati City, Metro Manila, Philippines",14.55474,121.02444,PLDT,89249,85419,89.25,85.42,9,1429,663,803
"Parañaque, Metro Manila, Philippines",14.47929,121.01985,PLDT Home Fiber,193768,156724,193.77,156.72,4,1402,696,826
"San Juan City, Metro Manila, Philippines",14.60196,121.0355,Globe,206878,182996,206.88,183.00,5,1381,679,785
"Calamba, Laguna, Philippines",14.19488,121.15974,Converge,176720,155324,176.72,155.32,6,1343,700,786
"Taguig, Metro Manila, Philippines",14.53063,121.05755,Converge,252248,253959,252.25,253.96,4,1326,587,681
"San Fernando, Pampanga, Philippines",15.02781,120.69349,Converge,96945,106990,96.95,106.99,4,1305,558,643
"Mexico, Pampanga, Philippines",15.06457,120.72033,Converge,174574,181897,174.57,181.90,3,1274,743,769
"Baguio, Benguet, Philippines",16.41297,120.5914,PLDT Home Fiber,105674,98695,105.67,98.70,7,1251,517,649
"Marikina, Metro Manila, Philippines",14.63493,121.10195,Converge,204544,205242,204.54,205.24,3,1161,661,733
"Makati City, Metro Manila, Philippines",14.55474,121.02444,Globe,173391,133377,173.39,133.38,4,1082,554,645
"San Juan City, Metro Manila, Philippines",14.60196,121.0355,Converge,185040,154424,185.04,154.42,4,1069,527,638
"Dasmariñas, Cavite, Philippines",14.33385,120.95423,PLDT,123322,113757,123.32,113.76,10,1062,534,606
"Taguig, Metro Manila, Philippines",14.53063,121.05755,PLDT,93300,94023,93.30,94.02,5,1036,445,550
"San Pablo City, Laguna, Philippines",14.06422,121.32326,Converge,210103,191090,210.10,191.09,6,1002,550,613
"Biñan, Laguna, Philippines",14.31456,121.08316,PLDT,144691,138430,144.69,138.43,9,998,485,550
"Iloilo City, Iloilo, Philippines",10.73019,122.55911,Globe,114970,103099,114.97,103.10,8,992,449,545
"Davao City, Davao del Sur, Philippines",7.06475,125.60884,PLDT,104804,94754,104.80,94.75,12,970,486,564
"Caloocan, Metro Manila, Philippines",14.65136,120.99022,PLDT Home Fiber,156108,180711,156.11,180.71,4,953,432,529
"Taguig, Metro Manila, Philippines",14.53063,121.05755,Globe,181164,147348,181.16,147.35,4,945,444,515
"Pasig, Metro Manila, Philippines",14.56082,121.0776,Globe,303495,263519,303.50,263.52,5,944,400,484
"Tarlac City, Tarlac, Philippines",15.48808,120.58719,Converge,153022,162595,153.02,162.60,4,944,451,510
"Bacolod, Negros Occidental, Philippines",10.66764,122.94556,PLDT Home Fiber,90089,92569,90.09,92.57,7,937,308,383
"Pasig, Metro Manila, Philippines",14.56082,121.0776,PLDT,90764,91719,90.76,91.72,6,895,483,552
"Cainta, Rizal, Philippines",14.58056,121.11565,PLDT Home Fiber,179314,172657,179.31,172.66,3,892,461,545
"Valenzuela, Metro Manila, Philippines",14.69247,120.96991,Converge,247389,231269,247.39,231.27,4,892,516,602
"Makati City, Metro Manila, Philippines",14.55474,121.02444,PLDT Home Fiber,156474,139643,156.47,139.64,4,890,423,516
"Pasay City, Metro Manila, Philippines",14.53767,121.00081,PLDT,174922,151960,174.92,151.96,6,887,434,510
"San Carlos City, Negros Occidental, Philippines",10.48344,123.30371,PLDT,158007,163813,158.01,163.81,7,881,534,571
"Bacoor, Cavite, Philippines",14.43122,120.96567,PLDT Home Fiber,149023,120401,149.02,120.40,5,880,380,489
"Dasmariñas, Cavite, Philippines",14.33385,120.95423,PLDT Home Fiber,181495,160006,181.50,160.01,4,876,393,460
"Taguig, Metro Manila, Philippines",14.53063,121.05755,PLDT Home Fiber,152184,143459,152.18,143.46,4,864,385,499
"San Fernando, Pampanga, Philippines",15.02781,120.69349,PLDT Home Fiber,157464,106638,157.46,106.64,8,863,375,457
"Pandi, Bulacan, Philippines",14.87572,120.95941,Converge,281333,223781,281.33,223.78,7,844,489,531
"Las Piñas, Metro Manila, Philippines",14.44934,120.98186,PLDT Home Fiber,183788,142848,183.79,142.85,4,840,368,495
"Navotas, Metro Manila, Philippines",14.65819,120.94743,Globe,216502,197182,216.50,197.18,5,832,452,524
"Malabon, Metro Manila, Philippines",14.65793,120.95118,PLDT Home Fiber,106152,111177,106.15,111.18,3,789,374,432
"Bacolod, Negros Occidental, Philippines",10.66764,122.94556,Globe,117311,105804,117.31,105.80,8,784,356,438
"Meycauayan, Bulacan, Philippines",14.73772,120.96077,Converge,133769,104340,133.77,104.34,7,776,359,417
"Valenzuela, Metro Manila, Philippines",14.69247,120.96991,PLDT Home Fiber,164836,160004,164.84,160.00,3,754,343,401
"Mabalacat City, Pampanga, Philippines",15.24525,120.56567,Converge,204654,215873,204.65,215.87,3,743,381,420
"Pasay City, Metro Manila, Philippines",14.53767,121.00081,PLDT Home Fiber,179656,160516,179.66,160.52,4,718,413,463
"Tarlac City, Tarlac, Philippines",15.48808,120.58719,Globe,120116,106738,120.12,106.74,5,717,342,408
"Muntinlupa, Metro Manila, Philippines",14.39453,121.04483,PLDT Home Fiber,173830,147050,173.83,147.05,4,717,338,422
"Calamba, Laguna, Philippines",14.19488,121.15974,PLDT Home Fiber,109001,104748,109.00,104.75,7,706,333,391
"San Juan City, Metro Manila, Philippines",14.60196,121.0355,PLDT,59437,63787,59.44,63.79,15,698,300,335
"Lipa City, Batangas, Philippines",13.94047,121.19395,PLDT Home Fiber,111183,94708,111.18,94.71,7,693,301,365
"Silang, Cavite, Philippines",14.22025,120.96469,PLDT Home Fiber,188925,199574,188.93,199.57,4,685,355,384
"Cabanatuan City, Nueva Ecija, Philippines",15.49943,121.01057,Globe,126205,114845,126.21,114.85,5,668,352,411
"Cagayan De Oro City, Misamis Oriental, Philippines",8.48029,124.64975,Converge,154995,138675,155.00,138.68,10,658,305,367
"Batangas City, Batangas, Philippines",13.75641,121.05833,Globe,121037,106133,121.04,106.13,10,637,330,366
"Malabon, Metro Manila, Philippines",14.65793,120.95118,Converge,220436,205167,220.44,205.17,3,635,298,373
"San Juan City, Metro Manila, Philippines",14.60196,121.0355,PLDT Home Fiber,192850,156424,192.85,156.42,3,634,258,311
"Calamba, Laguna, Philippines",14.19488,121.15974,PLDT,100283,94419,100.28,94.42,9,617,301,350
"Imus, Cavite, Philippines",14.42764,120.93724,PLDT Home Fiber,127412,117357,127.41,117.36,4,615,268,319
"Antipolo, Rizal, Philippines",14.58584,121.17569,Converge,246315,249030,246.32,249.03,3,579,303,349
"Caloocan, Metro Manila, Philippines",14.65136,120.99022,Globe,251351,222455,251.35,222.46,5,575,251,319
"Minglanilla, Cebu, Philippines",10.24543,123.79599,Converge,294407,185412,294.41,185.41,23,565,283,302
"Angeles, Pampanga, Philippines",15.16061,120.60908,Converge,135371,141829,135.37,141.83,3,558,213,289
"Imus, Cavite, Philippines",14.42764,120.93724,Converge,222573,164839,222.57,164.84,6,551,283,323
"Baguio, Benguet, Philippines",16.41297,120.5914,PLDT,93506,94057,93.51,94.06,6,539,242,291
"Iloilo City, Iloilo, Philippines",10.73019,122.55911,Converge,146770,154825,146.77,154.83,10,533,196,266
"Bacoor, Cavite, Philippines",14.43122,120.96567,PLDT,150921,115726,150.92,115.73,8,530,256,318
"General Trias, Cavite, Philippines",14.38159,120.87915,PLDT Home Fiber,149712,106155,149.71,106.16,4,514,215,273
"Bacolod, Negros Occidental, Philippines",10.66764,122.94556,Converge,172869,151282,172.87,151.28,10,496,220,276
"Mandaluyong City, Metro Manila, Philippines",14.57627,121.03924,Converge,167895,154521,167.90,154.52,4,482,228,281
"Naga City, Camarines Sur, Philippines",13.6475,123.27003,Converge,92662,91887,92.66,91.89,14,481,189,254
"Los Baños, Laguna, Philippines",14.17731,121.22161,PLDT Home Fiber,155394,141373,155.39,141.37,11,477,216,238
"Tanauan City, Batangas, Philippines",14.08354,121.14762,PLDT Home Fiber,165393,128644,165.39,128.64,8,469,252,275
"La Trinidad, Benguet, Philippines",16.44844,120.59047,Converge,166795,166665,166.80,166.67,3,464,265,295
"Taytay, Rizal, Philippines",14.55288,121.12571,PLDT Home Fiber,194681,174584,194.68,174.58,4,462,191,235
"Bacolor, Pampanga, Philippines",14.99692,120.65235,PLDT Home Fiber,176399,129877,176.40,129.88,8,449,261,276
"San Simon, Pampanga, Philippines",14.98432,120.75127,Converge,167087,160175,167.09,160.18,5,434,229,288
"Mandaluyong City, Metro Manila, Philippines",14.57627,121.03924,PLDT Home Fiber,196734,195189,196.73,195.19,3,428,149,197
"Malabon, Metro Manila, Philippines",14.65793,120.95118,PLDT,92665,93592,92.67,93.59,5,425,191,220
"Tarlac City, Tarlac, Philippines",15.48808,120.58719,PLDT,74145,87191,74.15,87.19,10,421,182,219
"Kitaotao, Bukidnon, Philippines",7.59444,125.10487,Globe,122315,109410,122.32,109.41,4,412,265,281
"Marikina, Metro Manila, Philippines",14.63493,121.10195,PLDT Home Fiber,183862,188731,183.86,188.73,3,410,164,207
"Marilao, Bulacan, Philippines",14.77237,120.96001,PLDT Home Fiber,145862,96907,145.86,96.91,9,407,159,208
"Iloilo City, Iloilo, Philippines",10.73019,122.55911,PLDT,92289,94156,92.29,94.16,9,405,165,205
"Meycauayan, Bulacan, Philippines",14.73772,120.96077,PLDT Home Fiber,117464,95959,117.46,95.96,11,403,140,183
"Cainta, Rizal, Philippines",14.58056,121.11565,Globe,252135,196875,252.14,196.88,5,399,166,217
"Mandaluyong City, Metro Manila, Philippines",14.57627,121.03924,Globe,279919,220779,279.92,220.78,5,397,170,200
"Caloocan, Metro Manila, Philippines",14.65136,120.99022,Converge,208591,232101,208.59,232.10,4,396,154,228
"Iriga City, Camarines Sur, Philippines",13.42095,123.41361,Converge,93587,94253,93.59,94.25,6,391,229,239
"Caloocan, Metro Manila, Philippines",14.65136,120.99022,PLDT,92894,93682,92.89,93.68,3,390,173,209
"Dasmariñas, Cavite, Philippines",14.33385,120.95423,Converge,253635,230382,253.64,230.38,6,387,201,234
"Danao, Cebu, Philippines",10.52013,124.02712,PLDT Home Fiber,167009,177282,167.01,177.28,6,377,214,224
"Lipa City, Batangas, Philippines",13.94047,121.19395,Converge,181035,159959,181.04,159.96,6,377,155,210
"Magpet, Cotabato, Philippines",7.1332,125.17087,PLDT Home Fiber,161814,121622,161.81,121.62,13,373,207,212
"Rosario, Cavite, Philippines",14.41672,120.85471,Converge,159172,175670,159.17,175.67,5,373,170,198
"Opol, Misamis Oriental, Philippines",8.52263,124.57239,Converge,191436,190669,191.44,190.67,9,373,200,214
"Santa Maria, Bulacan, Philippines",14.82898,120.97616,Converge,203077,187384,203.08,187.38,7,372,197,231
"Makati City, Metro Manila, Philippines",14.55474,121.02444,Converge,208985,194378,208.99,194.38,4,371,140,195
"Subic Bay Freeport Zone, Philippines",14.80319,120.30033,Converge,117508,132137,117.51,132.14,5,366,196,233
"Iloilo City, Iloilo, Philippines",10.73019,122.55911,PLDT Home Fiber,163085,155258,163.09,155.26,8,362,156,183
"San Mateo, Rizal, Philippines",14.69539,121.11767,PLDT Home Fiber,111842,122279,111.84,122.28,3,359,124,161
"Dasmariñas, Cavite, Philippines",14.33385,120.95423,Globe,292171,211629,292.17,211.63,5,358,193,220
"Antipolo, Rizal, Philippines",14.58584,121.17569,PLDT,81831,80958,81.83,80.96,7,355,172,212
"Zamboanga City, Zamboanga del Sur, Philippines",6.90437,122.07612,PLDT Home Fiber,141351,105713,141.35,105.71,11,354,93,132
"General Trias, Cavite, Philippines",14.38159,120.87915,Converge,245442,251174,245.44,251.17,5,349,161,196
"Cainta, Rizal, Philippines",14.58056,121.11565,PLDT,98404,98060,98.40,98.06,5,347,162,183
"SJDM, Bulacan, Philippines",14.82867,121.04324,Converge,164869,173053,164.87,173.05,7,346,125,171
"San Antonio, Nueva Ecija, Philippines",15.31921,120.82692,Globe,314349,288808,314.35,288.81,4,346,218,235
"Olongapo City, Zambales, Philippines",14.88739,120.36661,Converge,135729,160713,135.73,160.71,4,335,168,190
"Tagaytay City, Cavite, Philippines",14.11541,120.96202,Converge,231967,205531,231.97,205.53,6,334,172,217
"SJDM, Bulacan, Philippines",14.82867,121.04324,PLDT,70887,58171,70.89,58.17,9,333,134,166
"Kawit, Cavite, Philippines",14.44588,120.90871,PLDT Home Fiber,108688,97749,108.69,97.75,8,333,104,129
"Bacolod, Negros Occidental, Philippines",10.66764,122.94556,PLDT,82910,78674,82.91,78.67,11,331,139,181
"Parañaque, Metro Manila, Philippines",14.47929,121.01985,Globe,244325,185469,244.33,185.47,5,325,143,182
"Cabanatuan City, Nueva Ecija, Philippines",15.49943,121.01057,PLDT,93568,94188,93.57,94.19,9,322,99,122
"Malitbog, Bukidnon, Philippines",8.5343,124.92861,Converge,184263,160651,184.26,160.65,10,321,202,207
"Tarlac City, Tarlac, Philippines",15.48808,120.58719,PLDT Home Fiber,82887,84720,82.89,84.72,9,315,122,159
"General Santos City (Dadiangas), South Cotabato, Philippines",6.14327,125.19286,PLDT Home Fiber,144660,117330,144.66,117.33,9,314,100,127
"SJDM, Bulacan, Philippines",14.82867,121.04324,PLDT Home Fiber,127019,94762,127.02,94.76,6,297,101,125
"Bustos, Bulacan, Philippines",14.95239,120.91735,PLDT Home Fiber,91405,73914,91.41,73.91,9,297,125,131
"Bago, Negros Occidental, Philippines",10.53757,122.83609,PLDT Home Fiber,165444,153013,165.44,153.01,7,296,179,189
"Manila, Metro Manila, Philippines",14.59951,120.98423,Globe,287087,212721,287.09,212.72,5,294,117,167
"Pandi, Bulacan, Philippines",14.87572,120.95941,PLDT Home Fiber,86049,83236,86.05,83.24,9,293,130,140
"San Pablo City, Laguna, Philippines",14.06422,121.32326,PLDT Home Fiber,154744,124137,154.74,124.14,6,293,140,176
"Muntinlupa, Metro Manila, Philippines",14.39453,121.04483,Converge,155517,154942,155.52,154.94,5,289,137,172
"City of Santa Rosa, Laguna, Philippines",14.31471,121.11232,PLDT,136946,146564,136.95,146.56,7,287,105,133
"Binangonan, Rizal, Philippines",14.48441,121.1869,PLDT,182662,182697,182.66,182.70,3,283,170,189
"Murcia, Negros Occidental, Philippines",10.60643,123.03944,Globe,113405,106643,113.41,106.64,5,278,175,184
"Taytay, Rizal, Philippines",14.55288,121.12571,PLDT,93435,93743,93.44,93.74,8,278,146,166
"Itogon, Benguet, Philippines",16.36116,120.6787,PLDT Home Fiber,120919,106511,120.92,106.51,6,274,162,174
"La Carlota City, Negros Occidental, Philippines",10.41437,122.97757,Converge,226095,205190,226.10,205.19,11,273,160,179
"Tanauan City, Batangas, Philippines",14.08354,121.14762,PLDT,156784,143485,156.78,143.49,7,270,162,181
"Tanza, Cavite, Philippines",14.34293,120.85032,Converge,228779,225623,228.78,225.62,6,268,149,166
"Kawit, Cavite, Philippines",14.44588,120.90871,Globe,123165,128571,123.17,128.57,6,268,133,152
"Magpet, Cotabato, Philippines",7.1332,125.17087,PLDT,146591,98145,146.59,98.15,13,261,136,138
"Las Piñas, Metro Manila, Philippines",14.44934,120.98186,Converge,228201,243964,228.20,243.96,4,261,80,125
"Marilao, Bulacan, Philippines",14.77237,120.96001,Converge,155440,153953,155.44,153.95,7,259,74,123
"Las Piñas, Metro Manila, Philippines",14.44934,120.98186,PLDT,84326,95687,84.33,95.69,7,259,120,151
"Magalang, Pampanga, Philippines",15.21394,120.66181,Converge,190975,207078,190.98,207.08,3,257,148,166
"San Pedro, Laguna, Philippines",14.36443,121.06192,PLDT,106510,97563,106.51,97.56,7,255,115,143
"Antipolo, Rizal, Philippines",14.58584,121.17569,Globe,152090,169236,152.09,169.24,5,255,90,133
"Moises Padilla, Negros Occidental, Philippines",10.26269,123.11266,PLDT Home Fiber,152432,148386,152.43,148.39,7,248,136,146
"Marikina, Metro Manila, Philippines",14.63493,121.10195,Globe,210844,194752,210.84,194.75,5,247,100,124
"Taytay, Rizal, Philippines",14.55288,121.12571,Converge,254527,249025,254.53,249.03,3,247,135,158
"Bago, Negros Occidental, Philippines",10.53757,122.83609,Converge,150348,142389,150.35,142.39,11,243,133,139
"Angeles, Pampanga, Philippines",15.16061,120.60908,PLDT,93034,94641,93.03,94.64,11,240,79,119
"Bocaue, Bulacan, Philippines",14.7943,120.93073,PLDT Home Fiber,94008,88931,94.01,88.93,8,238,96,135
"Biñan, Laguna, Philippines",14.31456,121.08316,PLDT Home Fiber,108799,100458,108.80,100.46,7,238,119,139
"Canlaon City, Negros Oriental, Philippines",10.36048,123.19137,PLDT Home Fiber,101446,146269,101.45,146.27,6,237,126,133
"Lucena City, Quezon, Philippines",13.94139,121.62345,PLDT Home Fiber,114685,131448,114.69,131.45,6,234,83,107
"San Carlos City, Negros Occidental, Philippines",10.48344,123.30371,PLDT Home Fiber,167870,161746,167.87,161.75,6,234,136,140
"Butuan City, Agusan del Norte, Philippines",8.94753,125.54063,Globe,117710,51508,117.71,51.51,12,232,113,129
"Valenzuela, Metro Manila, Philippines",14.69247,120.96991,PLDT,77595,85261,77.60,85.26,9,231,122,148
"Navotas, Metro Manila, Philippines",14.65819,120.94743,PLDT Home Fiber,205432,176316,205.43,176.32,5,229,99,115
"Urdaneta City, Pangasinan, Philippines",15.98194,120.59698,Converge,99497,106590,99.50,106.59,5,225,87,113
"Kibungan, Benguet, Philippines",16.68162,120.68901,PLDT Home Fiber,152112,129504,152.11,129.50,4,224,74,75
"Bacoor, Cavite, Philippines",14.43122,120.96567,Converge,209675,167016,209.68,167.02,6,222,98,127
"City of Santa Rosa, Laguna, Philippines",14.31471,121.11232,PLDT Home Fiber,110587,111153,110.59,111.15,7,222,94,122
"Cabuyao City, Laguna, Philippines",14.27433,121.11961,PLDT,94550,85802,94.55,85.80,10,219,84,97
"Bulakan, Bulacan, Philippines",14.79484,120.87889,PLDT Home Fiber,193073,94980,193.07,94.98,6,219,89,102
"Santa Maria, Bulacan, Philippines",14.82898,120.97616,PLDT Home Fiber,175710,143642,175.71,143.64,7,218,104,132
"San Pedro, Laguna, Philippines",14.36443,121.06192,PLDT Home Fiber,152065,128082,152.07,128.08,6,214,77,111
"Nasugbu, Batangas, Philippines",14.09404,120.68901,Globe,133125,119502,133.13,119.50,7,213,103,126
"Baguio, Benguet, Philippines",16.41297,120.5914,Converge,118655,108639,118.66,108.64,4,213,108,145
"Angeles, Pampanga, Philippines",15.16061,120.60908,PLDT Home Fiber,197833,153499,197.83,153.50,6,213,86,113
"Carmen, Cebu, Philippines",10.58876,123.96385,PLDT Home Fiber,194907,173262,194.91,173.26,5,212,124,131
"Batangas City, Batangas, Philippines",13.75641,121.05833,PLDT Home Fiber,114158,101268,114.16,101.27,6,212,81,104
"Itogon, Benguet, Philippines",16.36116,120.6787,PLDT,104141,114598,104.14,114.60,5,209,116,122
"Legazpi City, Albay, Philippines",13.11288,123.76295,Converge,92907,94098,92.91,94.10,4,207,69,91
"Malolos, Bulacan, Philippines",14.86049,120.80916,PLDT Home Fiber,118600,97034,118.60,97.03,7,204,108,136
"Balamban, Cebu, Philippines",10.48585,123.77412,Globe,121096,105162,121.10,105.16,7,201,134,141
"Lipa City, Batangas, Philippines",13.94047,121.19395,PLDT,163570,134268,163.57,134.27,6,199,81,107
"Dagupan City, Pangasinan, Philippines",16.03375,120.33202,Converge,94545,94832,94.55,94.83,6,198,80,106
"Arayat, Pampanga, Philippines",15.15443,120.771,Globe,186164,185868,186.16,185.87,6,198,108,114
"Kawit, Cavite, Philippines",14.44588,120.90871,PLDT,98394,100669,98.39,100.67,11,196,89,101
"Digos, Davao del Sur, Philippines",6.74347,125.35515,PLDT Home Fiber,110683,104069,110.68,104.07,13,191,106,111
"San Ildefonso, Bulacan, Philippines",15.07717,120.94171,PLDT,99223,95484,99.22,95.48,6,189,72,79
"Silay, Negros Occidental, Philippines",10.79968,122.97605,PLDT,61013,64535,61.01,64.54,19,188,75,98
"New Lucena, Iloilo, Philippines",10.87841,122.59781,Converge,199133,202555,199.13,202.56,9,187,109,117
"Concepcion, Tarlac, Philippines",15.324,120.65596,PLDT Home Fiber,95061,96068,95.06,96.07,10,186,77,90
"Kidapawan, Cotabato, Philippines",7.02127,125.09019,Globe,87324,106635,87.32,106.64,5,184,103,111
"La Paz, Tarlac, Philippines",15.4497,120.7235,Globe,62174,55632,62.17,55.63,5,184,124,134
"Mandaluyong City, Metro Manila, Philippines",14.57627,121.03924,PLDT,84817,70452,84.82,70.45,6,182,66,90
"San Nicolas, Pangasinan, Philippines",16.12066,120.78097,PLDT,177528,161266,177.53,161.27,5,181,98,104
"Carmona, Cavite, Philippines",14.3135,121.05712,PLDT,205459,229632,205.46,229.63,7,179,43,58
"Cadiz City, Negros Occidental, Philippines",10.86192,123.23632,PLDT Home Fiber,154019,150410,154.02,150.41,7,179,83,92
"La Castellana, Negros Occidental, Philippines",10.33198,123.10141,PLDT Home Fiber,184751,167667,184.75,167.67,7,175,90,93
"Lapu-Lapu, Cebu, Philippines",10.31838,123.96395,Converge,139550,151911,139.55,151.91,3,175,54,78
"Lapu-Lapu, Cebu, Philippines",10.31838,123.96395,Globe,189051,171256,189.05,171.26,5,173,68,88
"Cabuyao City, Laguna, Philippines",14.27433,121.11961,PLDT Home Fiber,151277,185647,151.28,185.65,7,172,46,60
"Calasiao, Pangasinan, Philippines",16.00949,120.35759,Converge,106495,133252,106.50,133.25,5,171,110,114
"Koronadal, South Cotabato, Philippines",6.50044,124.84333,PLDT Home Fiber,92339,93208,92.34,93.21,12,170,72,95
"Zamboanga City, Zamboanga del Sur, Philippines",6.90437,122.07612,Globe,136271,68272,136.27,68.27,14,169,56,72
"Talakag, Bukidnon, Philippines",8.05293,124.72988,PLDT Home Fiber,103242,100909,103.24,100.91,5,168,107,107
"Binangonan, Rizal, Philippines",14.48441,121.1869,PLDT Home Fiber,162871,158121,162.87,158.12,4,167,76,90
"Santo Tomas, Batangas, Philippines",14.08754,121.17764,PLDT Home Fiber,193080,200871,193.08,200.87,11,164,64,84
"Rodriguez, Rizal, Philippines",14.73202,121.14516,PLDT Home Fiber,181318,239712,181.32,239.71,3,160,59,79
"Butuan City, Agusan del Norte, Philippines",8.94753,125.54063,PLDT Home Fiber,88638,89789,88.64,89.79,7,160,64,84
"Mexico, Pampanga, Philippines",15.06457,120.72033,PLDT Home Fiber,162540,162294,162.54,162.29,8,159,76,90
"Santo Domingo, Nueva Ecija, Philippines",15.61284,120.88434,Globe,111348,93783,111.35,93.78,6,155,85,106
"Mandaue, Cebu, Philippines",10.3279,123.94273,Globe,239368,179883,239.37,179.88,5,153,58,71
"Valenzuela, Metro Manila, Philippines",14.69247,120.96991,Globe,304688,254053,304.69,254.05,4,152,66,89
"Plaridel, Bulacan, Philippines",14.88591,120.85932,PLDT Home Fiber,94096,90734,94.10,90.73,6,150,46,57
"Pasay City, Metro Manila, Philippines",14.53767,121.00081,Converge,189657,146780,189.66,146.78,4,148,63,97
"Sariaya, Quezon, Philippines",13.96301,121.52388,PLDT Home Fiber,160947,114435,160.95,114.44,4,145,73,79
"Marikina, Metro Manila, Philippines",14.63493,121.10195,PLDT,83570,87396,83.57,87.40,10,145,60,70
"President Roxas, Cotabato, Philippines",7.37928,125.06084,PLDT Home Fiber,197467,168378,197.47,168.38,13,144,77,80
"General Trias, Cavite, Philippines",14.38159,120.87915,Globe,145585,126491,145.59,126.49,6,142,62,75
"San Nicolas, Pangasinan, Philippines",16.12066,120.78097,PLDT Home Fiber,140014,111627,140.01,111.63,6,142,84,90
"Atok, Benguet, Philippines",16.59745,120.68901,PLDT Home Fiber,148332,113627,148.33,113.63,8,140,70,74
"Rodriguez, Rizal, Philippines",14.73202,121.14516,Converge,118678,166350,118.68,166.35,4,140,34,49
"Lucena City, Quezon, Philippines",13.94139,121.62345,Converge,172879,145230,172.88,145.23,8,139,49,63
"Roxas City, Capiz, Philippines",11.55288,122.74072,PLDT Home Fiber,92207,92439,92.21,92.44,9,138,24,41
"Consolacion, Cebu, Philippines",10.37581,123.95694,Globe,104642,105768,104.64,105.77,5,135,89,97
"Arayat, Pampanga, Philippines",15.15443,120.771,Converge,32504,59925,32.50,59.93,13,134,43,49
"Naga City, Camarines Sur, Philippines",13.6475,123.27003,PLDT Home Fiber,156693,63939,156.69,63.94,13,134,51,69
"Sablan, Benguet, Philippines",16.49609,120.48794,Converge,99529,114726,99.53,114.73,3,133,70,90
"Kayapa, Nueva Vizcaya, Philippines",16.49326,120.94174,PLDT Home Fiber,94390,94665,94.39,94.67,7,133,43,46
"Salvador Benedicto, Negros Occidental, Philippines",10.5887,123.23632,PLDT Home Fiber,178160,153084,178.16,153.08,7,132,69,74
"Arayat, Pampanga, Philippines",15.15443,120.771,PLDT Home Fiber,93721,94210,93.72,94.21,10,132,67,75
"Orani, Bataan, Philippines",14.80086,120.53616,Converge,93689,95117,93.69,95.12,5,132,48,58
"Asturias, Cebu, Philippines",10.60209,123.77412,Globe,70877,61175,70.88,61.18,6,131,67,70
"Batangas City, Batangas, Philippines",13.75641,121.05833,PLDT,149415,114477,149.42,114.48,7,131,62,72
"Murcia, Negros Occidental, Philippines",10.60643,123.03944,PLDT Home Fiber,118542,130547,118.54,130.55,7,131,60,69
"Angono, Rizal, Philippines",14.52592,121.15321,PLDT Home Fiber,219406,173847,219.41,173.85,3,130,31,34
"Cabiao, Nueva Ecija, Philippines",15.25221,120.85957,PLDT Home Fiber,107807,94557,107.81,94.56,8,130,70,75
"Angono, Rizal, Philippines",14.52592,121.15321,PLDT,100100,110512,100.10,110.51,4,129,61,65
"Matalam, Cotabato, Philippines",7.17236,124.92861,PLDT,196503,183004,196.50,183.00,12,129,80,86
"Las Piñas, Metro Manila, Philippines",14.44934,120.98186,Globe,266036,223129,266.04,223.13,5,129,50,62
"Amulung, Cagayan, Philippines",17.83589,121.7233,Converge,216716,243375,216.72,243.38,16,129,3,4
"Cabanatuan City, Nueva Ecija, Philippines",15.49943,121.01057,PLDT Home Fiber,94185,93641,94.19,93.64,10,129,68,81
"Baguio, Benguet, Philippines",16.41297,120.5914,Globe,117665,106394,117.67,106.39,6,128,38,55
"Kidapawan, Cotabato, Philippines",7.02127,125.09019,PLDT Home Fiber,92620,85309,92.62,85.31,12,128,65,77
"La Trinidad, Benguet, Philippines",16.44844,120.59047,PLDT Home Fiber,125907,126384,125.91,126.38,9,128,66,84
"Baliwag, Bulacan, Philippines",14.96569,120.89431,PLDT Home Fiber,121878,96442,121.88,96.44,6,128,45,58
"Cainta, Rizal, Philippines",14.58056,121.11565,Converge,245630,235846,245.63,235.85,3,127,52,68
"Binangonan, Rizal, Philippines",14.48441,121.1869,Converge,262252,261014,262.25,261.01,3,127,77,81
"Cagayan De Oro City, Misamis Oriental, Philippines",8.48029,124.64975,PLDT,70571,59828,70.57,59.83,19,127,49,65
"Candelaria, Quezon, Philippines",13.94899,121.42276,PLDT Home Fiber,99946,94456,99.95,94.46,7,126,63,69
"Mandaue, Cebu, Philippines",10.3279,123.94273,PLDT Home Fiber,194903,182987,194.90,182.99,4,126,51,69
"Danao, Cebu, Philippines",10.52013,124.02712,Globe,64171,61584,64.17,61.58,7,125,76,81
"General Santos City (Dadiangas), South Cotabato, Philippines",6.14327,125.19286,Globe,123549,59756,123.55,59.76,9,125,47,56
"Pitogo, Quezon, Philippines",13.80951,122.10647,Converge,154797,179013,154.80,179.01,8,125,69,74
"Candaba, Pampanga, Philippines",15.09289,120.8277,PLDT Home Fiber,93704,94424,93.70,94.42,8,124,55,57
"Makilala, Cotabato, Philippines",6.92343,125.08286,Globe,88224,109053,88.22,109.05,4,123,89,95
"Pili, Camarines Sur, Philippines",13.55521,123.28126,Globe,194505,183854,194.51,183.85,11,123,6,6
"Talisay, Cebu, Philippines",10.25859,123.82413,PLDT Home Fiber,188619,254565,188.62,254.57,4,121,34,44
"Sagay City, Negros Occidental, Philippines",10.84555,123.37106,Globe,335262,234744,335.26,234.74,11,120,47,53
"Lapu-Lapu, Cebu, Philippines",10.31838,123.96395,PLDT Home Fiber,159804,134428,159.80,134.43,4,119,51,62
"Bacoor, Cavite, Philippines",14.43122,120.96567,Globe,158856,116515,158.86,116.52,5,118,59,73
"Agoncillo, Batangas, Philippines",13.94675,120.93026,Converge,343127,259930,343.13,259.93,7,118,70,74
"Bokod, Benguet, Philippines",16.45641,120.78097,PLDT Home Fiber,93432,95893,93.43,95.89,6,117,72,77
"Muntinlupa, Metro Manila, Philippines",14.39453,121.04483,Globe,277157,310233,277.16,310.23,5,117,35,49
"Surallah, South Cotabato, Philippines",6.3195,124.75198,PLDT Home Fiber,44583,46554,44.58,46.55,12,115,36,57
"San Antonio, Nueva Ecija, Philippines",15.31921,120.82692,PLDT Home Fiber,81756,87393,81.76,87.39,10,115,44,48
"Tanza, Cavite, Philippines",14.34293,120.85032,PLDT Home Fiber,158694,154929,158.69,154.93,5,115,44,66
"Midsayap, Cotabato, Philippines",7.19181,124.53474,PLDT,30989,75867,30.99,75.87,39,114,30,35
"San Rafael, Bulacan, Philippines",15.00184,120.93141,PLDT,185829,103368,185.83,103.37,5,114,44,48
"Bago, Negros Occidental, Philippines",10.53757,122.83609,PLDT,100997,143654,101.00,143.65,6,113,63,76
"Kiamba, Sarangani, Philippines",6.00076,124.70777,PLDT,24982,26735,24.98,26.74,12,113,16,19
"Naic, Cavite, Philippines",14.29649,120.79246,PLDT,107604,94224,107.60,94.22,9,111,51,62
"Santa Maria, Bulacan, Philippines",14.82898,120.97616,Globe,213107,235864,213.11,235.86,8,110,35,42
"Polangui, Albay, Philippines",13.29368,123.48542,Converge,151643,132200,151.64,132.20,15,110,70,77
"Subic, Zambales, Philippines",14.83066,120.18202,Converge,100957,119493,100.96,119.49,5,109,48,53
"Bago, Negros Occidental, Philippines",10.53757,122.83609,Globe,180711,134056,180.71,134.06,4,109,65,68
"Guiguinto, Bulacan, Philippines",14.82832,120.88429,PLDT Home Fiber,130515,93949,130.52,93.95,7,109,44,58
"Balagtas, Bulacan, Philippines",14.81784,120.90646,PLDT Home Fiber,99838,94542,99.84,94.54,8,109,45,64
"Subic Bay Freeport Zone, Philippines",14.80319,120.30033,PLDT,87043,92309,87.04,92.31,13,108,51,60
"Sagay City, Negros Occidental, Philippines",10.84555,123.37106,PLDT Home Fiber,94206,94442,94.21,94.44,9,108,47,52
"Santa Barbara, Pangasinan, Philippines",15.9774,120.42424,Converge,147525,134835,147.53,134.84,5,106,79,86
"Magalang, Pampanga, Philippines",15.21394,120.66181,PLDT,88070,74942,88.07,74.94,11,106,41,58
"Mataas Na Kahoy, Batangas, Philippines",13.97995,121.09656,PLDT Home Fiber,78778,93555,78.78,93.56,6,105,16,22
"Mandaue, Cebu, Philippines",10.3279,123.94273,Converge,204852,163190,204.85,163.19,2,104,36,65
"Lipa City, Batangas, Philippines",13.94047,121.19395,Globe,151248,158833,151.25,158.83,7,104,57,66
"Talisay, Cebu, Philippines",10.25859,123.82413,PLDT,119285,94680,119.29,94.68,3,104,45,59
"Valencia City, Bukidnon, Philippines",7.86319,125.17087,PLDT Home Fiber,161925,146145,161.93,146.15,5,104,45,55
"Minglanilla, Cebu, Philippines",10.24543,123.79599,PLDT,93076,110599,93.08,110.60,3,103,30,44
"Malolos, Bulacan, Philippines",14.86049,120.80916,PLDT,104785,90959,104.79,90.96,8,103,47,58
"Canaman, Camarines Sur, Philippines",13.64758,123.13515,PLDT,53050,52010,53.05,52.01,27,103,8,9
"Pandi, Bulacan, Philippines",14.87572,120.95941,PLDT,157068,175016,157.07,175.02,6,102,49,58
"Bayombong, Nueva Vizcaya, Philippines",16.48042,121.14813,Converge,101517,112028,101.52,112.03,9,102,51,62
"SJDM, Bulacan, Philippines",14.82867,121.04324,Globe,217286,230674,217.29,230.67,7,101,35,38
"Cabiao, Nueva Ecija, Philippines",15.25221,120.85957,Globe,158019,106299,158.02,106.30,8,101,30,36
"General Santos City (Dadiangas), South Cotabato, Philippines",6.14327,125.19286,PLDT,77658,85818,77.66,85.82,9,101,36,55
"San Fernando, Pampanga, Philippines",15.02781,120.69349,PLDT,91897,92619,91.90,92.62,11,100,47,54
"Rodriguez, Rizal, Philippines",14.73202,121.14516,PLDT,88271,64800,88.27,64.80,15,100,46,51
"Burgos, La Union, Philippines",16.53803,120.47033,Converge,206703,211660,206.70,211.66,4,100,56,59
"Mambusao, Capiz, Philippines",11.44257,122.59383,Converge,120652,138640,120.65,138.64,11,99,63,66
"Candaba, Pampanga, Philippines",15.09289,120.8277,PLDT,54879,55195,54.88,55.20,12,98,44,47
"San Quintin, Pangasinan, Philippines",15.9754,120.83841,Globe,61922,53772,61.92,53.77,6,98,61,65
"Calumpit, Bulacan, Philippines",14.91518,120.7662,PLDT Home Fiber,92931,94600,92.93,94.60,9,98,43,51
"Naga City, Camarines Sur, Philippines",13.6475,123.27003,PLDT,81455,63110,81.46,63.11,12,97,41,55
"Murcia, Negros Occidental, Philippines",10.60643,123.03944,PLDT,303870,390852,303.87,390.85,5,97,31,32
"Dipolog City, Zamboanga del Norte, Philippines",8.58717,123.34035,PLDT Home Fiber,82052,92569,82.05,92.57,9,96,28,42
"Biñan, Laguna, Philippines",14.31456,121.08316,Converge,119505,123812,119.51,123.81,6,96,28,43
"Malolos, Bulacan, Philippines",14.86049,120.80916,Converge,123666,126998,123.67,127.00,7,95,38,51
"Tagum, Davao del Norte, Philippines",7.44742,125.80246,PLDT Home Fiber,155027,123293,155.03,123.29,9,95,42,54
"Consolacion, Cebu, Philippines",10.37581,123.95694,PLDT,92453,57479,92.45,57.48,5,95,13,17
"Malaybalay City, Bukidnon, Philippines",8.15775,125.17087,PLDT Home Fiber,95397,62263,95.40,62.26,11,94,35,46
"Talisay, Cebu, Philippines",10.25859,123.82413,Globe,117654,117324,117.65,117.32,9,94,41,53
"San Francisco, Cebu, Philippines",10.64719,124.35324,PLDT,77192,81096,77.19,81.10,4,93,20,31
"Trento, Agusan del Sur, Philippines",8.05257,126.21969,PLDT Home Fiber,72223,83022,72.22,83.02,14,91,44,47
"Naic, Cavite, Philippines",14.29649,120.79246,PLDT Home Fiber,109010,114973,109.01,114.97,8,90,26,36
"Lapu-Lapu, Cebu, Philippines",10.31838,123.96395,PLDT,161279,180078,161.28,180.08,3,90,42,60
"Dumaguete City, Negros Oriental, Philippines",9.29841,123.29249,Globe,172778,196716,172.78,196.72,11,90,20,34
"Taytay, Rizal, Philippines",14.55288,121.12571,Globe,269724,209705,269.72,209.71,5,90,38,60
"Minalin, Pampanga, Philippines",14.97052,120.68518,Converge,75143,90454,75.14,90.45,4,90,2,2
"Kapangan, Benguet, Philippines",16.61238,120.59698,PLDT Home Fiber,111707,103554,111.71,103.55,5,90,37,41
"Cardona, Rizal, Philippines",14.48493,121.232,PLDT,185741,189017,185.74,189.02,3,89,61,69
"M'lang, Cotabato, Philippines",6.93822,124.90655,PLDT Home Fiber,86944,88365,86.94,88.37,13,89,39,41
"Pulilan, Bulacan, Philippines",14.90243,120.8459,PLDT Home Fiber,112929,112934,112.93,112.93,5,88,44,52
"Oton, Iloilo, Philippines",10.69251,122.47868,PLDT Home Fiber,58827,106959,58.83,106.96,7,88,14,19
"General Trias, Cavite, Philippines",14.38159,120.87915,PLDT,186591,61330,186.59,61.33,9,88,40,52
"Tanjay City, Negros Oriental, Philippines",9.49579,122.9663,PLDT Home Fiber,151513,162004,151.51,162.00,11,87,41,50
"Marilao, Bulacan, Philippines",14.77237,120.96001,PLDT,53899,47084,53.90,47.08,11,87,46,55
"Meycauayan, Bulacan, Philippines",14.73772,120.96077,Globe,175122,133786,175.12,133.79,8,87,36,49
"Imus, Cavite, Philippines",14.42764,120.93724,PLDT,169469,140637,169.47,140.64,9,86,47,61
"Calauan, Laguna, Philippines",14.14551,121.3146,PLDT Home Fiber,159877,148647,159.88,148.65,9,86,41,45
"Navotas, Metro Manila, Philippines",14.65819,120.94743,PLDT,93823,94418,93.82,94.42,10,85,37,48
"Banate, Iloilo, Philippines",11.06503,122.77459,PLDT,64730,56111,64.73,56.11,19,85,30,32
"General Santos City (Dadiangas), South Cotabato, Philippines",6.14327,125.19286,Converge,161582,159137,161.58,159.14,5,84,31,39
"San Miguel, Bulacan, Philippines",15.14158,120.9751,PLDT Home Fiber,110158,100492,110.16,100.49,8,82,30,38
"Tuguegarao City, Cagayan, Philippines",17.60306,121.75374,PLDT,127327,98115,127.33,98.12,12,82,33,45
"Rosario, Cavite, Philippines",14.41672,120.85471,PLDT,117209,109241,117.21,109.24,8,81,33,44
"San Carlos City, Negros Occidental, Philippines",10.48344,123.30371,Converge,39500,44931,39.50,44.93,13,80,11,16
"Pili, Camarines Sur, Philippines",13.55521,123.28126,PLDT,21451,46956,21.45,46.96,15,80,17,22
"San Miguel, Bulacan, Philippines",15.14158,120.9751,Converge,105590,89374,105.59,89.37,3,80,13,18
"Concepcion, Tarlac, Philippines",15.324,120.65596,PLDT,64552,62169,64.55,62.17,9,80,26,38
"City of Santa Rosa, Laguna, Philippines",14.31471,121.11232,Converge,191514,221755,191.51,221.76,6,79,23,42
"San Mateo, Rizal, Philippines",14.69539,121.11767,Converge,138432,114912,138.43,114.91,4,79,43,51
"Manolo Fortich, Bukidnon, Philippines",8.39002,124.88449,PLDT Home Fiber,191100,96591,191.10,96.59,8,78,38,42
"Vigan City, Ilocos Sur, Philippines",17.56485,120.38781,PLDT,131544,120326,131.54,120.33,11,78,13,16
"Barotac Viejo, Iloilo, Philippines",11.10187,122.87613,PLDT,37386,52095,37.39,52.10,12,78,13,18
"Iligan City, Lanao del Norte, Philippines",8.22707,124.46418,Globe,119409,54402,119.41,54.40,8,78,21,31
"Naga City, Camarines Sur, Philippines",13.6475,123.27003,Globe,116022,112538,116.02,112.54,12,77,32,41
"Santa Cruz, Laguna, Philippines",14.26911,121.41133,PLDT,83774,178991,83.77,178.99,7,77,19,24
"Padre Burgos, Southern Leyte, Philippines",10.07868,125.00577,SpaceX Starlink,13327,9623,13.33,9.62,39,77,1,1
"City of Lamitan, Basilan, Philippines",6.66152,122.10647,SpaceX Starlink,29869,10991,29.87,10.99,34,77,13,22
"Talavera, Nueva Ecija, Philippines",15.58575,120.9197,Converge,211802,174908,211.80,174.91,5,77,52,54
"Ormoc City, Leyte, Philippines",11.03843,124.61927,Globe,95261,73698,95.26,73.70,17,76,22,29
"Diadi, Nueva Vizcaya, Philippines",16.6595,121.33129,Converge,120403,156145,120.40,156.15,8,76,49,49
"Magalang, Pampanga, Philippines",15.21394,120.66181,PLDT Home Fiber,93667,94543,93.67,94.54,10,76,42,46
"San Pedro, Laguna, Philippines",14.36443,121.06192,Converge,207244,244214,207.24,244.21,6,75,29,48
"Daet, Camarines Norte, Philippines",14.10303,122.9325,Converge,113649,99085,113.65,99.09,5,75,16,23
"Marilao, Bulacan, Philippines",14.77237,120.96001,Globe,182412,176301,182.41,176.30,8,74,30,39
"Echague, Isabela, Philippines",16.66606,121.78792,PLDT,29728,25981,29.73,25.98,29,74,18,21
"Cotabato City, Maguindanao del Norte, Philippines",7.20467,124.23104,PLDT Home Fiber,90652,91866,90.65,91.87,13,74,25,33
"Pagadian City, Zamboanga del Sur, Philippines",7.86265,123.37106,Globe,115328,45054,115.33,45.05,7,74,21,30
"Mabalacat City, Pampanga, Philippines",15.24525,120.56567,PLDT Home Fiber,90501,101623,90.50,101.62,6,74,23,38
"City of Tayabas, Quezon, Philippines",14.01135,121.55983,PLDT Home Fiber,159677,196105,159.68,196.11,6,74,38,43
"Zamboanga City, Zamboanga del Sur, Philippines",6.90437,122.07612,Converge,167298,184905,167.30,184.91,14,73,26,33
"Cotabato City, Maguindanao del Norte, Philippines",7.20467,124.23104,PLDT,79438,63508,79.44,63.51,14,73,20,38
"Canlaon City, Negros Oriental, Philippines",10.36048,123.19137,PLDT,151905,125297,151.91,125.30,5,73,33,36
"Toledo, Cebu, Philippines",10.38705,123.65017,Globe,132539,105348,132.54,105.35,11,72,44,45
"Panglao, Bohol, Philippines",9.56947,123.78721,Converge,110033,97564,110.03,97.56,31,72,13,17
"Kidapawan, Cotabato, Philippines",7.02127,125.09019,PLDT,90324,85154,90.32,85.15,13,72,40,45
"Dagupan City, Pangasinan, Philippines",16.03375,120.33202,PLDT Home Fiber,145143,166591,145.14,166.59,6,72,28,37
"Trento, Agusan del Sur, Philippines",8.05257,126.21969,PLDT,27859,30717,27.86,30.72,24,71,27,34
"Jaen, Nueva Ecija, Philippines",15.39558,120.87286,PLDT Home Fiber,78448,93967,78.45,93.97,7,71,34,39
"Capas, Tarlac, Philippines",15.34633,120.59344,PLDT Home Fiber,93734,94287,93.73,94.29,8,70,28,42
"Puerto Princesa City, Palawan, Philippines",9.78563,118.62648,PLDT Home Fiber,89288,89278,89.29,89.28,18,70,27,34
"Baliwag, Bulacan, Philippines",14.96569,120.89431,PLDT,103794,94198,103.79,94.20,8,70,23,38
"El Nido, Palawan, Philippines",11.19892,119.42317,SpaceX Starlink,49644,15115,49.64,15.12,29,69,14,18
"Alicia, Isabela, Philippines",16.80691,121.69674,PLDT Home Fiber,98212,63705,98.21,63.71,11,69,15,15
"Danao, Cebu, Philippines",10.52013,124.02712,PLDT,98498,96445,98.50,96.45,8,69,16,29
"City of Borongan, Eastern Samar, Philippines",11.61739,125.34663,Globe,116419,110473,116.42,110.47,26,69,14,19
"Tublay, Benguet, Philippines",16.52924,120.62073,PLDT Home Fiber,94929,102283,94.93,102.28,7,69,41,46
"Bustos, Bulacan, Philippines",14.95239,120.91735,PLDT,238434,225464,238.43,225.46,6,68,42,48
"Nagcarlan, Laguna, Philippines",14.14903,121.38847,PLDT Home Fiber,112125,186820,112.13,186.82,7,68,25,28
"San Nicolas, Ilocos Norte, Philippines",18.14708,120.58547,Converge,166046,263672,166.05,263.67,10,68,23,25
"Tacloban City, Leyte, Philippines",11.22238,124.99221,PLDT,90583,94426,90.58,94.43,6,68,34,43
"Malaybalay City, Bukidnon, Philippines",8.15775,125.17087,PLDT,89409,92944,89.41,92.94,11,68,22,24
"Mandaue, Cebu, Philippines",10.3279,123.94273,PLDT,85021,87827,85.02,87.83,4,68,25,37
"Sagay City, Negros Occidental, Philippines",10.84555,123.37106,PLDT,35014,36439,35.01,36.44,25,68,13,18
"Candaba, Pampanga, Philippines",15.09289,120.8277,Globe,284900,249407,284.90,249.41,8,67,34,34
"Angeles, Pampanga, Philippines",15.16061,120.60908,Globe,209386,228983,209.39,228.98,4,67,25,37
"Dumaguete City, Negros Oriental, Philippines",9.29841,123.29249,PLDT Home Fiber,158129,118870,158.13,118.87,4,67,17,26
"Silang, Cavite, Philippines",14.22025,120.96469,PLDT,115650,123508,115.65,123.51,10,66,32,40
"Lucena City, Quezon, Philippines",13.94139,121.62345,PLDT,94348,105774,94.35,105.77,4,66,26,46
"Talisay, Negros Occidental, Philippines",10.74828,122.98012,PLDT,37798,46381,37.80,46.38,9,66,11,17
"Calatrava, Negros Occidental, Philippines",10.62843,123.39349,PLDT Home Fiber,34963,39575,34.96,39.58,9,66,21,23
"Ormoc City, Leyte, Philippines",11.03843,124.61927,PLDT,18673,22665,18.67,22.67,18,66,10,19
"City of Tacurong, Sultan Kudarat, Philippines",6.6866,124.66353,PLDT Home Fiber,267806,185431,267.81,185.43,10,66,17,26
"San Marcelino, Zambales, Philippines",15.02605,120.27435,Converge,94848,155194,94.85,155.19,5,66,31,34
"Old Kaabakan, Cotabato, Philippines",7.22147,124.85635,PLDT,160561,88340,160.56,88.34,12,65,34,36
"Nasugbu, Batangas, Philippines",14.09404,120.68901,PLDT Home Fiber,198572,197236,198.57,197.24,8,65,26,33
"Gandara, Samar, Philippines",12.06444,124.79617,PLDT Home Fiber,231972,302562,231.97,302.56,25,65,9,14
"Tagum, Davao del Norte, Philippines",7.44742,125.80246,Globe,132826,120755,132.83,120.76,5,65,21,31
"City of Guihulngan, Negros Oriental, Philippines",10.18323,123.21385,PLDT Home Fiber,93000,99138,93.00,99.14,7,65,40,42
"Plaridel, Bulacan, Philippines",14.88591,120.85932,PLDT,88520,90053,88.52,90.05,5,64,20,30
"Tagbilaran City, Bohol, Philippines",9.6534,123.86703,PLDT Home Fiber,63738,93052,63.74,93.05,7,64,25,41
"Opol, Misamis Oriental, Philippines",8.52263,124.57239,SpaceX Starlink,54060,15059,54.06,15.06,42,64,1,1
"Rosario, Batangas, Philippines",13.80433,121.28552,PLDT,101544,79241,101.54,79.24,7,63,6,6
"Santo Tomas, Davao del Norte, Philippines",7.50929,125.63142,PLDT Home Fiber,47143,60680,47.14,60.68,10,63,22,27
"Gapan City, Nueva Ecija, Philippines",15.29121,121.01057,Converge,82509,85084,82.51,85.08,6,63,21,26
"Isabela, Basilan, Philippines",6.70387,121.9799,Globe,125772,38291,125.77,38.29,15,63,15,31
"Tiaong, Quezon, Philippines",13.92962,121.34273,PLDT Home Fiber,146619,122548,146.62,122.55,4,63,28,32
"Loreto, Dinagat Islands, Philippines",10.35887,125.57922,SpaceX Starlink,163919,20072,163.92,20.07,39,63,2,2
"Asturias, Cebu, Philippines",10.60209,123.77412,PLDT Home Fiber,100348,130968,100.35,130.97,6,63,34,39
"Rosario, Batangas, Philippines",13.80433,121.28552,PLDT Home Fiber,51793,64611,51.79,64.61,5,62,16,21
"San Juan, Batangas, Philippines",13.75044,121.37703,PLDT Home Fiber,92279,84378,92.28,84.38,9,62,30,37
"Paete, Laguna, Philippines",14.37243,121.54842,Converge,106752,117631,106.75,117.63,11,62,27,35
"Legazpi City, Albay, Philippines",13.11288,123.76295,PLDT,88927,79122,88.93,79.12,14,62,29,38
"Silay, Negros Occidental, Philippines",10.79968,122.97605,Globe,335045,314339,335.05,314.34,5,62,31,36
"Libmanan, Camarines Sur, Philippines",13.69376,123.05982,Converge,38538,34551,38.54,34.55,15,61,22,29
"Imus, Cavite, Philippines",14.42764,120.93724,Globe,124442,128980,124.44,128.98,5,61,30,36
"Villareal, Samar, Philippines",11.53963,124.92861,PLDT Home Fiber,154633,187884,154.63,187.88,7,61,1,3
"Zamboanga City, Zamboanga del Sur, Philippines",6.90437,122.07612,PLDT,61767,50254,61.77,50.25,11,61,13,27
"Arakan, Cotabato, Philippines",7.35122,125.17087,PLDT Home Fiber,95811,93133,95.81,93.13,11,61,25,30
"Indang, Cavite, Philippines",14.19204,120.87286,PLDT,94726,95253,94.73,95.25,9,60,21,31
"Sariaya, Quezon, Philippines",13.96301,121.52388,PLDT,99306,104742,99.31,104.74,6,60,28,32
"Navotas, Metro Manila, Philippines",14.65819,120.94743,Converge,203773,189858,203.77,189.86,4,60,19,32
"Tagaytay City, Cavite, Philippines",14.11541,120.96202,PLDT Home Fiber,192005,215083,192.01,215.08,4,60,24,36
"San Jose City, Nueva Ecija, Philippines",15.79188,120.99008,PLDT Home Fiber,95929,94150,95.93,94.15,11,60,36,45
"Calamba, Laguna, Philippines",14.19488,121.15974,Globe,327172,230086,327.17,230.09,5,60,29,32
"Mariveles, Bataan, Philippines",14.4354,120.49003,Converge,67299,71597,67.30,71.60,10,59,23,36
"San Ildefonso, Bulacan, Philippines",15.07717,120.94171,PLDT Home Fiber,106660,101846,106.66,101.85,9,59,22,26
"Daet, Camarines Norte, Philippines",14.10303,122.9325,PLDT,76956,53649,76.96,53.65,8,59,16,21
"Pavia, Iloilo, Philippines",10.7748,122.54261,Globe,59096,73338,59.10,73.34,5,59,13,16
"Kabacan, Cotabato, Philippines",7.10719,124.84034,PLDT Home Fiber,164220,97179,164.22,97.18,12,59,28,30
"General Mariano Alvarez, Cavite, Philippines",14.29525,121.0071,PLDT,204104,304974,204.10,304.97,6,59,9,16
"Naic, Cavite, Philippines",14.29649,120.79246,Converge,87158,104881,87.16,104.88,5,59,24,28
"Santa Cruz, Laguna, Philippines",14.26911,121.41133,PLDT Home Fiber,100394,71582,100.39,71.58,9,58,6,10
"General Mamerto Natividad, Nueva Ecija, Philippines",15.58788,121.04498,Converge,153936,191282,153.94,191.28,6,58,35,40
"Santa Maria, Bulacan, Philippines",14.82898,120.97616,PLDT,92067,92131,92.07,92.13,6,58,34,38
"Naga, Cebu, Philippines",10.20764,123.75821,Globe,246925,271746,246.93,271.75,18,58,38,39
"Talisay, Negros Occidental, Philippines",10.74828,122.98012,PLDT Home Fiber,93682,104276,93.68,104.28,7,58,27,33
"Calatrava, Negros Occidental, Philippines",10.62843,123.39349,PLDT,200625,272563,200.63,272.56,6,58,33,34
"Digos, Davao del Sur, Philippines",6.74347,125.35515,Globe,115841,128022,115.84,128.02,4,58,15,21
"Dumaguete City, Negros Oriental, Philippines",9.29841,123.29249,PLDT,112297,118731,112.30,118.73,4,58,17,24
"Naujan, Oriental Mindoro, Philippines",13.24381,121.19395,PLDT Home Fiber,144869,138173,144.87,138.17,7,57,24,31
"Kabankalan City, Negros Occidental, Philippines",9.91341,122.85358,PLDT,40475,47405,40.48,47.41,8,57,15,17
"Roxas City, Capiz, Philippines",11.55288,122.74072,Globe,114239,88820,114.24,88.82,12,57,15,22
"Santa Rosa, Nueva Ecija, Philippines",15.42502,120.93838,PLDT Home Fiber,79236,106239,79.24,106.24,10,56,22,25
"Bokod, Benguet, Philippines",16.45641,120.78097,PLDT,127876,139687,127.88,139.69,6,56,33,33
"Jimenez, Misamis Occidental, Philippines",8.33504,123.83977,PLDT Home Fiber,88476,82272,88.48,82.27,9,56,14,17
"Mabalacat City, Pampanga, Philippines",15.24525,120.56567,PLDT,116702,118250,116.70,118.25,11,56,23,32
"Infanta, Quezon, Philippines",14.74071,121.6451,PLDT Home Fiber,200437,311834,200.44,311.83,11,55,26,36
"Palo, Leyte, Philippines",11.15847,124.99191,PLDT,93719,93552,93.72,93.55,18,55,29,32
"Lubao, Pampanga, Philippines",14.92678,120.58795,PLDT Home Fiber,133839,142365,133.84,142.37,7,55,22,30
"Panabo, Davao del Norte, Philippines",7.30822,125.68662,PLDT,84282,48083,84.28,48.08,8,55,15,20
"Bunawan, Agusan del Sur, Philippines",8.21647,126.04584,PLDT Home Fiber,14569,16891,14.57,16.89,7,55,2,3
"Limay, Bataan, Philippines",14.53661,120.56245,Converge,109049,183255,109.05,183.26,74,55,20,23
"Guimba, Nueva Ecija, Philippines",15.65641,120.76767,Converge,144532,134749,144.53,134.75,5,55,14,20
"Santo Tomas, Batangas, Philippines",14.08754,121.17764,PLDT,107583,94681,107.58,94.68,9,54,31,36
"Palayan City, Nueva Ecija, Philippines",15.53906,121.09083,PLDT,89248,75062,89.25,75.06,9,54,28,32
"Olongapo City, Zambales, Philippines",14.88739,120.36661,PLDT Home Fiber,83428,94744,83.43,94.74,7,54,25,32
"Obando, Bulacan, Philippines",14.70986,120.93674,PLDT,51666,47737,51.67,47.74,8,54,26,29
"Mariveles, Bataan, Philippines",14.4354,120.49003,PLDT Home Fiber,101213,93494,101.21,93.49,9,54,19,27
"Cabuyao City, Laguna, Philippines",14.27433,121.11961,Globe,175298,261947,175.30,261.95,5,54,25,28
"Pantukan, Davao de Oro, Philippines",7.20012,126.04584,PLDT Home Fiber,46669,57031,46.67,57.03,11,54,9,10
"Lubao, Pampanga, Philippines",14.92678,120.58795,Converge,77686,90826,77.69,90.83,4,54,18,24
"Guimba, Nueva Ecija, Philippines",15.65641,120.76767,Globe,122230,110749,122.23,110.75,8,54,37,39
"Himamaylan, Negros Occidental, Philippines",10.10162,122.86995,PLDT,77382,80212,77.38,80.21,11,53,22,24
"San Rafael, Bulacan, Philippines",15.00184,120.93141,PLDT Home Fiber,93748,80193,93.75,80.19,8,53,25,29
"Alabel, Sarangani, Philippines",6.10416,125.28792,SpaceX Starlink,277476,4773,277.48,4.77,30,53,2,2
"Pagadian City, Zamboanga del Sur, Philippines",7.86265,123.37106,PLDT Home Fiber,166311,96276,166.31,96.28,6,53,21,29
"Angat, Bulacan, Philippines",14.92586,121.02204,PLDT Home Fiber,187393,182666,187.39,182.67,7,53,13,17
"San Mateo, Rizal, Philippines",14.69539,121.11767,PLDT,79431,75928,79.43,75.93,7,53,17,22
"Meycauayan, Bulacan, Philippines",14.73772,120.96077,PLDT,86013,52788,86.01,52.79,7,53,33,40
"Bansalan, Davao del Sur, Philippines",6.84825,125.22584,PLDT Home Fiber,158472,108757,158.47,108.76,14,52,30,34
"Capas, Tarlac, Philippines",15.34633,120.59344,PLDT,112473,111355,112.47,111.36,6,52,20,32
"Silang, Cavite, Philippines",14.22025,120.96469,Converge,172781,167879,172.78,167.88,5,52,24,35
"Baliwag, Bulacan, Philippines",14.96569,120.89431,Converge,189551,185403,189.55,185.40,4,52,20,28
"Kayapa, Nueva Vizcaya, Philippines",16.49326,120.94174,PLDT,53225,55331,53.23,55.33,5,52,31,33
"Ragay, Camarines Sur, Philippines",13.83123,122.78588,Converge,230914,191547,230.91,191.55,10,51,2,5
"City of Cabadbaran, Agusan del Norte, Philippines",9.14092,125.697,PLDT Home Fiber,151739,147742,151.74,147.74,9,51,20,23
"Mexico, Pampanga, Philippines",15.06457,120.72033,PLDT,46271,46259,46.27,46.26,16,51,28,32
"Villareal, Samar, Philippines",11.53963,124.92861,Converge,215601,176791,215.60,176.79,7,51,2,3
"Rizal, Laguna, Philippines",14.08408,121.41133,PLDT Home Fiber,201663,188644,201.66,188.64,8,51,29,32
"San Fernando, Pampanga, Philippines",15.02781,120.69349,Globe,119700,103159,119.70,103.16,7,50,18,29
"Consolacion, Cebu, Philippines",10.37581,123.95694,PLDT Home Fiber,54727,92583,54.73,92.58,6,50,11,20
"Guimba, Nueva Ecija, Philippines",15.65641,120.76767,PLDT Home Fiber,65149,89542,65.15,89.54,11,50,16,19
"Tanay, Rizal, Philippines",14.61419,121.37703,PLDT,87541,105635,87.54,105.64,11,50,25,27
"Olongapo City, Zambales, Philippines",14.88739,120.36661,PLDT,191224,124868,191.22,124.87,7,50,17,27
"Sorsogon City, Sorsogon, Philippines",12.97888,123.98477,PLDT,93250,47840,93.25,47.84,16,50,24,31
"Guiguinto, Bulacan, Philippines",14.82832,120.88429,Converge,93211,93741,93.21,93.74,6,50,24,30
"President Roxas, Capiz, Philippines",11.40588,122.9663,PLDT Home Fiber,110939,95821,110.94,95.82,9,50,8,11
"Candelaria, Quezon, Philippines",13.94899,121.42276,PLDT,73555,77467,73.56,77.47,8,50,18,22
"Malabon, Metro Manila, Philippines",14.65793,120.95118,Globe,168386,192871,168.39,192.87,5,50,24,34
"San Isidro, Nueva Ecija, Philippines",15.29656,120.9073,Converge,141806,147681,141.81,147.68,6,50,13,18
"San Fernando, Bukidnon, Philippines",7.84637,125.34663,Globe,64629,56486,64.63,56.49,5,49,31,34
"Bocaue, Bulacan, Philippines",14.7943,120.93073,Converge,94490,85799,94.49,85.80,7,49,17,23
"Balanga City, Bataan, Philippines",14.67454,120.47033,Converge,144929,135774,144.93,135.77,4,49,16,20
"Pasay City, Metro Manila, Philippines",14.53767,121.00081,Globe,121528,109868,121.53,109.87,4,49,22,30
"Polomolok, South Cotabato, Philippines",6.22451,125.06084,PLDT Home Fiber,49030,56328,49.03,56.33,9,49,15,26
"Angadanan, Isabela, Philippines",16.7913,121.78792,Converge,198957,211749,198.96,211.75,7,49,38,40
"Santa Ana, Pampanga, Philippines",15.09442,120.76623,PLDT Home Fiber,134831,111369,134.83,111.37,9,49,22,30
"Nabua, Camarines Sur, Philippines",13.4069,123.37324,PLDT Home Fiber,188191,146235,188.19,146.24,9,48,17,23
"Talisay, Cebu, Philippines",10.25859,123.82413,Converge,241347,243651,241.35,243.65,21,48,19,28
"Carcar, Cebu, Philippines",10.10478,123.64147,PLDT,47606,44255,47.61,44.26,16,48,17,21
"San Pedro, Laguna, Philippines",14.36443,121.06192,Globe,282755,228298,282.76,228.30,8,48,24,32
"Valencia City, Bukidnon, Philippines",7.86319,125.17087,Converge,88964,72586,88.96,72.59,10,48,16,21
"Marawi City, Lanao del Sur, Philippines",8.0292,124.29772,PLDT,91371,41670,91.37,41.67,25,48,9,16
"Balamban, Cebu, Philippines",10.48585,123.77412,PLDT,28284,28538,28.28,28.54,4,48,7,13
"Liloan, Cebu, Philippines",10.39926,124.00002,PLDT,193648,180664,193.65,180.66,4,48,25,26
"Baliwag, Bulacan, Philippines",14.96569,120.89431,Globe,123884,190074,123.88,190.07,7,47,19,26
"Quezon, Palawan, Philippines",9.22445,117.94833,PLDT,63672,157422,63.67,157.42,31,47,4,5
"Floridablanca, Pampanga, Philippines",14.9619,120.49471,Converge,55778,62530,55.78,62.53,5,47,28,32
"Makilala, Cotabato, Philippines",6.92343,125.08286,PLDT Home Fiber,119948,93186,119.95,93.19,11,47,24,28
"Balingasag, Misamis Oriental, Philippines",8.72993,124.84034,PLDT Home Fiber,35889,202696,35.89,202.70,4,47,7,8
"Balete, Batangas, Philippines",14.0092,121.10802,PLDT Home Fiber,136957,117919,136.96,117.92,9,46,16,17
"Capas, Tarlac, Philippines",15.34633,120.59344,Converge,76980,89200,76.98,89.20,4,46,19,27
"Oton, Iloilo, Philippines",10.69251,122.47868,PLDT,101743,92166,101.74,92.17,10,46,11,11
"Gapan City, Nueva Ecija, Philippines",15.29121,121.01057,PLDT Home Fiber,181713,118283,181.71,118.28,10,46,22,28
"Tagaytay City, Cavite, Philippines",14.11541,120.96202,Globe,120514,106150,120.51,106.15,4,46,29,32
"Mauban, Quezon, Philippines",14.23756,121.69674,Converge,141309,152942,141.31,152.94,9,45,32,33
"Carmona, Cavite, Philippines",14.3135,121.05712,Converge,165200,144969,165.20,144.97,7,45,18,25
"Tuguegarao City, Cagayan, Philippines",17.60306,121.75374,Converge,89447,55496,89.45,55.50,10,45,18,25
"Pandan, Antique, Philippines",11.75185,122.10647,PLDT Home Fiber,131658,181803,131.66,181.80,15,45,2,4
"San Pablo City, Laguna, Philippines",14.06422,121.32326,PLDT,115273,106822,115.27,106.82,6,45,16,22
"T'boli, South Cotabato, Philippines",6.14683,124.90655,PLDT Home Fiber,51998,70189,52.00,70.19,18,45,16,18
"Odiongan, Romblon, Philippines",12.36445,122.01555,PLDT,46203,74117,46.20,74.12,11,45,16,21
"Surigao, Surigao del Norte, Philippines",9.79022,125.49311,PLDT Home Fiber,96038,93786,96.04,93.79,10,45,23,28
"Mangaldan, Pangasinan, Philippines",16.06513,120.40474,Converge,263414,194073,263.41,194.07,4,45,14,14
"Alicia, Isabela, Philippines",16.80691,121.69674,PLDT,60751,74441,60.75,74.44,22,44,16,19
"City of Baybay, Leyte, Philippines",10.66858,124.80409,Globe,152240,268590,152.24,268.59,23,44,11,13
"Isulan, Sultan Kudarat, Philippines",6.6318,124.44201,PLDT,17548,17455,17.55,17.46,13,44,14,17
"Lingayen, Pangasinan, Philippines",16.00973,120.22449,Converge,69116,74006,69.12,74.01,5,44,10,13
"Polomolok, South Cotabato, Philippines",6.22451,125.06084,PLDT,31500,17788,31.50,17.79,16,44,15,17
"Ilog, Negros Occidental, Philippines",9.8785,122.72943,PLDT,47206,38496,47.21,38.50,10,44,4,9
"Bambang, Nueva Vizcaya, Philippines",16.40415,121.10229,PLDT Home Fiber,101942,158812,101.94,158.81,6,44,15,21
"Hagonoy, Bulacan, Philippines",14.83564,120.73371,PLDT Home Fiber,87909,91876,87.91,91.88,9,43,9,13
"Ligao City, Albay, Philippines",13.17242,123.4944,Converge,86056,92550,86.06,92.55,14,43,18,19
"Burgos, Ilocos Sur, Philippines",17.31148,120.51639,Converge,124189,120255,124.19,120.26,8,43,14,15
"Santa Ana, Pampanga, Philippines",15.09442,120.76623,Converge,62961,87829,62.96,87.83,4,43,14,17
"San Mateo, Rizal, Philippines",14.69539,121.11767,Globe,195821,210993,195.82,210.99,5,43,18,23
"Alcala, Pangasinan, Philippines",15.8546,120.53942,PLDT Home Fiber,78648,112205,78.65,112.21,11,43,29,32
"Mexico, Pampanga, Philippines",15.06457,120.72033,Globe,115987,106203,115.99,106.20,8,43,21,27
"Trece Martires City, Cavite, Philippines",14.28222,120.86837,PLDT Home Fiber,128408,169082,128.41,169.08,4,43,16,21
"Trece Martires City, Cavite, Philippines",14.28222,120.86837,Globe,161187,135363,161.19,135.36,6,43,18,24
"Bamban, Tarlac, Philippines",15.2885,120.57044,PLDT Home Fiber,187167,166358,187.17,166.36,9,43,37,37
"Liloan, Cebu, Philippines",10.39926,124.00002,Globe,115483,119970,115.48,119.97,4,42,13,19
"Santa Fe, Nueva Vizcaya, Philippines",16.18249,120.91878,PLDT,83566,89948,83.57,89.95,7,42,21,24
"Noveleta, Cavite, Philippines",14.42785,120.88009,PLDT Home Fiber,63388,93133,63.39,93.13,9,42,22,26
"Santo Domingo, Nueva Ecija, Philippines",15.61284,120.88434,PLDT,44829,54767,44.83,54.77,12,42,14,17
"Calapan City, Oriental Mindoro, Philippines",13.36643,121.19395,PLDT,82733,84746,82.73,84.75,15,42,21,29
"Cuyapo, Nueva Ecija, Philippines",15.79995,120.68901,PLDT,22089,40806,22.09,40.81,30,42,23,23
"Tacloban City, Leyte, Philippines",11.22238,124.99221,Globe,129772,134816,129.77,134.82,16,41,23,26
"Abucay, Bataan, Philippines",14.73361,120.49336,PLDT Home Fiber,73004,127158,73.00,127.16,9,41,10,13
"Roxas City, Capiz, Philippines",11.55288,122.74072,PLDT,69964,106635,69.96,106.64,10,41,11,17
"Maria Aurora, Aurora, Philippines",15.75061,121.3999,PLDT Home Fiber,44275,39245,44.28,39.25,13,41,11,12
"Santo Nino, South Cotabato, Philippines",6.44221,124.67459,PLDT Home Fiber,44515,45828,44.52,45.83,10,41,8,17
"Dolores, Quezon, Philippines",14.00193,121.41133,PLDT Home Fiber,208695,227283,208.70,227.28,6,41,21,22
"Guiuan, Eastern Samar, Philippines",10.79308,125.68607,PLDT,28841,28260,28.84,28.26,15,41,7,8
"San Isidro, Nueva Ecija, Philippines",15.29656,120.9073,PLDT Home Fiber,84517,54871,84.52,54.87,9,41,9,13
"Dona Remedios Trinidad, Bulacan, Philippines",15.11427,121.21685,PLDT Home Fiber,93365,87876,93.37,87.88,5,40,25,29
"Daraga, Albay, Philippines",13.12278,123.69588,Globe,37366,24634,37.37,24.63,25,40,9,19
"Talugtug, Nueva Ecija, Philippines",15.7698,120.81544,Globe,330405,237756,330.41,237.76,5,40,23,27
"Castilla, Sorsogon, Philippines",12.95518,123.8188,Converge,50750,51091,50.75,51.09,14,40,7,12
"Jose Dalman (Ponot), Zamboanga del Norte, Philippines",8.38031,123.05639,PLDT Home Fiber,5205,5230,5.21,5.23,11,40,1,1
"Gapan City, Nueva Ecija, Philippines",15.29121,121.01057,PLDT,90326,94311,90.33,94.31,9,40,15,18
"Santo Nino, Cagayan, Philippines",17.91267,121.49132,Converge,143784,158097,143.78,158.10,12,40,26,29
"San Jose, Batangas, Philippines",13.87868,121.09942,PLDT,200877,230213,200.88,230.21,6,40,22,24
"Malolos, Bulacan, Philippines",14.86049,120.80916,Globe,258456,209949,258.46,209.95,7,40,16,20
"Himamaylan, Negros Occidental, Philippines",10.10162,122.86995,PLDT Home Fiber,203329,72526,203.33,72.53,11,40,7,10
"Governor Generoso, Davao Oriental, Philippines",6.45867,126.15454,PLDT Home Fiber,18647,24627,18.65,24.63,20,40,7,13
"Jaen, Nueva Ecija, Philippines",15.39558,120.87286,PLDT,61753,99400,61.75,99.40,13,40,17,18
"Catarman, Northern Samar, Philippines",12.44271,124.61927,Globe,72648,74124,72.65,74.12,14,39,12,17
"Liloan, Cebu, Philippines",10.39926,124.00002,Converge,239302,221672,239.30,221.67,3,39,13,17
"Salvador Benedicto, Negros Occidental, Philippines",10.5887,123.23632,PLDT,141962,174547,141.96,174.55,6,39,16,17
"Aritao, Nueva Vizcaya, Philippines",16.2515,121.01057,PLDT Home Fiber,93242,93449,93.24,93.45,6,39,23,26
"Balayan, Batangas, Philippines",13.94995,120.72973,Converge,158227,234489,158.23,234.49,6,39,8,11
"Libmanan, Camarines Sur, Philippines",13.69376,123.05982,PLDT,31845,31285,31.85,31.29,36,39,4,6
"Binalonan, Pangasinan, Philippines",16.05355,120.60848,PLDT Home Fiber,55104,89521,55.10,89.52,6,39,11,12
"City of Mati, Davao Oriental, Philippines",6.95722,126.15454,PLDT Home Fiber,97637,125891,97.64,125.89,12,39,13,21
"Boac, Marinduque, Philippines",13.39413,121.87903,PLDT,201345,275215,201.35,275.22,15,39,17,22
"Porac, Pampanga, Philippines",15.06974,120.55007,Converge,142745,138219,142.75,138.22,4,39,23,33
"Plaridel, Bulacan, Philippines",14.88591,120.85932,Converge,89344,81624,89.34,81.62,7,39,15,21
"Titay, Zamboanga Sibugay, Philippines",7.84847,122.57121,PLDT,166327,2109,166.33,2.11,34,39,13,14
"Balanga City, Bataan, Philippines",14.67454,120.47033,PLDT Home Fiber,182521,188592,182.52,188.59,8,39,19,24
"Malalag, Davao del Sur, Philippines",6.54894,125.2588,PLDT Home Fiber,12949,4762,12.95,4.76,9,39,2,3
"Kapatagan, Lanao del Norte, Philippines",7.86776,123.72942,PLDT Home Fiber,90837,73801,90.84,73.80,11,39,13,16
"Kibawe, Bukidnon, Philippines",7.48878,125.06084,Globe,344966,304778,344.97,304.78,3,39,25,26
"Gapan City, Nueva Ecija, Philippines",15.29121,121.01057,Globe,204130,170255,204.13,170.26,4,38,19,23
"Banga, South Cotabato, Philippines",6.38791,124.79617,PLDT Home Fiber,39622,34921,39.62,34.92,14,38,8,14
"Trece Martires City, Cavite, Philippines",14.28222,120.86837,PLDT,89197,81835,89.20,81.84,4,38,12,16
"Catmon, Cebu, Philippines",10.65242,123.9973,PLDT Home Fiber,186235,179307,186.24,179.31,6,38,21,22
"Guagua, Pampanga, Philippines",14.96374,120.63244,Converge,55268,64773,55.27,64.77,4,38,24,30
"Bogo City, Cebu, Philippines",11.04623,124.00287,Globe,98489,97013,98.49,97.01,5,38,8,10
"Cadiz City, Negros Occidental, Philippines",10.86192,123.23632,PLDT,47223,36055,47.22,36.06,16,38,16,16
"Legazpi City, Albay, Philippines",13.11288,123.76295,Globe,136370,200394,136.37,200.39,25,38,9,22
"Norala, South Cotabato, Philippines",6.5061,124.66353,PLDT Home Fiber,66324,38491,66.32,38.49,10,38,4,5
"Dona Remedios Trinidad, Bulacan, Philippines",15.11427,121.21685,PLDT,50216,23591,50.22,23.59,12,38,22,22
"Iriga City, Camarines Sur, Philippines",13.42095,123.41361,PLDT Home Fiber,101244,201057,101.24,201.06,8,38,9,10
"Kasibu, Nueva Vizcaya, Philippines",16.36659,121.33129,SpaceX Starlink,46664,10462,46.66,10.46,33,38,5,6
"Infanta, Quezon, Philippines",14.74071,121.6451,PLDT,27014,39314,27.01,39.31,11,38,11,15
"San Antonio, Quezon, Philippines",13.89506,121.29697,PLDT Home Fiber,82735,106998,82.74,107.00,3,37,5,7
"City of Santiago, Isabela, Philippines",16.69679,121.55865,PLDT,38925,35789,38.93,35.79,15,37,6,9
"Rosario, Cavite, Philippines",14.41672,120.85471,PLDT Home Fiber,150520,99411,150.52,99.41,8,37,17,23
"Enrique B. Magalona, Negros Occidental, Philippines",10.87695,122.98281,PLDT,45288,52211,45.29,52.21,9,37,8,11
"Tagaytay City, Cavite, Philippines",14.11541,120.96202,PLDT,180404,147745,180.40,147.75,9,37,18,26
"Bulakan, Bulacan, Philippines",14.79484,120.87889,Converge,94689,92170,94.69,92.17,9,37,13,14
"San Juan, Batangas, Philippines",13.75044,121.37703,Converge,231575,192091,231.58,192.09,6,37,7,15
"Mariveles, Bataan, Philippines",14.4354,120.49003,PLDT,92193,76528,92.19,76.53,10,37,7,12
"Pantabangan, Nueva Ecija, Philippines",15.79424,121.12521,PLDT Home Fiber,85159,88615,85.16,88.62,11,37,19,23
"Minalin, Pampanga, Philippines",14.97052,120.68518,PLDT Home Fiber,96919,164502,96.92,164.50,7,37,10,13
"Victoria, Tarlac, Philippines",15.59077,120.68901,PLDT Home Fiber,75187,70195,75.19,70.20,10,37,17,21
"San Juan, Siquijor, Philippines",9.15626,123.5112,SpaceX Starlink,99262,18696,99.26,18.70,41,37,5,5
"Samal, Davao del Norte, Philippines",7.08352,125.70578,PLDT Home Fiber,89870,43736,89.87,43.74,8,37,12,15
"Sibulan, Negros Oriental, Philippines",9.35972,123.28476,PLDT Home Fiber,143191,127943,143.19,127.94,6,37,12,16
"Quezon, Nueva Ecija, Philippines",15.56953,120.82692,Globe,224163,202822,224.16,202.82,6,36,25,26
"Silang, Cavite, Philippines",14.22025,120.96469,Globe,92843,94537,92.84,94.54,5,36,29,32
"Biñan, Laguna, Philippines",14.31456,121.08316,Globe,295088,217991,295.09,217.99,6,36,21,26
"Baler, Aurora, Philippines",15.73361,121.57125,PLDT,47601,43074,47.60,43.07,14,36,11,21
"Bongabon, Nueva Ecija, Philippines",15.67193,121.23974,PLDT,117129,154378,117.13,154.38,20,36,18,21
"Zarraga, Iloilo, Philippines",10.82405,122.60846,PLDT Home Fiber,125735,147237,125.74,147.24,7,36,8,10
"Manay, Davao Oriental, Philippines",7.23227,126.47971,SpaceX Starlink,24458,14235,24.46,14.24,32,36,6,6
"Mangaldan, Pangasinan, Philippines",16.06513,120.40474,PLDT,37383,45856,37.38,45.86,10,36,9,15
"Bakun, Benguet, Philippines",16.80796,120.68901,PLDT Home Fiber,95809,94647,95.81,94.65,6,36,27,29
"Salug, Zamboanga del Norte, Philippines",8.06518,122.78588,PLDT Home Fiber,466142,138490,466.14,138.49,22,36,2,3
"Tambulig, Zamboanga del Sur, Philippines",8.04386,123.53921,PLDT Home Fiber,46838,56210,46.84,56.21,7,36,6,6
"Glan, Sarangani, Philippines",5.82205,125.20413,PLDT Home Fiber,40250,36647,40.25,36.65,11,36,5,10
"Panglao, Bohol, Philippines",9.56947,123.78721,Globe,85628,78068,85.63,78.07,18,36,4,4
"City of Batac, Ilocos Norte, Philippines",18.04961,120.59698,Converge,346274,346526,346.27,346.53,10,35,19,25
"Dagupan City, Pangasinan, Philippines",16.03375,120.33202,PLDT,42783,42239,42.78,42.24,9,35,20,25
"Tanza, Cavite, Philippines",14.34293,120.85032,PLDT,68915,62094,68.92,62.09,7,35,16,19
"Bagumbayan, Sultan Kudarat, Philippines",6.4606,124.55284,PLDT,41451,41752,41.45,41.75,13,35,7,10
"Kalibo, Aklan, Philippines",11.70734,122.36986,Globe,67798,52052,67.80,52.05,15,35,13,18
"Irosin, Sorsogon, Philippines",12.72398,124.04187,PLDT,107622,24991,107.62,24.99,16,35,7,7
"Baler, Aurora, Philippines",15.73361,121.57125,Converge,88339,88332,88.34,88.33,10,35,10,12
"Puerto Princesa City, Palawan, Philippines",9.78563,118.62648,PLDT,74374,75164,74.37,75.16,19,35,18,27
"Ipil, Zamboanga Sibugay, Philippines",7.77318,122.57121,PLDT,86851,92347,86.85,92.35,17,35,6,12
"Talisay, Negros Occidental, Philippines",10.74828,122.98012,Globe,154726,204558,154.73,204.56,13,35,18,21
"La Carlota City, Negros Occidental, Philippines",10.41437,122.97757,PLDT,71745,89656,71.75,89.66,7,35,16,20
"Tanza, Cavite, Philippines",14.34293,120.85032,Globe,117242,72108,117.24,72.11,6,35,13,21
"Kabankalan City, Negros Occidental, Philippines",9.91341,122.85358,PLDT Home Fiber,6232,20078,6.23,20.08,16,35,5,7
"Rodriguez, Rizal, Philippines",14.73202,121.14516,Globe,266628,281421,266.63,281.42,3,34,13,17
"Burauen, Leyte, Philippines",10.97109,124.84034,PLDT,24982,19741,24.98,19.74,15,34,10,11
"Panglao, Bohol, Philippines",9.56947,123.78721,PLDT,71219,66206,71.22,66.21,6,34,10,11
"Malvar, Batangas, Philippines",14.04329,121.15875,PLDT Home Fiber,77461,93765,77.46,93.77,8,34,12,18
"Balagtas, Bulacan, Philippines",14.81784,120.90646,Converge,101771,106042,101.77,106.04,6,34,8,11
"Pili, Camarines Sur, Philippines",13.55521,123.28126,Converge,99403,94151,99.40,94.15,3,34,8,12
"Calbayog, Samar, Philippines",12.0685,124.59081,Globe,56460,72339,56.46,72.34,10,34,15,19
"Pigkawayan, Cotabato, Philippines",7.27922,124.43092,PLDT Home Fiber,86463,52835,86.46,52.84,13,34,8,11
"Consolacion, Cebu, Philippines",10.37581,123.95694,Converge,150391,171190,150.39,171.19,2,34,13,20
"Alfonso, Cavite, Philippines",14.1214,120.86138,PLDT Home Fiber,28812,22858,28.81,22.86,5,34,9,15
"San Manuel, Pangasinan, Philippines",16.10561,120.67751,PLDT Home Fiber,88933,167466,88.93,167.47,8,34,19,20
"Alaminos City, Pangasinan, Philippines",16.15053,119.98562,Converge,114555,151999,114.56,152.00,6,34,10,11
"Old Kaabakan, Cotabato, Philippines",7.22147,124.85635,PLDT Home Fiber,217317,268867,217.32,268.87,35,34,2,2
"Tanay, Rizal, Philippines",14.61419,121.37703,PLDT Home Fiber,49054,56118,49.05,56.12,4,34,13,17
"City of Santa Rosa, Laguna, Philippines",14.31471,121.11232,Globe,121090,102285,121.09,102.29,6,33,14,20
"Dumaguete City, Negros Oriental, Philippines",9.29841,123.29249,Converge,151302,128906,151.30,128.91,23,33,19,22
"Matalam, Cotabato, Philippines",7.17236,124.92861,PLDT Home Fiber,41677,38232,41.68,38.23,16,33,17,21
"Pavia, Iloilo, Philippines",10.7748,122.54261,PLDT Home Fiber,178996,172128,179.00,172.13,6,33,20,26
"Urdaneta City, Pangasinan, Philippines",15.98194,120.59698,PLDT Home Fiber,142158,126165,142.16,126.17,8,33,17,18
"Tanauan City, Batangas, Philippines",14.08354,121.14762,Converge,93728,96113,93.73,96.11,7,33,14,21
"Asingan, Pangasinan, Philippines",16.00318,120.67063,PLDT,22179,24127,22.18,24.13,13,33,11,11
"Lupao, Nueva Ecija, Philippines",15.84768,120.91878,PLDT,33303,38038,33.30,38.04,15,33,11,12
"Matalam, Cotabato, Philippines",7.17236,124.92861,Globe,89490,74556,89.49,74.56,7,33,12,12
"San Ildefonso, Bulacan, Philippines",15.07717,120.94171,Converge,223446,192102,223.45,192.10,3,33,12,15
"Hilongos, Leyte, Philippines",10.39469,124.84034,PLDT Home Fiber,56131,54158,56.13,54.16,8,33,5,8
"City of Santiago, Isabela, Philippines",16.69679,121.55865,PLDT Home Fiber,50481,92550,50.48,92.55,14,33,13,17
"Bayawan City, Negros Oriental, Philippines",9.53644,122.7633,PLDT,89672,79501,89.67,79.50,9,32,16,21
"Plaridel, Bulacan, Philippines",14.88591,120.85932,SpaceX Starlink,51127,7158,51.13,7.16,22,32,2,3
"Puerto Princesa City, Palawan, Philippines",9.78563,118.62648,Converge,67670,60535,67.67,60.54,15,32,14,22
"Kibawe, Bukidnon, Philippines",7.48878,125.06084,PLDT Home Fiber,131214,136957,131.21,136.96,16,32,14,15
"Aborlan, Palawan, Philippines",9.43994,118.54785,SpaceX Starlink,20127,22874,20.13,22.87,26,32,4,6
"Batangas City, Batangas, Philippines",13.75641,121.05833,Converge,237832,188823,237.83,188.82,7,32,16,21
"Muñoz, Nueva Ecija, Philippines",15.70664,120.9029,PLDT Home Fiber,51318,50536,51.32,50.54,13,32,15,21
"Binangonan, Rizal, Philippines",14.48441,121.1869,Globe,305237,218447,305.24,218.45,4,32,9,13
"Bauan, Batangas, Philippines",13.79627,120.97616,PLDT Home Fiber,99091,116851,99.09,116.85,6,32,7,13
"Padre Garcia, Batangas, Philippines",13.87668,121.24547,PLDT Home Fiber,93919,92739,93.92,92.74,6,32,15,17
"Hinoba-an, Negros Occidental, Philippines",9.5554,122.58252,PLDT Home Fiber,254858,158167,254.86,158.17,8,32,6,8
"Bamban, Tarlac, Philippines",15.2885,120.57044,Converge,162393,101300,162.39,101.30,3,32,17,20
"San Antonio, Nueva Ecija, Philippines",15.31921,120.82692,PLDT,106081,130857,106.08,130.86,7,32,10,13
"Pililla, Rizal, Philippines",14.44393,121.34273,PLDT Home Fiber,126658,154424,126.66,154.42,4,31,15,17
"Vallehermoso, Negros Oriental, Philippines",10.33905,123.29249,PLDT Home Fiber,97723,125946,97.72,125.95,9,31,22,23
"Ormoc City, Leyte, Philippines",11.03843,124.61927,Converge,87268,55726,87.27,55.73,6,31,12,20
"Daraga, Albay, Philippines",13.12278,123.69588,PLDT,227579,85179,227.58,85.18,12,31,10,21
"Kidapawan, Cotabato, Philippines",7.02127,125.09019,Converge,155719,179457,155.72,179.46,5,31,11,16
"Sindangan, Zamboanga del Norte, Philippines",8.19151,123.05639,PLDT Home Fiber,124573,84864,124.57,84.86,12,31,8,13
"Tinambac, Camarines Sur, Philippines",13.90428,123.37106,PLDT,127750,44916,127.75,44.92,35,31,2,7
"Carmen, Cebu, Philippines",10.58876,123.96385,PLDT,29798,27526,29.80,27.53,9,31,5,5
"Indanan, Sulu, Philippines",5.99768,120.96469,SpaceX Starlink,5631,4104,5.63,4.10,49,31,4,7
"Canaman, Camarines Sur, Philippines",13.64758,123.13515,PLDT Home Fiber,288310,317431,288.31,317.43,9,31,4,5
"Laoag City, Ilocos Norte, Philippines",18.21075,120.58547,PLDT Home Fiber,184947,82582,184.95,82.58,8,31,13,23
"Parang, Maguindanao, Philippines",7.34766,124.2755,PLDT Home Fiber,246436,188446,246.44,188.45,13,31,6,7
"Aloran, Misamis Occidental, Philippines",8.41606,123.82447,PLDT Home Fiber,71539,61374,71.54,61.37,8,31,10,12
"Calasiao, Pangasinan, Philippines",16.00949,120.35759,PLDT,83130,56396,83.13,56.40,6,31,15,17
"San Miguel, Bulacan, Philippines",15.14158,120.9751,PLDT,55796,49407,55.80,49.41,7,31,16,18
"Pilar, Sorsogon, Philippines",12.97477,123.6847,PLDT Home Fiber,29865,18660,29.87,18.66,83,31,1,2
"Irosin, Sorsogon, Philippines",12.72398,124.04187,Converge,246962,250876,246.96,250.88,5,31,3,5
"Liliw, Laguna, Philippines",14.12617,121.4399,PLDT,96157,101291,96.16,101.29,9,31,18,20
"Bangued, Abra, Philippines",17.58818,120.63149,PLDT Home Fiber,230507,182679,230.51,182.68,11,31,6,11
"Paniqui, Tarlac, Philippines",15.66603,120.53942,PLDT Home Fiber,72931,68380,72.93,68.38,10,31,14,19
"City of Catbalogan, Samar, Philippines",11.85683,124.88449,Globe,84784,116985,84.78,116.99,11,31,7,15
"Panglao, Bohol, Philippines",9.56947,123.78721,PLDT Home Fiber,153516,126157,153.52,126.16,5,30,12,21
"Penablanca, Cagayan, Philippines",17.66268,121.94731,PLDT,21269,26027,21.27,26.03,13,30,14,17
"Argao, Cebu, Philippines",9.88114,123.60535,Globe,162171,108411,162.17,108.41,6,30,11,14
"Naval, Biliran, Philippines",11.56681,124.44201,Globe,150443,146405,150.44,146.41,14,30,13,16
"Bulakan, Bulacan, Philippines",14.79484,120.87889,PLDT,62733,39236,62.73,39.24,16,30,14,15
"Tagkawayan, Quezon, Philippines",13.96843,122.53376,Converge,142505,145183,142.51,145.18,8,30,2,5
"Surigao, Surigao del Norte, Philippines",9.79022,125.49311,Converge,63454,65757,63.45,65.76,29,30,7,9
"President Roxas, Cotabato, Philippines",7.37928,125.06084,PLDT,229717,190681,229.72,190.68,12,30,20,22
"Taysan, Batangas, Philippines",13.76108,121.2283,PLDT Home Fiber,71972,129752,71.97,129.75,4,30,4,7
"City of Tayabas, Quezon, Philippines",14.01135,121.55983,PLDT,89746,83652,89.75,83.65,8,30,17,21
"Kawit, Cavite, Philippines",14.44588,120.90871,Converge,244970,164321,244.97,164.32,11,30,4,8
"Tuba, Benguet, Philippines",16.39277,120.56034,PLDT,157300,133102,157.30,133.10,5,30,20,25
"Oroquieta City, Misamis Occidental, Philippines",8.48597,123.79825,PLDT Home Fiber,118484,117879,118.48,117.88,8,30,11,13
"New Corella, Davao del Norte, Philippines",7.59777,125.84981,PLDT Home Fiber,46165,40086,46.17,40.09,10,30,7,9
"San Leonardo, Nueva Ecija, Philippines",15.37285,120.95321,PLDT,84106,93117,84.11,93.12,9,30,9,16
"Butuan City, Agusan del Norte, Philippines",8.94753,125.54063,Converge,162354,163255,162.35,163.26,10,30,12,13
"Calapan City, Oriental Mindoro, Philippines",13.36643,121.19395,PLDT Home Fiber,116952,140569,116.95,140.57,7,29,14,17
"Ormoc City, Leyte, Philippines",11.03843,124.61927,PLDT Home Fiber,118700,106890,118.70,106.89,5,29,13,17
"La Paz, Tarlac, Philippines",15.4497,120.7235,PLDT,48187,48722,48.19,48.72,16,29,14,15
"City Of Bislig, Surigao del Sur, Philippines",8.21006,126.28478,PLDT Home Fiber,79099,77981,79.10,77.98,9,29,9,10
"Basud, Camarines Norte, Philippines",14.00663,122.9663,PLDT Home Fiber,37259,63312,37.26,63.31,13,29,4,7
"Santa Rita, Pampanga, Philippines",14.99762,120.61451,PLDT Home Fiber,89235,93914,89.24,93.91,6,29,17,20
"Bongabong, Oriental Mindoro, Philippines",12.71953,121.30841,PLDT,67917,31171,67.92,31.17,26,29,4,8
"Calumpit, Bulacan, Philippines",14.91518,120.7662,Converge,57528,55852,57.53,55.85,4,29,12,15
"Surigao, Surigao del Norte, Philippines",9.79022,125.49311,Globe,120333,35722,120.33,35.72,17,29,9,15
"Malay, Aklan, Philippines",11.93033,121.95191,PLDT Home Fiber,92441,93933,92.44,93.93,15,29,8,11
"Koronadal, South Cotabato, Philippines",6.50044,124.84333,Globe,326666,249450,326.67,249.45,6,29,10,12
"Lingayen, Pangasinan, Philippines",16.00973,120.22449,PLDT Home Fiber,128220,99837,128.22,99.84,15,29,6,9
"Apalit, Pampanga, Philippines",14.95255,120.76688,PLDT Home Fiber,88229,91290,88.23,91.29,7,29,13,16
"Santiago, Ilocos Sur, Philippines",17.28073,120.44729,Converge,221851,197125,221.85,197.13,9,29,17,17
"Cebu City, Cebu, Philippines",10.29261,123.90219,SpaceX Starlink,77088,18436,77.09,18.44,29,29,6,17
"Basud, Camarines Norte, Philippines",14.00663,122.9663,PLDT,169718,225864,169.72,225.86,8,28,6,6
"Maribojoc, Bohol, Philippines",9.75462,123.85229,PLDT Home Fiber,174372,105423,174.37,105.42,7,28,19,24
"San Jose City, Nueva Ecija, Philippines",15.79188,120.99008,Converge,155951,191754,155.95,191.75,5,28,12,16
"Sibulan, Negros Oriental, Philippines",9.35972,123.28476,Globe,120551,180367,120.55,180.37,9,28,15,20
"Laoag City, Ilocos Norte, Philippines",18.21075,120.58547,PLDT,80530,83765,80.53,83.77,7,28,8,13
"Dumangas, Iloilo, Philippines",10.82109,122.71167,Converge,120177,103657,120.18,103.66,9,28,8,9
"Butuan City, Agusan del Norte, Philippines",8.94753,125.54063,PLDT,63349,68579,63.35,68.58,11,28,12,22
"Cotabato City, Maguindanao del Norte, Philippines",7.20467,124.23104,Globe,348554,57681,348.55,57.68,10,28,5,12
"Sultan Kudarat, Maguindanao, Philippines",7.26221,124.30883,PLDT Home Fiber,60323,34731,60.32,34.73,13,28,6,11
"Aguinaldo, Ifugao, Philippines",16.95291,121.33129,PLDT Home Fiber,91189,101437,91.19,101.44,10,28,10,11
"Alabel, Sarangani, Philippines",6.10416,125.28792,PLDT Home Fiber,37246,38596,37.25,38.60,11,28,7,8
"Maddela, Quirino, Philippines",16.33255,121.78792,PLDT,325593,481584,325.59,481.58,14,28,3,4
"General Nakar, Quezon, Philippines",14.90678,121.49132,PLDT Home Fiber,321047,261259,321.05,261.26,3,28,17,19
"Santa Fe, Nueva Vizcaya, Philippines",16.18249,120.91878,PLDT Home Fiber,227106,196511,227.11,196.51,5,28,18,20
"Sibunag, Guimaras, Philippines",10.54518,122.60514,PLDT,21001,25389,21.00,25.39,10,28,9,11
"La Carlota City, Negros Occidental, Philippines",10.41437,122.97757,Globe,268913,266317,268.91,266.32,3,28,2,4
"Pagadian City, Zamboanga del Sur, Philippines",7.86265,123.37106,PLDT,124421,55126,124.42,55.13,15,27,15,19
"Pililla, Rizal, Philippines",14.44393,121.34273,Converge,99336,100110,99.34,100.11,13,27,2,3
"Alimodian, Iloilo, Philippines",10.85495,122.39009,PLDT,52677,67540,52.68,67.54,8,27,4,5
"Guiguinto, Bulacan, Philippines",14.82832,120.88429,PLDT,94736,94391,94.74,94.39,4,27,15,19
"Pateros, Metro Manila, Philippines",14.54838,121.07077,PLDT Home Fiber,92504,94745,92.50,94.75,4,27,11,17
"Santa Rita, Samar, Philippines",11.45005,125.01679,Converge,45455,63203,45.46,63.20,7,27,6,7
"Jordan, Guimaras, Philippines",10.59807,122.57121,PLDT,35831,27558,35.83,27.56,17,27,8,10
"Balamban, Cebu, Philippines",10.48585,123.77412,PLDT Home Fiber,152973,105130,152.97,105.13,10,27,18,18
"Carles, Iloilo, Philippines",11.55216,123.13515,PLDT Home Fiber,121192,89442,121.19,89.44,11,27,6,8
"San Mateo, Isabela, Philippines",16.87673,121.59408,PLDT Home Fiber,77326,85941,77.33,85.94,11,27,11,13
"Tudela, Cebu, Philippines",10.66092,124.47527,PLDT,46322,36693,46.32,36.69,5,27,2,2
"Norzagaray, Bulacan, Philippines",14.89659,121.14813,Converge,233468,146612,233.47,146.61,7,27,11,18
"Candelaria, Quezon, Philippines",13.94899,121.42276,Converge,163493,221235,163.49,221.24,6,27,5,15
"Iligan City, Lanao del Norte, Philippines",8.22707,124.46418,PLDT,109544,104895,109.54,104.90,17,27,12,16
"Gattaran, Cagayan, Philippines",18.07365,121.87903,PLDT,23383,43775,23.38,43.78,15,26,7,9
"Carmona, Cavite, Philippines",14.3135,121.05712,Globe,224445,270366,224.45,270.37,7,26,12,15
"Lapu-Lapu, Cebu, Philippines",10.31838,123.96395,SpaceX Starlink,76098,14575,76.10,14.58,34,26,6,7
"Tinambac, Camarines Sur, Philippines",13.90428,123.37106,Converge,176310,176344,176.31,176.34,4,26,2,7
"Calabanga, Camarines Sur, Philippines",13.71633,123.28126,PLDT Home Fiber,32358,36520,32.36,36.52,8,26,11,12
"Calasiao, Pangasinan, Philippines",16.00949,120.35759,PLDT Home Fiber,90464,83078,90.46,83.08,6,26,15,18
"San Jose, Batangas, Philippines",13.87868,121.09942,PLDT Home Fiber,49160,45621,49.16,45.62,6,26,7,10
"Dagupan City, Pangasinan, Philippines",16.03375,120.33202,Globe,108615,106086,108.62,106.09,5,26,9,12
"Pulilan, Bulacan, Philippines",14.90243,120.8459,PLDT,106082,96276,106.08,96.28,4,26,8,12
"Ipil, Zamboanga Sibugay, Philippines",7.77318,122.57121,Globe,128395,218051,128.40,218.05,8,26,9,9
"Ligao City, Albay, Philippines",13.17242,123.4944,SpaceX Starlink,60485,17363,60.49,17.36,27,26,4,4
"San Miguel, Iloilo, Philippines",10.78017,122.46653,PLDT,96574,75032,96.57,75.03,7,26,6,9
"Concepcion, Tarlac, Philippines",15.324,120.65596,Converge,67521,87908,67.52,87.91,4,26,14,16
"Tacloban City, Leyte, Philippines",11.22238,124.99221,PLDT Home Fiber,72522,73722,72.52,73.72,6,26,10,13
"Diadi, Nueva Vizcaya, Philippines",16.6595,121.33129,PLDT Home Fiber,56918,66899,56.92,66.90,12,26,7,9
"Santa Ana, Pampanga, Philippines",15.09442,120.76623,PLDT,125967,116239,125.97,116.24,19,26,8,9
"Medina, Misamis Oriental, Philippines",8.90294,124.97271,PLDT Home Fiber,40760,45558,40.76,45.56,11,26,4,9
"Kalibo, Aklan, Philippines",11.70734,122.36986,Converge,55412,25803,55.41,25.80,13,26,12,17
"Minglanilla, Cebu, Philippines",10.24543,123.79599,Globe,252513,234214,252.51,234.21,15,26,11,16
"Porac, Pampanga, Philippines",15.06974,120.55007,PLDT,43953,38004,43.95,38.00,12,26,12,17
"Midsalip, Zamboanga del Sur, Philippines",8.02462,123.23632,Globe,92596,73804,92.60,73.80,7,26,16,16
"Orion, Bataan, Philippines",14.61604,120.56431,PLDT Home Fiber,168121,159619,168.12,159.62,8,26,10,13
"Imelda, Zamboanga Sibugay, Philippines",7.62787,122.95503,PLDT Home Fiber,32155,33916,32.16,33.92,9,26,4,4
"Naga, Cebu, Philippines",10.20764,123.75821,PLDT,180410,89585,180.41,89.59,3,26,10,12
"Laoag City, Ilocos Norte, Philippines",18.21075,120.58547,Globe,188386,187937,188.39,187.94,8,26,6,10
"Maitum, Sarangani, Philippines",6.12408,124.48636,PLDT,19171,20279,19.17,20.28,10,26,11,13
"Alaminos City, Pangasinan, Philippines",16.15053,119.98562,PLDT Home Fiber,38969,35659,38.97,35.66,8,26,9,14
"Tigaon, Camarines Sur, Philippines",13.61703,123.47198,PLDT Home Fiber,24620,26474,24.62,26.47,8,26,5,5
"Catarman, Northern Samar, Philippines",12.44271,124.61927,PLDT Home Fiber,99833,160203,99.83,160.20,28,25,7,13
"Tagbilaran City, Bohol, Philippines",9.6534,123.86703,Globe,98418,68996,98.42,69.00,9,25,13,15
"Valencia, Negros Oriental, Philippines",9.28494,123.1464,PLDT Home Fiber,51432,48511,51.43,48.51,6,25,7,13
"Pagalungan, Maguindanao, Philippines",6.93298,124.75198,PLDT Home Fiber,79313,90364,79.31,90.36,17,25,11,12
"Penaranda, Nueva Ecija, Philippines",15.36229,121.02204,PLDT,52249,62846,52.25,62.85,15,25,9,12
"Dapitan City, Zamboanga del Norte, Philippines",8.58118,123.42714,PLDT Home Fiber,89981,48888,89.98,48.89,9,25,11,18
"Kawayan, Biliran, Philippines",11.68428,124.40318,SpaceX Starlink,1912,1713,1.91,1.71,45,25,3,4
"Mabinay, Negros Oriental, Philippines",9.67161,122.94377,PLDT,238677,238588,238.68,238.59,7,25,5,6
"Trece Martires City, Cavite, Philippines",14.28222,120.86837,Converge,194339,174177,194.34,174.18,5,25,14,19
"San Fernando City, La Union, Philippines",16.61592,120.32102,PLDT Home Fiber,48319,61302,48.32,61.30,3,25,8,18
"Mabini, Batangas, Philippines",13.72355,120.9073,PLDT Home Fiber,55431,43192,55.43,43.19,15,25,4,5
"Subic, Zambales, Philippines",14.83066,120.18202,PLDT Home Fiber,293859,152739,293.86,152.74,8,25,4,9
"Santa Fe, Cebu, Philippines",11.16913,123.79088,Globe,87222,92660,87.22,92.66,8,25,6,10
"Mabalacat City, Pampanga, Philippines",15.24525,120.56567,Globe,208314,164978,208.31,164.98,4,25,9,16
"Daraga, Albay, Philippines",13.12278,123.69588,Converge,161499,266793,161.50,266.79,14,25,9,14
"Mandaue, Cebu, Philippines",10.3279,123.94273,SpaceX Starlink,44314,15665,44.31,15.67,30,25,5,8
"San Jose, Occidental Mindoro, Philippines",12.40119,121.10229,Converge,72418,50846,72.42,50.85,9,25,11,13
"General Mariano Alvarez, Cavite, Philippines",14.29525,121.0071,Converge,164281,262377,164.28,262.38,5,25,8,12
"San Fernando, Cebu, Philippines",10.16316,123.70738,PLDT Home Fiber,79189,145170,79.19,145.17,5,25,8,13
"Calbayog, Samar, Philippines",12.0685,124.59081,PLDT Home Fiber,65532,114808,65.53,114.81,24,25,8,13
"Estancia, Iloilo, Philippines",11.45356,123.13515,PLDT,54843,67843,54.84,67.84,11,25,8,11
"Bacolod, Negros Occidental, Philippines",10.66764,122.94556,SpaceX Starlink,45984,15301,45.98,15.30,27,25,9,14
"Jolo, Sulu, Philippines",6.04533,121.01631,SpaceX Starlink,7762,6586,7.76,6.59,63,25,1,1
"Bay, Laguna, Philippines",14.14064,121.26836,PLDT Home Fiber,194655,117559,194.66,117.56,7,24,15,18
"Tubod, Lanao del Norte, Philippines",7.99427,123.87462,PLDT Home Fiber,38388,38592,38.39,38.59,6,24,5,9
"Victoria, Laguna, Philippines",14.19678,121.34273,PLDT,194734,176632,194.73,176.63,10,24,11,16
"Vigan City, Ilocos Sur, Philippines",17.56485,120.38781,Converge,88650,93836,88.65,93.84,9,24,5,9
"Maasin, Southern Leyte, Philippines",10.13272,124.84081,PLDT,33055,9360,33.06,9.36,10,24,7,10
"Alamada, Cotabato, Philippines",7.47945,124.55284,PLDT,17164,21221,17.16,21.22,18,24,2,3
"Maramag, Bukidnon, Philippines",7.82687,124.97271,Converge,238316,333974,238.32,333.97,11,24,7,10
"Carmen, Cotabato, Philippines",7.38261,124.81826,Globe,134712,200742,134.71,200.74,8,24,16,16
"Bacolor, Pampanga, Philippines",14.99692,120.65235,Converge,184198,182600,184.20,182.60,3,24,12,18
"Pres. Manuel A. Roxas, Zamboanga del Norte, Philippines",8.51832,123.23278,PLDT Home Fiber,65472,82568,65.47,82.57,9,24,5,6
"Dinalupihan, Bataan, Philippines",14.88605,120.44729,PLDT Home Fiber,176951,139503,176.95,139.50,8,24,13,18
"Apalit, Pampanga, Philippines",14.95255,120.76688,Converge,62435,59980,62.44,59.98,4,24,8,11
"Angono, Rizal, Philippines",14.52592,121.15321,Converge,322558,336430,322.56,336.43,4,24,10,12
"San Miguel, Bulacan, Philippines",15.14158,120.9751,Globe,94477,94670,94.48,94.67,7,24,9,10
"Esperanza, Agusan del Sur, Philippines",8.6396,125.522,PLDT,17128,24799,17.13,24.80,11,24,4,5
"Pateros, Metro Manila, Philippines",14.54838,121.07077,Converge,310309,295545,310.31,295.55,3,24,8,11
"Panabo, Davao del Norte, Philippines",7.30822,125.68662,Globe,145678,153243,145.68,153.24,6,24,6,7
"San Fernando City, La Union, Philippines",16.61592,120.32102,Converge,166223,219146,166.22,219.15,8,24,6,8
"Siaton, Negros Oriental, Philippines",9.12425,123.03388,PLDT Home Fiber,22051,46306,22.05,46.31,12,24,6,7
"Puerto Princesa City, Palawan, Philippines",9.78563,118.62648,Globe,58912,54524,58.91,54.52,14,24,11,13
"Talisay, Batangas, Philippines",14.11598,121.04498,PLDT,155950,201271,155.95,201.27,5,24,4,12
"Plaridel, Bulacan, Philippines",14.88591,120.85932,Globe,236396,253313,236.40,253.31,7,24,6,7
"Cabucgayan, Biliran, Philippines",11.50169,124.56391,SpaceX Starlink,23410,8323,23.41,8.32,42,24,3,6
"Clarin, Misamis Occidental, Philippines",8.19969,123.86237,PLDT Home Fiber,47131,43154,47.13,43.15,8,24,6,7
"Tayum, Abra, Philippines",17.60148,120.67751,PLDT,170149,130110,170.15,130.11,5,24,7,7
"Virac, Catanduanes, Philippines",13.61939,124.17544,PLDT Home Fiber,92648,93716,92.65,93.72,12,24,5,13
"Mahatao, Batanes, Philippines",20.40516,121.953,SpaceX Starlink,3271,7677,3.27,7.68,37,24,1,1
"Maria Aurora, Aurora, Philippines",15.75061,121.3999,PLDT,146932,157440,146.93,157.44,11,24,5,6
"Mangaldan, Pangasinan, Philippines",16.06513,120.40474,PLDT Home Fiber,83467,113912,83.47,113.91,30,24,8,11
"Santo Domingo, Ilocos Sur, Philippines",17.64462,120.42424,PLDT Home Fiber,78612,57430,78.61,57.43,10,24,7,10
"Talibon, Bohol, Philippines",10.11933,124.26439,Globe,122370,135409,122.37,135.41,7,24,4,6
"Agoo, La Union, Philippines",16.3247,120.35508,Globe,115575,190435,115.58,190.44,5,23,5,6
"Tagana-an, Surigao del Norte, Philippines",9.68866,125.57673,SpaceX Starlink,119627,25666,119.63,25.67,45,23,2,2
"Los Baños, Laguna, Philippines",14.17731,121.22161,Converge,145648,93338,145.65,93.34,7,23,11,17
"Malasiqui, Pangasinan, Philippines",15.92028,120.41443,PLDT Home Fiber,179229,179049,179.23,179.05,9,23,15,15
"Polomolok, South Cotabato, Philippines",6.22451,125.06084,Globe,120012,131169,120.01,131.17,12,23,10,13
"Bauan, Batangas, Philippines",13.79627,120.97616,Converge,127476,163061,127.48,163.06,7,23,7,13
"Talavera, Nueva Ecija, Philippines",15.58575,120.9197,PLDT Home Fiber,80855,91774,80.86,91.77,11,23,10,15
"Tuguegarao City, Cagayan, Philippines",17.60306,121.75374,PLDT Home Fiber,59407,50195,59.41,50.20,12,23,12,15
"Floridablanca, Pampanga, Philippines",14.9619,120.49471,PLDT Home Fiber,88852,87811,88.85,87.81,7,23,12,17
"Compostela, Cebu, Philippines",10.45408,124.013,Globe,113715,124339,113.72,124.34,4,23,10,12
"Cavite, Philippines",14.48151,120.90833,PLDT Home Fiber,187788,340993,187.79,340.99,8,23,9,16
"Tago, Surigao del Sur, Philippines",8.95941,126.15454,SpaceX Starlink,287008,33456,287.01,33.46,23,23,1,3
"Solana, Cagayan, Philippines",17.65284,121.65113,Converge,110760,126688,110.76,126.69,13,23,14,14
"Bustos, Bulacan, Philippines",14.95239,120.91735,Globe,163505,94004,163.51,94.00,6,23,12,12
"Gonzaga, Cagayan, Philippines",18.24148,122.10647,PLDT,36303,23217,36.30,23.22,15,23,3,3
"Tuburan, Cebu, Philippines",10.66879,123.86345,PLDT Home Fiber,40269,54823,40.27,54.82,6,23,10,12
"Santa Catalina, Negros Oriental, Philippines",9.28676,122.94377,PLDT Home Fiber,32661,26296,32.66,26.30,6,23,1,3
"Tagbilaran City, Bohol, Philippines",9.6534,123.86703,Converge,52237,43630,52.24,43.63,29,23,10,16
"Miagao, Iloilo, Philippines",10.64201,122.23632,PLDT,51264,47246,51.26,47.25,7,23,13,15
"Ozamiz, Misamis Occidental, Philippines",8.15,123.85033,PLDT,24471,19907,24.47,19.91,9,23,5,10
"La Paz, Tarlac, Philippines",15.4497,120.7235,PLDT Home Fiber,230454,173419,230.45,173.42,8,23,7,11
"Sibalom, Antique, Philippines",10.76502,122.06102,Globe,61359,72008,61.36,72.01,20,23,6,9
"Tupi, South Cotabato, Philippines",6.33849,124.97271,PLDT Home Fiber,66501,183094,66.50,183.09,11,23,9,14
"Victoria, Tarlac, Philippines",15.59077,120.68901,Converge,163223,495817,163.22,495.82,9,23,10,14
"Norzagaray, Bulacan, Philippines",14.89659,121.14813,PLDT,177727,133272,177.73,133.27,7,23,11,16
"Dumangas, Iloilo, Philippines",10.82109,122.71167,PLDT,209843,208847,209.84,208.85,7,23,2,7
"Lucban, Quezon, Philippines",14.1144,121.55472,Converge,67139,91763,67.14,91.76,8,22,10,13
"Samal, Davao del Norte, Philippines",7.08352,125.70578,SpaceX Starlink,72444,14224,72.44,14.22,38,22,7,9
"Santo Tomas, Batangas, Philippines",14.08754,121.17764,Converge,294144,312188,294.14,312.19,8,22,10,14
"Digos, Davao del Sur, Philippines",6.74347,125.35515,PLDT,54003,65192,54.00,65.19,14,22,10,14
"Ibaan, Batangas, Philippines",13.81895,121.13082,Converge,85046,54838,85.05,54.84,7,22,6,6
"Lian, Batangas, Philippines",14.00589,120.6545,Converge,23274,23085,23.27,23.09,7,22,1,2
"Jamindan, Capiz, Philippines",11.39423,122.42407,PLDT,29086,41783,29.09,41.78,20,22,5,7
"Brooke's Point, Palawan, Philippines",8.78617,117.83817,PLDT,50885,51344,50.89,51.34,17,22,4,6
"Jaen, Nueva Ecija, Philippines",15.39558,120.87286,Converge,117279,131575,117.28,131.58,5,22,8,10
"Laoac, Pangasinan, Philippines",16.04341,120.53942,PLDT Home Fiber,99155,169659,99.16,169.66,13,22,5,6
"Quezon, Nueva Ecija, Philippines",15.56953,120.82692,PLDT,125286,124363,125.29,124.36,11,22,3,4
"Zaragoza, Nueva Ecija, Philippines",15.46003,120.79246,PLDT,74313,91907,74.31,91.91,10,22,9,10
"Borbon, Cebu, Philippines",10.84627,123.9973,PLDT,88305,203634,88.31,203.63,51,22,2,2
"Escalante City, Negros Occidental, Philippines",10.84117,123.49908,PLDT Home Fiber,88018,94719,88.02,94.72,6,22,13,15
"Floridablanca, Pampanga, Philippines",14.9619,120.49471,PLDT,103381,69696,103.38,69.70,25,22,10,13
"El Nido, Palawan, Philippines",11.19892,119.42317,PLDT,18058,49026,18.06,49.03,33,22,4,13
"Nasugbu, Batangas, Philippines",14.09404,120.68901,PLDT,8374,27921,8.37,27.92,20,22,4,6
"Sibagat, Agusan del Sur, Philippines",8.98225,125.78435,PLDT Home Fiber,89664,66210,89.66,66.21,22,22,2,2
"Compostela, Cebu, Philippines",10.45408,124.013,PLDT,316081,299622,316.08,299.62,7,22,13,15
"Indang, Cavite, Philippines",14.19204,120.87286,Globe,106039,100571,106.04,100.57,5,22,16,19
"Bugallon, Pangasinan, Philippines",15.92022,120.18202,PLDT Home Fiber,55557,133733,55.56,133.73,8,22,8,15
"San Remigio, Cebu, Philippines",10.9601,123.94155,Converge,128761,161866,128.76,161.87,5,22,5,6
"Masbate City, Masbate, Philippines",12.31777,123.55041,PLDT,54153,26283,54.15,26.28,19,22,9,17
"Ibaan, Batangas, Philippines",13.81895,121.13082,PLDT Home Fiber,88892,105415,88.89,105.42,5,22,10,12
"Buluan, Maguindanao, Philippines",6.70802,124.79065,PLDT Home Fiber,112864,104752,112.86,104.75,14,22,4,7
"Javier, Leyte, Philippines",10.76718,124.92861,PLDT Home Fiber,4685,1029,4.69,1.03,19,22,1,1
"Esperanza, Sultan Kudarat, Philippines",6.70074,124.48636,PLDT Home Fiber,102442,46477,102.44,46.48,11,22,8,8
"Ipil, Zamboanga Sibugay, Philippines",7.77318,122.57121,PLDT Home Fiber,71820,59894,71.82,59.89,21,22,6,10
"Santa Cruz, Davao del Sur, Philippines",6.83551,125.41659,Globe,250807,172375,250.81,172.38,3,22,6,6
"Mayantoc, Tarlac, Philippines",15.5632,120.32049,PLDT,113496,101689,113.50,101.69,3,22,8,8
"Bocaue, Bulacan, Philippines",14.7943,120.93073,PLDT,211620,187763,211.62,187.76,9,22,7,9
"Santa Catalina, Negros Oriental, Philippines",9.28676,122.94377,PLDT,35535,36007,35.54,36.01,5,22,6,6
"Ozamiz, Misamis Occidental, Philippines",8.15,123.85033,PLDT Home Fiber,49931,54159,49.93,54.16,5,22,11,12
"Roxas City, Capiz, Philippines",11.55288,122.74072,Converge,114062,33589,114.06,33.59,12,22,3,14
"Cuyapo, Nueva Ecija, Philippines",15.79995,120.68901,PLDT Home Fiber,94450,94221,94.45,94.22,10,22,9,13
"Dauin, Negros Oriental, Philippines",9.20373,123.19137,PLDT Home Fiber,164277,180628,164.28,180.63,6,22,2,2
"Santo Tomas, Batangas, Philippines",14.08754,121.17764,Globe,244492,148838,244.49,148.84,8,22,7,10
"Buenavista, Guimaras, Philippines",10.69691,122.6481,PLDT,30028,25532,30.03,25.53,19,22,5,5
"Gloria, Oriental Mindoro, Philippines",12.93397,121.37703,PLDT Home Fiber,64645,67476,64.65,67.48,12,21,9,10
"Malay, Aklan, Philippines",11.93033,121.95191,Converge,18623,13521,18.62,13.52,17,21,6,19
"San Isidro, Bohol, Philippines",9.84036,123.94155,PLDT,23179,35283,23.18,35.28,22,21,10,11
"Panitan, Capiz, Philippines",11.43981,122.77459,PLDT Home Fiber,71333,71223,71.33,71.22,9,21,8,10
"Davao City, Davao del Sur, Philippines",7.06475,125.60884,SpaceX Starlink,31779,13930,31.78,13.93,39,21,7,13
"Sibonga, Cebu, Philippines",10.01547,123.584,PLDT Home Fiber,54508,53163,54.51,53.16,4,21,5,6
"Morong, Bataan, Philippines",14.6798,120.26759,Converge,98754,113855,98.75,113.86,6,21,7,9
"Carmen, Cotabato, Philippines",7.38261,124.81826,PLDT,158676,132566,158.68,132.57,14,21,15,15
"Prosperidad, Agusan del Sur, Philippines",8.67623,125.87161,PLDT Home Fiber,31007,18409,31.01,18.41,7,21,3,9
"Bauang, La Union, Philippines",16.51433,120.35508,PLDT Home Fiber,123967,111559,123.97,111.56,3,21,9,12
"Tudela, Cebu, Philippines",10.66092,124.47527,Converge,142739,146919,142.74,146.92,16,21,12,14
"Bolinao, Pangasinan, Philippines",16.30742,119.85838,Converge,50889,19972,50.89,19.97,9,21,8,11
"Laoang, Northern Samar, Philippines",12.50219,125.01679,PLDT Home Fiber,15093,36102,15.09,36.10,41,21,8,11
"Escalante City, Negros Occidental, Philippines",10.84117,123.49908,PLDT,36453,43892,36.45,43.89,14,21,5,7
"Sara, Iloilo, Philippines",11.28199,123.01136,Converge,94444,130866,94.44,130.87,12,21,5,8
"Lagonoy, Camarines Sur, Philippines",13.86688,123.48319,PLDT,25335,72593,25.34,72.59,36,21,4,4
"Santa Barbara, Pangasinan, Philippines",15.9774,120.42424,PLDT Home Fiber,81295,95190,81.30,95.19,5,21,9,11
"Carranglan, Nueva Ecija, Philippines",15.97584,121.03351,PLDT Home Fiber,94711,94759,94.71,94.76,5,21,13,14
"Amadeo, Cavite, Philippines",14.18985,120.92452,Converge,301415,242431,301.42,242.43,6,21,11,14
"Labason, Zamboanga del Norte, Philippines",8.01373,122.51464,PLDT Home Fiber,42589,67385,42.59,67.39,12,21,6,9
"Gigaquit, Surigao del Norte, Philippines",9.48544,125.70792,SpaceX Starlink,69737,11594,69.74,11.59,37,21,1,1
"Bogo City, Cebu, Philippines",11.04623,124.00287,PLDT,54179,50009,54.18,50.01,27,21,11,13
"Ma-ayon, Capiz, Philippines",11.33826,122.87613,PLDT Home Fiber,97483,94825,97.48,94.83,12,21,6,8
"General Mariano Alvarez, Cavite, Philippines",14.29525,121.0071,Globe,153532,154483,153.53,154.48,6,21,4,7
"Cardona, Rizal, Philippines",14.48493,121.232,Globe,93255,117239,93.26,117.24,5,21,18,18
"Hinigaran, Negros Occidental, Philippines",10.27479,122.92123,PLDT Home Fiber,50198,33339,50.20,33.34,11,21,9,10
"Gingoog City, Misamis Oriental, Philippines",8.81446,125.10406,PLDT Home Fiber,40066,41461,40.07,41.46,8,21,10,10
"Nasugbu, Batangas, Philippines",14.09404,120.68901,Converge,116574,122490,116.57,122.49,6,21,8,16
"Tabina, Zamboanga del Sur, Philippines",7.42208,123.40471,PLDT Home Fiber,19919,17580,19.92,17.58,38,21,2,2
"Tayug, Pangasinan, Philippines",16.01085,120.74649,PLDT Home Fiber,77402,94639,77.40,94.64,9,21,9,12
"San Rafael, Bulacan, Philippines",15.00184,120.93141,Globe,140174,261144,140.17,261.14,6,21,11,15
"Poro, Cebu, Philippines",10.66646,124.43092,PLDT,96015,79468,96.02,79.47,9,21,4,8
"Baras, Rizal, Philippines",14.53656,121.27408,PLDT,210906,234588,210.91,234.59,4,21,4,5
"Palompon, Leyte, Philippines",11.03374,124.43092,PLDT,11943,21350,11.94,21.35,80,21,2,3
"Digos, Davao del Sur, Philippines",6.74347,125.35515,Converge,148226,162933,148.23,162.93,4,21,10,13
"Cainta, Rizal, Philippines",14.58056,121.11565,SpaceX Starlink,8518,8335,8.52,8.34,28,21,2,2
"San Rafael, Bulacan, Philippines",15.00184,120.93141,Converge,283759,69038,283.76,69.04,5,21,11,17
"Alfonso, Cavite, Philippines",14.1214,120.86138,Converge,55799,39163,55.80,39.16,6,21,5,8
"Pulilan, Bulacan, Philippines",14.90243,120.8459,Converge,79467,92427,79.47,92.43,4,21,8,13
"Carmen, Cebu, Philippines",10.58876,123.96385,Globe,149736,141407,149.74,141.41,6,21,6,6
"Ilagan City, Isabela, Philippines",17.12845,122.12918,PLDT Home Fiber,72404,60069,72.40,60.07,11,20,8,12
"Kabacan, Cotabato, Philippines",7.10719,124.84034,Globe,281876,48069,281.88,48.07,20,20,3,3
"Bulakan, Bulacan, Philippines",14.79484,120.87889,Globe,237300,179244,237.30,179.24,8,20,4,4
"Manito, Albay, Philippines",13.12578,123.86797,Converge,4561,4851,4.56,4.85,5,20,3,9
"Lobo, Batangas, Philippines",13.6877,121.23974,Globe,272170,329771,272.17,329.77,8,20,4,4
"Rosario, Batangas, Philippines",13.80433,121.28552,Converge,169096,137055,169.10,137.06,10,20,7,11
"Taysan, Batangas, Philippines",13.76108,121.2283,Converge,149206,164390,149.21,164.39,8,20,8,11
"Zumarraga, Samar, Philippines",11.66117,124.8569,Converge,46013,37419,46.01,37.42,8,20,1,1
"Antipolo, Rizal, Philippines",14.58584,121.17569,SpaceX Starlink,117627,18293,117.63,18.29,22,20,1,1
"Ajuy, Iloilo, Philippines",11.13583,123.0001,PLDT,33793,34940,33.79,34.94,14,20,9,12
"Silay, Negros Occidental, Philippines",10.79968,122.97605,SpaceX Starlink,15699,15778,15.70,15.78,34,20,2,4
"Cauayan City, Isabela, Philippines",16.91662,121.78792,Converge,75358,80496,75.36,80.50,8,20,7,13
"Porac, Pampanga, Philippines",15.06974,120.55007,PLDT Home Fiber,172757,174808,172.76,174.81,7,20,11,15
"Opol, Misamis Oriental, Philippines",8.52263,124.57239,PLDT Home Fiber,190086,274712,190.09,274.71,2,20,7,7
"Nabua, Camarines Sur, Philippines",13.4069,123.37324,PLDT,30345,44623,30.35,44.62,19,20,6,6
"General Mamerto Natividad, Nueva Ecija, Philippines",15.58788,121.04498,PLDT,24122,24561,24.12,24.56,10,20,9,10
"City of Mati, Davao Oriental, Philippines",6.95722,126.15454,SpaceX Starlink,15838,10254,15.84,10.25,41,20,6,8
"City of Guihulngan, Negros Oriental, Philippines",10.18323,123.21385,PLDT,19768,23461,19.77,23.46,16,20,4,4
"Tagum, Davao del Norte, Philippines",7.44742,125.80246,Converge,223433,199846,223.43,199.85,4,20,5,9
"Aurora, Isabela, Philippines",16.99011,121.63617,PLDT,47321,49551,47.32,49.55,12,20,5,10
"Gerona, Tarlac, Philippines",15.60489,120.59698,PLDT Home Fiber,46317,50277,46.32,50.28,6,20,8,13
"Muñoz, Nueva Ecija, Philippines",15.70664,120.9029,Globe,267662,226363,267.66,226.36,5,20,16,19
"Bayombong, Nueva Vizcaya, Philippines",16.48042,121.14813,PLDT Home Fiber,75417,94527,75.42,94.53,7,20,10,14
"Dulag, Leyte, Philippines",10.95915,125.00577,PLDT,93747,83614,93.75,83.61,18,20,6,8
"San Isidro, Leyte, Philippines",11.43102,124.36434,PLDT Home Fiber,142446,179071,142.45,179.07,1,20,8,8
"Dingle, Iloilo, Philippines",10.9991,122.67043,PLDT,113116,124337,113.12,124.34,12,20,9,12
"Guimba, Nueva Ecija, Philippines",15.65641,120.76767,PLDT,70230,68609,70.23,68.61,20,20,10,12
"Cordova, Cebu, Philippines",10.25278,123.9494,PLDT Home Fiber,406984,446318,406.98,446.32,3,20,4,7
"Cabuyao City, Laguna, Philippines",14.27433,121.11961,Converge,138744,170410,138.74,170.41,6,20,8,14
"Jagna, Bohol, Philippines",9.6994,124.34214,Globe,76070,30327,76.07,30.33,16,20,4,5
"Bacong, Negros Oriental, Philippines",9.24338,123.27003,PLDT Home Fiber,173155,210869,173.16,210.87,5,20,6,9
"Malita, Davao Occidental, Philippines",6.41184,125.61321,PLDT Home Fiber,69825,49283,69.83,49.28,12,20,5,8
"Makati City, Metro Manila, Philippines",14.55474,121.02444,SpaceX Starlink,23151,9575,23.15,9.58,25,20,6,6
"Laoag City, Ilocos Norte, Philippines",18.21075,120.58547,Converge,94079,101599,94.08,101.60,10,20,12,13
"Pototan, Iloilo, Philippines",10.94194,122.63874,PLDT,93644,73929,93.64,73.93,9,20,9,12
"Capalonga, Camarines Norte, Philippines",14.2787,122.51464,SpaceX Starlink,41743,9727,41.74,9.73,43,20,2,2
"Manapla, Negros Occidental, Philippines",10.95795,123.12428,PLDT Home Fiber,52257,50238,52.26,50.24,10,19,14,14
"Argao, Cebu, Philippines",9.88114,123.60535,PLDT,108966,93591,108.97,93.59,13,19,11,14
"Narvacan, Ilocos Sur, Philippines",17.44229,120.49336,PLDT Home Fiber,148578,182627,148.58,182.63,12,19,9,13
"Aloguinsan, Cebu, Philippines",10.19171,123.56161,PLDT Home Fiber,341258,499385,341.26,499.39,4,19,6,7
"Carmen, Bohol, Philippines",9.81991,124.19656,PLDT,60061,93401,60.06,93.40,18,19,8,11
"Valderrama, Antique, Philippines",11.06521,122.19731,SpaceX Starlink,214583,20837,214.58,20.84,24,19,1,3
"Noveleta, Cavite, Philippines",14.42785,120.88009,PLDT,198140,400829,198.14,400.83,9,19,5,6
"San Carlos City, Negros Occidental, Philippines",10.48344,123.30371,Globe,200222,273469,200.22,273.47,9,19,10,12
"San Juan, Southern Leyte, Philippines",10.26385,125.20386,Globe,24738,24177,24.74,24.18,11,19,5,6
"Pontevedra, Capiz, Philippines",11.4285,122.86485,PLDT Home Fiber,39350,60958,39.35,60.96,9,19,9,9
"Bacacay, Albay, Philippines",13.29586,123.87462,PLDT,76067,81123,76.07,81.12,12,19,6,6
"Asuncion (Saug), Davao del Norte, Philippines",7.60603,125.76252,PLDT Home Fiber,172388,54672,172.39,54.67,10,19,6,8
"Magsingal, Ilocos Sur, Philippines",17.6831,120.44729,PLDT Home Fiber,82101,71382,82.10,71.38,14,19,7,8
"Cauayan City, Isabela, Philippines",16.91662,121.78792,PLDT,59553,64125,59.55,64.13,12,19,8,10
"Oras, Eastern Samar, Philippines",12.17696,125.36857,PLDT Home Fiber,174212,200548,174.21,200.55,8,19,2,5
"Agoo, La Union, Philippines",16.3247,120.35508,PLDT Home Fiber,46163,31850,46.16,31.85,4,19,6,6
"Panabo, Davao del Norte, Philippines",7.30822,125.68662,SpaceX Starlink,198509,26762,198.51,26.76,31,19,1,2
"Victorias, Negros Occidental, Philippines",10.901,123.07045,PLDT,19469,26466,19.47,26.47,17,19,5,7
"Binmaley, Pangasinan, Philippines",16.02892,120.26882,PLDT Home Fiber,36209,42117,36.21,42.12,16,19,7,8
"Siquijor, Philippines",9.19621,123.53921,SpaceX Starlink,128,12995,0.13,13.00,38,19,1,2
"Bayombong, Nueva Vizcaya, Philippines",16.48042,121.14813,PLDT,90909,48880,90.91,48.88,9,19,9,11
"Dupax Del Norte, Nueva Vizcaya, Philippines",16.21435,121.23974,PLDT Home Fiber,90478,90327,90.48,90.33,4,19,14,14
"Liloy, Zamboanga del Norte, Philippines",8.07325,122.69555,Globe,59936,34341,59.94,34.34,11,19,5,5
"Cantilan, Surigao del Sur, Philippines",9.27827,125.88251,PLDT Home Fiber,17335,16843,17.34,16.84,9,19,5,8
"Balud, Masbate, Philippines",12.04326,123.23632,SpaceX Starlink,11179,3307,11.18,3.31,31,19,6,7
"Tuguegarao City, Cagayan, Philippines",17.60306,121.75374,Globe,120868,111932,120.87,111.93,11,19,9,11
"Zamboanga City, Zamboanga del Sur, Philippines",6.90437,122.07612,SpaceX Starlink,56777,8122,56.78,8.12,48,19,7,10
"Villasis, Pangasinan, Philippines",15.90523,120.55094,PLDT Home Fiber,167028,157981,167.03,157.98,9,19,10,12
"Impasug-ong, Bukidnon, Philippines",8.38854,125.08286,Converge,46152,46533,46.15,46.53,24,19,6,8
"Ozamiz, Misamis Occidental, Philippines",8.15,123.85033,Globe,355871,45479,355.87,45.48,10,19,9,15
"Amadeo, Cavite, Philippines",14.18985,120.92452,Globe,118935,106629,118.94,106.63,6,19,15,16
"Malvar, Batangas, Philippines",14.04329,121.15875,PLDT,129918,140338,129.92,140.34,16,19,12,17
"Sipalay City, Negros Occidental, Philippines",9.71979,122.49201,PLDT Home Fiber,204721,220327,204.72,220.33,8,19,5,8
"Basco, Batanes, Philippines",20.46344,122.00418,SpaceX Starlink,25827,12512,25.83,12.51,39,19,4,11
"Camiling, Tarlac, Philippines",15.67495,120.41272,PLDT Home Fiber,86850,91133,86.85,91.13,10,19,8,11
"Tanjay City, Negros Oriental, Philippines",9.49579,122.9663,Globe,129980,98364,129.98,98.36,12,19,5,8
"Dapa, Surigao del Norte, Philippines",9.78925,126.0676,PLDT Home Fiber,184729,132904,184.73,132.90,17,18,7,8
"Amadeo, Cavite, Philippines",14.18985,120.92452,PLDT Home Fiber,44995,51823,45.00,51.82,5,18,8,12
"Maasim, Sarangani, Philippines",5.92672,124.99475,SpaceX Starlink,16731,426,16.73,0.43,38,18,3,7
"Isulan, Sultan Kudarat, Philippines",6.6318,124.44201,Globe,37883,92582,37.88,92.58,15,18,3,6
"City of Tandag, Surigao del Sur, Philippines",9.08041,126.0676,PLDT Home Fiber,85978,54236,85.98,54.24,10,18,4,7
"Bobon, Northern Samar, Philippines",12.41622,124.53068,Globe,364851,308778,364.85,308.78,12,18,5,5
"Mapandan, Pangasinan, Philippines",16.02726,120.45379,PLDT,97852,89932,97.85,89.93,5,18,10,10
"General Luna, Surigao del Norte, Philippines",9.78375,126.15657,SpaceX Starlink,81126,17178,81.13,17.18,35,18,7,11
"City of Tabuk, Kalinga, Philippines",17.42402,121.3999,PLDT Home Fiber,149976,105481,149.98,105.48,15,18,3,3
"Pozorrubio, Pangasinan, Philippines",16.11642,120.54316,PLDT,84130,102180,84.13,102.18,6,18,7,7
"Hinoba-an, Negros Occidental, Philippines",9.5554,122.58252,PLDT,21566,17859,21.57,17.86,7,18,6,8
"Umingan, Pangasinan, Philippines",15.90396,120.82692,PLDT,141490,146108,141.49,146.11,8,18,7,12
"Sibulan, Negros Oriental, Philippines",9.35972,123.28476,PLDT,66030,70656,66.03,70.66,5,18,7,9
"Opol, Misamis Oriental, Philippines",8.52263,124.57239,Globe,136418,91501,136.42,91.50,4,18,8,9
"Tigbauan, Iloilo, Philippines",10.6746,122.37648,PLDT,134225,91134,134.23,91.13,16,18,4,6
"Tagum, Davao del Norte, Philippines",7.44742,125.80246,PLDT,72884,70223,72.88,70.22,8,18,9,9
"Zamboanguita, Negros Oriental, Philippines",9.13189,123.1464,PLDT Home Fiber,203664,233932,203.66,233.93,7,18,5,9
"Marawi City, Lanao del Sur, Philippines",8.0292,124.29772,Globe,67811,35399,67.81,35.40,9,18,8,10
"Siaton, Negros Oriental, Philippines",9.12425,123.03388,PLDT,28884,25540,28.88,25.54,48,18,2,3
"Ligawasan, Cotabato, Philippines",6.99783,124.63912,PLDT Home Fiber,61042,72540,61.04,72.54,21,18,14,14
"San Juan, La Union, Philippines",16.6711,120.33844,PLDT Home Fiber,107308,120330,107.31,120.33,2,18,3,8
"Vinzons, Camarines Norte, Philippines",14.21145,122.88741,Globe,105649,95223,105.65,95.22,11,18,3,3
"Lala, Lanao del Norte, Philippines",7.9486,123.76295,PLDT Home Fiber,95554,97566,95.55,97.57,8,18,7,10
"Santa Cruz, Laguna, Philippines",14.26911,121.41133,Converge,132806,110420,132.81,110.42,7,18,4,7
"Gerona, Tarlac, Philippines",15.60489,120.59698,Converge,76980,15163,76.98,15.16,7,18,5,9
"Molave, Zamboanga del Sur, Philippines",8.10419,123.4944,PLDT Home Fiber,35071,31016,35.07,31.02,13,18,5,11
"Laguindingan, Misamis Oriental, Philippines",8.59435,124.43092,PLDT,183277,119249,183.28,119.25,3,18,3,4
"Zarraga, Iloilo, Philippines",10.82405,122.60846,Converge,94169,174981,94.17,174.98,9,18,9,11
"Coron, Palawan, Philippines",12.0673,120.18202,Converge,290053,293654,290.05,293.65,11,18,3,6
"Norzagaray, Bulacan, Philippines",14.89659,121.14813,PLDT Home Fiber,158946,117091,158.95,117.09,6,18,12,14
"Mabinay, Negros Oriental, Philippines",9.67161,122.94377,PLDT Home Fiber,131532,117288,131.53,117.29,7,18,4,9
"Aloran, Misamis Occidental, Philippines",8.41606,123.82447,PLDT,48048,47648,48.05,47.65,30,18,10,10
"Lemery, Iloilo, Philippines",11.21441,122.92123,PLDT,19922,19458,19.92,19.46,11,18,4,5
"Rizal, Occidental Mindoro, Philippines",12.49396,121.01057,Converge,75482,199401,75.48,199.40,9,18,4,6
"Orion, Bataan, Philippines",14.61604,120.56431,Converge,275422,109938,275.42,109.94,10,18,10,13
"Infanta, Pangasinan, Philippines",15.87303,120.00874,Converge,13814,144322,13.81,144.32,6,18,3,4
"Pulilan, Bulacan, Philippines",14.90243,120.8459,Globe,267241,254276,267.24,254.28,7,18,6,7
"Candaba, Pampanga, Philippines",15.09289,120.8277,Converge,96656,84760,96.66,84.76,5,18,6,12
"San Narciso, Zambales, Philippines",15.01114,120.08963,Globe,105029,45378,105.03,45.38,8,18,5,6
"Natonin, Mountain Province, Philippines",17.12862,121.28552,PLDT Home Fiber,79665,74965,79.67,74.97,9,18,12,13
"Jordan, Guimaras, Philippines",10.59807,122.57121,PLDT Home Fiber,60275,59375,60.28,59.38,8,18,6,8
"San Fabian, Pangasinan, Philippines",16.14188,120.44729,PLDT Home Fiber,64160,78348,64.16,78.35,5,18,4,6
"Hagonoy, Davao del Sur, Philippines",6.69701,125.3137,Converge,160522,174579,160.52,174.58,4,18,4,6
"City of Bayugan, Agusan del Sur, Philippines",8.71381,125.74865,PLDT,28315,30532,28.32,30.53,10,18,6,9
"Tabaco City, Albay, Philippines",13.36138,123.72876,Converge,8331,12155,8.33,12.16,12,18,3,10
"Badian, Cebu, Philippines",9.83209,123.41593,PLDT Home Fiber,247092,266190,247.09,266.19,6,18,6,7
"Cavite, Philippines",14.48151,120.90833,Globe,557191,287615,557.19,287.62,4,18,8,8
"San Carlos City, Pangasinan, Philippines",15.92589,120.34827,PLDT Home Fiber,47740,49621,47.74,49.62,7,18,5,8
"Kapalong, Davao del Norte, Philippines",7.82951,125.522,PLDT Home Fiber,106985,61814,106.99,61.81,11,18,8,12
"Angadanan, Isabela, Philippines",16.7913,121.78792,PLDT,16500,23964,16.50,23.96,20,18,4,7
"Dao, Capiz, Philippines",11.38895,122.70684,Converge,242973,180233,242.97,180.23,10,18,2,3
"Lake Sebu, South Cotabato, Philippines",6.24474,124.55284,PLDT Home Fiber,12091,32031,12.09,32.03,37,18,6,7
"Pulupandan, Negros Occidental, Philippines",10.51892,122.80429,PLDT Home Fiber,152820,233301,152.82,233.30,7,18,5,7
"Iriga City, Camarines Sur, Philippines",13.42095,123.41361,PLDT,167960,241864,167.96,241.86,12,18,6,7
"Moalboal, Cebu, Philippines",9.93681,123.42714,Globe,116289,90235,116.29,90.24,9,18,4,7
"Goa, Camarines Sur, Philippines",13.73619,123.41593,PLDT,32762,20906,32.76,20.91,11,18,7,8
"San Remigio, Cebu, Philippines",10.9601,123.94155,PLDT Home Fiber,26022,35657,26.02,35.66,6,18,6,7
"Mangatarem, Pangasinan, Philippines",15.73801,120.27435,PLDT,93041,96351,93.04,96.35,8,17,7,8
"Maasim, Sarangani, Philippines",5.92672,124.99475,PLDT Home Fiber,304614,224238,304.61,224.24,10,17,2,3
"Umingan, Pangasinan, Philippines",15.90396,120.82692,PLDT Home Fiber,116141,101215,116.14,101.22,10,17,7,13
"Roxas, Isabela, Philippines",17.12035,121.61915,Globe,121703,107779,121.70,107.78,8,17,5,5
"Dasol, Pangasinan, Philippines",15.96259,119.90466,Converge,105070,189449,105.07,189.45,6,17,6,7
"Minglanilla, Cebu, Philippines",10.24543,123.79599,PLDT Home Fiber,29971,37174,29.97,37.17,17,17,6,11
"Baco, Oriental Mindoro, Philippines",13.35793,121.09628,PLDT,241437,183816,241.44,183.82,21,17,3,3
"Aroroy, Masbate, Philippines",12.38843,123.32617,Converge,17756,19031,17.76,19.03,17,17,3,5
"Mambajao, Camiguin, Philippines",9.22153,124.71882,PLDT Home Fiber,70933,59789,70.93,59.79,4,17,8,11
"Itogon, Benguet, Philippines",16.36116,120.6787,SpaceX Starlink,30993,15621,30.99,15.62,28,17,6,7
"Viga, Catanduanes, Philippines",13.85003,124.29772,PLDT,204605,188866,204.61,188.87,11,17,5,7
"Hamtic, Antique, Philippines",10.65189,122.01555,PLDT,29681,28284,29.68,28.28,17,17,7,10
"Santa Barbara, Iloilo, Philippines",10.82707,122.53265,Converge,118697,131111,118.70,131.11,9,17,4,5
"Subic Bay Freeport Zone, Philippines",14.80319,120.30033,PLDT Home Fiber,246642,234781,246.64,234.78,7,17,7,10
"La Trinidad, Benguet, Philippines",16.44844,120.59047,PLDT,93272,93329,93.27,93.33,11,17,6,8
"Taguig, Metro Manila, Philippines",14.53063,121.05755,SpaceX Starlink,43470,11639,43.47,11.64,25,17,7,12
"Bataraza, Palawan, Philippines",8.5878,117.43215,PLDT,26354,5686,26.35,5.69,18,17,5,6
"Paombong, Bulacan, Philippines",14.83781,120.78406,PLDT Home Fiber,84741,94644,84.74,94.64,5,17,4,6
"Lubao, Pampanga, Philippines",14.92678,120.58795,PLDT,145382,144310,145.38,144.31,6,17,5,6
"Calumpit, Bulacan, Philippines",14.91518,120.7662,PLDT,29763,62786,29.76,62.79,41,17,10,13
"Naga, Cebu, Philippines",10.20764,123.75821,PLDT Home Fiber,71630,84191,71.63,84.19,3,17,8,11
"City of Catbalogan, Samar, Philippines",11.85683,124.88449,PLDT Home Fiber,176957,202001,176.96,202.00,16,17,5,9
"Teresa, Rizal, Philippines",14.5597,121.20593,PLDT Home Fiber,188716,68053,188.72,68.05,3,17,11,11
"Siniloan, Laguna, Philippines",14.43831,121.48561,PLDT Home Fiber,191654,169229,191.65,169.23,8,17,4,8
"Tanudan, Kalinga, Philippines",17.26256,121.23974,PLDT Home Fiber,617637,189961,617.64,189.96,7,17,17,17
"Quezon City, Metro Manila, Philippines",14.64879,121.05094,SpaceX Starlink,55601,9658,55.60,9.66,22,17,7,10
"Samal, Bataan, Philippines",14.77188,120.51639,Converge,83576,99372,83.58,99.37,6,17,5,9
"Silay, Negros Occidental, Philippines",10.79968,122.97605,PLDT Home Fiber,132235,84181,132.24,84.18,9,17,10,13
"San Francisco, Cebu, Philippines",10.64719,124.35324,SpaceX Starlink,149742,28741,149.74,28.74,32,17,4,6
"San Jose, Negros Oriental, Philippines",9.40362,123.20261,PLDT Home Fiber,117948,73423,117.95,73.42,11,17,4,7
"Marihatag, Surigao del Sur, Philippines",8.81155,126.15454,PLDT,5601,20478,5.60,20.48,28,17,7,8
"Tacloban City, Leyte, Philippines",11.22238,124.99221,Converge,261696,291185,261.70,291.19,8,17,9,13
"Inabanga, Bohol, Philippines",10.01418,124.09755,PLDT Home Fiber,95018,72481,95.02,72.48,18,17,6,8
"Silay, Negros Occidental, Philippines",10.79968,122.97605,Converge,158931,164505,158.93,164.51,9,17,6,10
"Diplahan, Zamboanga Sibugay, Philippines",7.74854,122.9663,PLDT Home Fiber,605156,426278,605.16,426.28,8,17,1,2
"San Francisco (Aurora), Quezon, Philippines",13.29776,122.5599,SpaceX Starlink,65505,12790,65.51,12.79,25,17,4,6
"General Tinio (Papaya), Nueva Ecija, Philippines",15.36345,121.21685,PLDT,48012,19335,48.01,19.34,12,17,12,13
"San Jose City, Nueva Ecija, Philippines",15.79188,120.99008,PLDT,151326,149583,151.33,149.58,12,17,7,8
"Alamada, Cotabato, Philippines",7.47945,124.55284,PLDT Home Fiber,51091,57290,51.09,57.29,68,16,2,4
"Pavia, Iloilo, Philippines",10.7748,122.54261,Converge,201180,185238,201.18,185.24,9,16,5,7
"Santo Tomas, Batangas, Philippines",14.08754,121.17764,SpaceX Starlink,112862,16992,112.86,16.99,26,16,2,2
"Nasipit, Agusan del Norte, Philippines",8.93971,125.32468,Converge,68641,69213,68.64,69.21,18,16,2,3
"Hermosa, Bataan, Philippines",14.83566,120.47709,Converge,89406,72668,89.41,72.67,5,16,8,12
"Masantol, Pampanga, Philippines",14.85669,120.68326,PLDT,15711,14428,15.71,14.43,10,16,3,3
"Lingig, Surigao del Sur, Philippines",8.05531,126.37148,PLDT,55048,69726,55.05,69.73,8,16,2,2
"Paracale, Camarines Norte, Philippines",14.23721,122.78588,PLDT Home Fiber,35418,46828,35.42,46.83,14,16,4,7
"Echague, Isabela, Philippines",16.66606,121.78792,PLDT Home Fiber,99815,102749,99.82,102.75,14,16,7,9
"Rosario, Agusan del Sur, Philippines",8.34247,126.0676,PLDT Home Fiber,77720,128597,77.72,128.60,11,16,2,5
"Pinamungahan, Cebu, Philippines",10.26958,123.63996,PLDT,27062,47545,27.06,47.55,10,16,8,8
"Rizal, Laguna, Philippines",14.08408,121.41133,PLDT,106745,107559,106.75,107.56,8,16,11,11
"Libmanan, Camarines Sur, Philippines",13.69376,123.05982,PLDT Home Fiber,58600,73980,58.60,73.98,34,16,5,5
"New Washington, Aklan, Philippines",11.6466,122.39009,PLDT Home Fiber,126235,52657,126.24,52.66,11,16,3,4
"San Juan, La Union, Philippines",16.6711,120.33844,Converge,51608,56024,51.61,56.02,4,16,8,10
"Taysan, Batangas, Philippines",13.76108,121.2283,Globe,285168,266213,285.17,266.21,8,16,14,14
"San Dionisio, Iloilo, Philippines",11.32418,123.06765,PLDT Home Fiber,63378,64312,63.38,64.31,11,16,5,5
"Kitaotao, Bukidnon, Philippines",7.59444,125.10487,SpaceX Starlink,75048,19632,75.05,19.63,30,16,1,1
"Pilar, Capiz, Philippines",11.46783,123.02262,PLDT,66000,44371,66.00,44.37,13,16,5,6
"San Jose de Buenavista, Antique, Philippines",10.74901,121.94128,PLDT Home Fiber,127665,211039,127.67,211.04,8,16,6,11
"Bacnotan, La Union, Philippines",16.73397,120.36661,PLDT Home Fiber,358384,267600,358.38,267.60,5,16,4,6
"Pio V. Corpuz, Masbate, Philippines",11.84746,124.03072,PLDT Home Fiber,10702,11233,10.70,11.23,29,16,2,2
"Talisay, Batangas, Philippines",14.11598,121.04498,PLDT Home Fiber,155409,142097,155.41,142.10,6,16,10,13
"Palayan City, Nueva Ecija, Philippines",15.53906,121.09083,Converge,306673,286603,306.67,286.60,5,16,8,11
"Bacong, Negros Oriental, Philippines",9.24338,123.27003,Globe,26477,68880,26.48,68.88,12,16,2,3
"Santa Rosa, Nueva Ecija, Philippines",15.42502,120.93838,PLDT,192142,261559,192.14,261.56,11,16,9,9
"Maasin, Iloilo, Philippines",10.9199,122.42407,PLDT Home Fiber,34133,89597,34.13,89.60,7,16,6,8
"Castilla, Sorsogon, Philippines",12.95518,123.8188,PLDT Home Fiber,68170,11792,68.17,11.79,19,16,2,5
"Guiguinto, Bulacan, Philippines",14.82832,120.88429,Globe,218690,123993,218.69,123.99,8,16,7,12
"Dipolog City, Zamboanga del Norte, Philippines",8.58717,123.34035,PLDT,59999,41010,60.00,41.01,12,16,6,12
"Panabo, Davao del Norte, Philippines",7.30822,125.68662,PLDT Home Fiber,32560,49852,32.56,49.85,10,16,3,8
"Licab, Nueva Ecija, Philippines",15.54706,120.76948,PLDT,78611,83154,78.61,83.15,20,16,2,4
"Sogod, Southern Leyte, Philippines",10.44929,125.01679,PLDT,29369,36162,29.37,36.16,15,16,6,6
"Barili, Cebu, Philippines",10.1254,123.55041,PLDT Home Fiber,134540,137674,134.54,137.67,4,16,3,4
"Bagumbayan, Sultan Kudarat, Philippines",6.4606,124.55284,PLDT Home Fiber,49715,23570,49.72,23.57,18,16,3,9
"San Leonardo, Nueva Ecija, Philippines",15.37285,120.95321,Globe,94421,94601,94.42,94.60,6,16,13,13
"Libon, Albay, Philippines",13.26065,123.37106,PLDT Home Fiber,104180,36598,104.18,36.60,8,16,2,2
"Dauis, Bohol, Philippines",9.60401,123.82996,PLDT Home Fiber,67327,83680,67.33,83.68,9,16,8,10
"Naguilian, La Union, Philippines",16.52435,120.42424,Converge,314120,131471,314.12,131.47,3,16,10,10
"Hamtic, Antique, Philippines",10.65189,122.01555,PLDT Home Fiber,360724,365879,360.72,365.88,7,16,2,5
"Abuyog, Leyte, Philippines",10.67348,125.06084,PLDT Home Fiber,89644,79617,89.64,79.62,7,16,1,2
"San Francisco, Agusan del Sur, Philippines",8.44573,125.95878,PLDT Home Fiber,37247,33999,37.25,34.00,6,16,8,12
"Toledo, Cebu, Philippines",10.38705,123.65017,PLDT Home Fiber,93781,70013,93.78,70.01,4,16,9,11
"Cordova, Cebu, Philippines",10.25278,123.9494,Globe,230523,188704,230.52,188.70,6,16,5,6
"San Simon, Pampanga, Philippines",14.98432,120.75127,PLDT Home Fiber,129411,128945,129.41,128.95,7,16,5,6
"Borbon, Cebu, Philippines",10.84627,123.9973,PLDT Home Fiber,123860,158822,123.86,158.82,6,16,4,4
"San Joaquin, Iloilo, Philippines",10.64155,122.10647,PLDT Home Fiber,39649,42141,39.65,42.14,7,16,3,3
"Aurora, Zamboanga del Sur, Philippines",7.95458,123.59519,PLDT,37767,40302,37.77,40.30,6,16,2,2
"Bulan, Sorsogon, Philippines",12.70367,123.90809,PLDT,44151,16500,44.15,16.50,19,16,4,7
"Caibiran, Biliran, Philippines",11.5601,124.56391,SpaceX Starlink,17161,7332,17.16,7.33,35,16,4,5
"San Andres, Romblon, Philippines",12.53099,122.04965,PLDT Home Fiber,331564,347947,331.56,347.95,28,16,4,6
"Banna, Ilocos Norte, Philippines",17.95679,120.643,Converge,120692,162759,120.69,162.76,11,16,2,3
"Hinatuan, Surigao del Sur, Philippines",8.41693,126.3173,PLDT,61490,73901,61.49,73.90,8,16,1,1
"Cauayan City, Isabela, Philippines",16.91662,121.78792,PLDT Home Fiber,75950,76046,75.95,76.05,11,16,12,15
"Baganga, Davao Oriental, Philippines",7.6001,126.39314,PLDT,71240,65384,71.24,65.38,15,16,2,2
"Binmaley, Pangasinan, Philippines",16.02892,120.26882,Converge,99590,74510,99.59,74.51,6,16,7,8
"Barcelona, Sorsogon, Philippines",12.84149,124.11981,PLDT Home Fiber,122000,119210,122.00,119.21,18,16,6,6
"Libon, Albay, Philippines",13.26065,123.37106,Converge,160204,132266,160.20,132.27,2,16,2,6
"Mahayag, Zamboanga del Sur, Philippines",8.15835,123.41593,PLDT Home Fiber,65384,73604,65.38,73.60,8,16,6,6
"San Pablo City, Laguna, Philippines",14.06422,121.32326,Globe,291605,257909,291.61,257.91,8,16,4,9
"Maitum, Sarangani, Philippines",6.12408,124.48636,PLDT Home Fiber,60707,63425,60.71,63.43,10,16,4,6
"Basey, Samar, Philippines",11.40967,125.17087,PLDT,33173,31825,33.17,31.83,41,16,6,7
"Baras, Rizal, Philippines",14.53656,121.27408,PLDT Home Fiber,91773,77887,91.77,77.89,4,16,4,10
"Hagonoy, Bulacan, Philippines",14.83564,120.73371,PLDT,80032,52137,80.03,52.14,7,16,7,12
"Pagsanjan, Laguna, Philippines",14.26244,121.45704,PLDT,112449,124135,112.45,124.14,6,16,6,8
"Roseller T. Lim, Zamboanga Sibugay, Philippines",7.71985,122.42407,PLDT Home Fiber,8093,7884,8.09,7.88,21,16,1,4
"Pateros, Metro Manila, Philippines",14.54838,121.07077,Globe,106964,114092,106.96,114.09,5,16,9,9
"Lumban, Laguna, Philippines",14.29353,121.52558,PLDT,45678,47122,45.68,47.12,4,15,2,2
"Pototan, Iloilo, Philippines",10.94194,122.63874,Converge,115296,155744,115.30,155.74,10,15,4,6
"Palimbang, Sultan Kudarat, Philippines",6.34322,124.19769,PLDT,23655,23853,23.66,23.85,12,15,1,4
"Nueva Valencia, Guimaras, Philippines",10.46356,122.54859,PLDT,65618,42831,65.62,42.83,50,15,2,4
"Midsayap, Cotabato, Philippines",7.19181,124.53474,Globe,151358,33469,151.36,33.47,17,15,4,7
"Cabanglasan, Bukidnon, Philippines",8.05046,125.32468,SpaceX Starlink,39912,15119,39.91,15.12,43,15,4,5
"Ligao City, Albay, Philippines",13.17242,123.4944,PLDT,61954,76554,61.95,76.55,7,15,6,9
"Compostela, Davao de Oro, Philippines",7.67742,126.15454,SpaceX Starlink,368,411,0.37,0.41,31,15,2,2
"Aparri, Cagayan, Philippines",18.33423,121.60549,PLDT,48886,49608,48.89,49.61,14,15,7,8
"Matanao, Davao del Sur, Philippines",6.70421,125.22584,PLDT Home Fiber,46545,43126,46.55,43.13,8,15,3,4
"Mamburao, Occidental Mindoro, Philippines",13.27653,120.643,PLDT Home Fiber,185852,104115,185.85,104.12,42,15,4,6
"Calauan, Laguna, Philippines",14.14551,121.3146,Globe,110730,110844,110.73,110.84,10,15,7,8
"Santa Barbara, Iloilo, Philippines",10.82707,122.53265,PLDT,30744,39193,30.74,39.19,17,15,8,8
"Oton, Iloilo, Philippines",10.69251,122.47868,Globe,255312,153537,255.31,153.54,4,15,6,9
"Esperanza, Sultan Kudarat, Philippines",6.70074,124.48636,Globe,209355,266461,209.36,266.46,13,15,2,3
"Damulog, Bukidnon, Philippines",7.4602,124.97271,PLDT Home Fiber,95042,95931,95.04,95.93,12,15,9,9
"Dagami, Leyte, Philippines",11.04826,124.84034,PLDT Home Fiber,7829,74152,7.83,74.15,8,15,5,8
"Isabela, Basilan, Philippines",6.70387,121.9799,SpaceX Starlink,26598,3492,26.60,3.49,31,15,7,11
"Datu Odin Sinsuat (Dinaig), Maguindanao del Norte, Philippines",7.08286,124.26439,PLDT Home Fiber,82476,130395,82.48,130.40,12,15,7,11
"Bula, Camarines Sur, Philippines",13.44119,123.23632,PLDT Home Fiber,30565,22693,30.57,22.69,9,15,5,6
"Santa Maria, Pangasinan, Philippines",15.95523,120.7005,PLDT Home Fiber,242277,190273,242.28,190.27,6,15,5,6
"Gasan, Marinduque, Philippines",13.32138,121.89041,PLDT Home Fiber,34720,34358,34.72,34.36,11,15,1,4
"Medellin, Cebu, Philippines",11.1491,123.98615,Globe,361272,365190,361.27,365.19,6,15,3,3
"Rizal, Palawan, Philippines",8.85568,117.57306,PLDT Home Fiber,20214,18531,20.21,18.53,24,15,2,3
"Gumaca, Quezon, Philippines",13.89105,122.10647,PLDT,33843,37401,33.84,37.40,5,15,6,10
"Mexico, Pampanga, Philippines",15.06457,120.72033,SpaceX Starlink,77684,11372,77.68,11.37,27,15,2,2
"Pila, Laguna, Philippines",14.23461,121.3656,Converge,60809,93100,60.81,93.10,5,15,4,6
"Currimao, Ilocos Norte, Philippines",18.00626,120.51064,PLDT,59578,44783,59.58,44.78,10,15,6,7
"Santa Cruz, Zambales, Philippines",15.77308,120.04341,Converge,70471,69560,70.47,69.56,6,15,5,8
"Bato, Camarines Sur, Philippines",13.31907,123.31494,PLDT,50214,86611,50.21,86.61,12,15,2,2
"San Juan, Siquijor, Philippines",9.15626,123.5112,PLDT Home Fiber,84276,46592,84.28,46.59,9,15,6,8
"Clarin, Bohol, Philippines",9.94519,124.03072,PLDT,32793,19597,32.79,19.60,5,15,3,3
"Burgos, Ilocos Norte, Philippines",18.50848,120.643,PLDT Home Fiber,23138,34249,23.14,34.25,20,15,1,1
"Magarao, Camarines Sur, Philippines",13.67027,123.15202,Converge,77025,92167,77.03,92.17,5,15,6,10
"Bacolor, Pampanga, Philippines",14.99692,120.65235,PLDT,167509,129501,167.51,129.50,6,15,5,7
"San Francisco, Agusan del Sur, Philippines",8.44573,125.95878,Converge,147688,173797,147.69,173.80,7,15,5,7
"Zaragoza, Nueva Ecija, Philippines",15.46003,120.79246,PLDT Home Fiber,159088,186646,159.09,186.65,10,15,11,11
"Palapag, Northern Samar, Philippines",12.52175,125.14888,PLDT Home Fiber,24148,22836,24.15,22.84,25,15,6,7
"Cauayan, Negros Occidental, Philippines",9.92601,122.5599,PLDT Home Fiber,35577,45864,35.58,45.86,6,15,5,6
"Maasin, Southern Leyte, Philippines",10.13272,124.84081,Globe,57235,84601,57.24,84.60,22,15,8,10
"Santo Nino, South Cotabato, Philippines",6.44221,124.67459,PLDT,113166,171404,113.17,171.40,13,15,2,2
"Calaca, Batangas, Philippines",13.93129,120.80724,PLDT,214071,178630,214.07,178.63,26,15,7,12
"San Quintin, Pangasinan, Philippines",15.9754,120.83841,PLDT,212002,189360,212.00,189.36,5,15,9,9
"Dipolog City, Zamboanga del Norte, Philippines",8.58717,123.34035,Globe,150119,39165,150.12,39.17,11,15,6,8
"Alfonso Castaneda, Nueva Vizcaya, Philippines",15.93189,121.30841,PLDT Home Fiber,303886,189571,303.89,189.57,7,15,5,6
"Puerto Galera, Oriental Mindoro, Philippines",13.44475,120.91878,PLDT,58521,30418,58.52,30.42,16,15,4,5
"Malaybalay City, Bukidnon, Philippines",8.15775,125.17087,SpaceX Starlink,51076,10815,51.08,10.82,56,15,4,5
"Camiling, Tarlac, Philippines",15.67495,120.41272,Converge,170414,239688,170.41,239.69,4,15,11,13
"Bingawan, Iloilo, Philippines",11.16855,122.57121,PLDT,5406,3224,5.41,3.22,39,15,1,4
"Daanbantayan, Cebu, Philippines",11.22134,124.03072,Converge,66795,34925,66.80,34.93,4,15,3,3
"Banisilan, Cotabato, Philippines",7.53701,124.72988,PLDT Home Fiber,48047,48183,48.05,48.18,11,14,5,9
"Manito, Albay, Philippines",13.12578,123.86797,SpaceX Starlink,156364,24216,156.36,24.22,32,14,4,5
"Alegria, Cebu, Philippines",9.76005,123.37106,PLDT Home Fiber,64263,96327,64.26,96.33,5,14,4,4
"San Agustin, Romblon, Philippines",12.56219,122.11783,SpaceX Starlink,29426,10482,29.43,10.48,25,14,6,6
"Ayungon, Negros Oriental, Philippines",9.87181,123.05639,PLDT,57238,77788,57.24,77.79,33,14,2,3
"Manukan, Zamboanga del Norte, Philippines",8.45173,123.10141,PLDT Home Fiber,91739,87033,91.74,87.03,9,14,2,5
"San Mariano, Isabela, Philippines",16.87828,122.12918,PLDT Home Fiber,21516,28721,21.52,28.72,25,14,2,2
"San Juan, Southern Leyte, Philippines",10.26385,125.20386,SpaceX Starlink,163067,56491,163.07,56.49,25,14,2,3
"Aritao, Nueva Vizcaya, Philippines",16.2515,121.01057,PLDT,109124,105512,109.12,105.51,5,14,12,12
"Daet, Camarines Norte, Philippines",14.10303,122.9325,Globe,98936,81008,98.94,81.01,13,14,6,8
"Calatagan, Batangas, Philippines",13.88203,120.6545,SpaceX Starlink,9277,4190,9.28,4.19,22,14,3,9
"Cordon, Isabela, Philippines",16.67835,121.46847,PLDT Home Fiber,46916,51824,46.92,51.82,15,14,7,9
"Anilao, Iloilo, Philippines",11.00026,122.74072,PLDT,32366,22579,32.37,22.58,12,14,5,7
"Laoang, Northern Samar, Philippines",12.50219,125.01679,SpaceX Starlink,22438,23077,22.44,23.08,30,14,6,8
"Macabebe, Pampanga, Philippines",14.89732,120.6545,PLDT,14929,1775,14.93,1.78,31,14,1,1
"Rizal, Nueva Ecija, Philippines",15.69357,121.10229,PLDT Home Fiber,46070,52046,46.07,52.05,13,14,5,9
"Lian, Batangas, Philippines",14.00589,120.6545,PLDT Home Fiber,53687,53203,53.69,53.20,10,14,4,6
"Tuy, Batangas, Philippines",14.03435,120.74649,Converge,333843,274182,333.84,274.18,9,14,5,9
"Tanjay City, Negros Oriental, Philippines",9.49579,122.9663,PLDT,42448,41076,42.45,41.08,9,14,4,9
"Enrique B. Magalona, Negros Occidental, Philippines",10.87695,122.98281,PLDT Home Fiber,246618,286251,246.62,286.25,7,14,7,8
"Pavia, Iloilo, Philippines",10.7748,122.54261,PLDT,240865,108733,240.87,108.73,8,14,7,10
"Malungon, Sarangani, Philippines",6.3343,125.2588,PLDT Home Fiber,145192,187181,145.19,187.18,10,14,5,6
"Pasacao, Camarines Sur, Philippines",13.54666,123.0001,PLDT Home Fiber,24186,22899,24.19,22.90,9,14,1,1
"Goa, Camarines Sur, Philippines",13.73619,123.41593,Converge,103346,164418,103.35,164.42,15,14,3,6
"Bongabon, Nueva Ecija, Philippines",15.67193,121.23974,PLDT Home Fiber,87959,90521,87.96,90.52,10,14,8,11
"Bontoc, Mountain Province, Philippines",17.09126,121.01057,PLDT Home Fiber,229845,131543,229.85,131.54,11,14,7,9
"Cabatuan, Iloilo, Philippines",10.87914,122.48206,Globe,183407,141777,183.41,141.78,4,14,6,6
"Tigbauan, Iloilo, Philippines",10.6746,122.37648,Globe,85913,80102,85.91,80.10,4,14,4,6
"Naga, Zamboanga Sibugay, Philippines",7.84711,122.69555,PLDT,230043,245501,230.04,245.50,9,14,4,4
"Kapalawan, Cotabato, Philippines",7.21567,124.75942,PLDT Home Fiber,147447,147985,147.45,147.99,19,14,5,8
"General Luna, Surigao del Norte, Philippines",9.78375,126.15657,PLDT Home Fiber,68980,53767,68.98,53.77,9,14,6,10
"Tubigon, Bohol, Philippines",9.9145,123.96385,PLDT Home Fiber,184183,145036,184.18,145.04,9,14,5,6
"Dinas, Zamboanga del Sur, Philippines",7.64262,123.32617,PLDT,42995,55428,43.00,55.43,36,14,4,5
"Malaybalay City, Bukidnon, Philippines",8.15775,125.17087,Converge,217273,206052,217.27,206.05,10,14,7,9
"Calaca, Batangas, Philippines",13.93129,120.80724,PLDT Home Fiber,58888,44719,58.89,44.72,8,14,4,5
"Santo Domingo, Nueva Ecija, Philippines",15.61284,120.88434,PLDT Home Fiber,250216,188939,250.22,188.94,14,14,5,8
"Tuburan, Cebu, Philippines",10.66879,123.86345,PLDT,79219,90548,79.22,90.55,19,14,2,6
"Valladolid, Negros Occidental, Philippines",10.46898,122.8423,PLDT,263232,159348,263.23,159.35,9,14,4,7
"Tagoloan, Misamis Oriental, Philippines",8.51877,124.80722,Converge,48952,48197,48.95,48.20,10,14,3,4
"Bataraza, Palawan, Philippines",8.5878,117.43215,SpaceX Starlink,117862,13024,117.86,13.02,83,14,2,3
"Lemery, Batangas, Philippines",13.95318,120.88434,PLDT Home Fiber,312035,342125,312.04,342.13,6,14,3,7
"Isabela, Negros Occidental, Philippines",10.22566,123.01136,PLDT Home Fiber,156291,122699,156.29,122.70,11,14,6,8
"Balayan, Batangas, Philippines",13.94995,120.72973,PLDT Home Fiber,106304,130764,106.30,130.76,7,14,6,9
"Manolo Fortich, Bukidnon, Philippines",8.39002,124.88449,Globe,226834,88255,226.83,88.26,6,14,4,5
"Kiamba, Sarangani, Philippines",6.00076,124.70777,PLDT Home Fiber,20981,20231,20.98,20.23,12,14,2,6
"Tagbilaran City, Bohol, Philippines",9.6534,123.86703,PLDT,23698,41438,23.70,41.44,10,14,6,9
"Naga City, Camarines Sur, Philippines",13.6475,123.27003,SpaceX Starlink,42191,24107,42.19,24.11,31,14,4,4
"Maribojoc, Bohol, Philippines",9.75462,123.85229,Converge,152484,188576,152.48,188.58,30,14,2,3
"Narra, Palawan, Philippines",9.229,118.33047,PLDT Home Fiber,47369,52402,47.37,52.40,15,14,1,3
"Bacoor, Cavite, Philippines",14.43122,120.96567,SpaceX Starlink,87870,16054,87.87,16.05,25,14,3,4
"Santo Tomas, Davao del Norte, Philippines",7.50929,125.63142,Globe,232581,244363,232.58,244.36,5,14,3,7
"Rizal, Occidental Mindoro, Philippines",12.49396,121.01057,PLDT,113513,74434,113.51,74.43,17,14,3,3
"Dolores, Quezon, Philippines",14.00193,121.41133,PLDT,135621,114109,135.62,114.11,11,14,7,8
"Lamut, Ifugao, Philippines",16.68241,121.19395,Globe,54190,53688,54.19,53.69,8,14,10,10
"Hagonoy, Bulacan, Philippines",14.83564,120.73371,Converge,181837,225620,181.84,225.62,4,14,7,9
"Paombong, Bulacan, Philippines",14.83781,120.78406,PLDT,55358,39831,55.36,39.83,6,13,6,7
"Mayoyao, Ifugao, Philippines",16.95131,121.21685,PLDT Home Fiber,93988,93975,93.99,93.98,9,13,11,11
"Dona Remedios Trinidad, Bulacan, Philippines",15.11427,121.21685,Converge,165217,151272,165.22,151.27,7,13,4,4
"Bustos, Bulacan, Philippines",14.95239,120.91735,Converge,180616,150919,180.62,150.92,7,13,8,9
"Candon City, Ilocos Sur, Philippines",17.19612,120.44729,PLDT Home Fiber,68784,66660,68.78,66.66,9,13,6,7
"Valladolid, Negros Occidental, Philippines",10.46898,122.8423,PLDT Home Fiber,50667,48185,50.67,48.19,7,13,4,7
"Dasol, Pangasinan, Philippines",15.96259,119.90466,PLDT Home Fiber,110578,144299,110.58,144.30,12,13,3,5
"Janiuay, Iloilo, Philippines",10.99877,122.42407,PLDT Home Fiber,176512,141942,176.51,141.94,9,13,5,5
"Candelaria, Zambales, Philippines",15.63998,120.08963,Converge,234054,178380,234.05,178.38,6,13,2,6
"Toledo, Cebu, Philippines",10.38705,123.65017,PLDT,77811,68879,77.81,68.88,5,13,8,11
"Daanbantayan, Cebu, Philippines",11.22134,124.03072,PLDT,67570,97564,67.57,97.56,8,13,4,7
"Bantayan, Cebu, Philippines",11.18041,123.7406,Globe,228183,221217,228.18,221.22,10,13,3,4
"Tayasan, Negros Oriental, Philippines",9.94916,123.05639,Globe,47204,70314,47.20,70.31,14,13,4,5
"Cabiao, Nueva Ecija, Philippines",15.25221,120.85957,Converge,100660,99868,100.66,99.87,5,13,6,8
"Talibon, Bohol, Philippines",10.11933,124.26439,PLDT Home Fiber,9996,17128,10.00,17.13,14,13,2,4
"Sara, Iloilo, Philippines",11.28199,123.01136,PLDT Home Fiber,152065,95238,152.07,95.24,8,13,2,12
"Titay, Zamboanga Sibugay, Philippines",7.84847,122.57121,PLDT Home Fiber,34122,21912,34.12,21.91,14,13,3,5
"Pantukan, Davao de Oro, Philippines",7.20012,126.04584,Globe,34826,28926,34.83,28.93,18,13,2,4
"Siruma, Camarines Sur, Philippines",14.02141,123.25806,PLDT,20531,14916,20.53,14.92,50,13,2,2
"Kadingilan, Bukidnon, Philippines",7.53321,124.87345,PLDT Home Fiber,88399,92227,88.40,92.23,11,13,4,9
"Bongao, Tawi-Tawi, Philippines",5.09323,119.8468,SpaceX Starlink,27500,10970,27.50,10.97,47,13,7,9
"Marawi City, Lanao del Sur, Philippines",8.0292,124.29772,SpaceX Starlink,20343,8313,20.34,8.31,42,13,7,10
"Manapla, Negros Occidental, Philippines",10.95795,123.12428,PLDT,5725,13355,5.73,13.36,21,13,1,1
"Talisay, Cebu, Philippines",10.25859,123.82413,SpaceX Starlink,181393,19632,181.39,19.63,33,13,3,5
"Puerto Princesa City, Palawan, Philippines",9.78563,118.62648,SpaceX Starlink,248967,27743,248.97,27.74,22,13,7,11
"San Jose, Camarines Sur, Philippines",13.68724,123.53921,PLDT Home Fiber,186974,169757,186.97,169.76,37,13,5,6
"Camalaniugan, Cagayan, Philippines",18.27534,121.69674,PLDT,34788,26045,34.79,26.05,16,13,4,4
"Sariaya, Quezon, Philippines",13.96301,121.52388,Converge,287380,265086,287.38,265.09,6,13,6,7
"San Fernando City, La Union, Philippines",16.61592,120.32102,PLDT,74009,80147,74.01,80.15,6,13,5,11
"General Tinio (Papaya), Nueva Ecija, Philippines",15.36345,121.21685,PLDT Home Fiber,124499,94544,124.50,94.54,7,13,10,13
"Guindulman, Bohol, Philippines",9.78199,124.4531,PLDT,16108,23632,16.11,23.63,19,13,4,7
"Carmen, Cotabato, Philippines",7.38261,124.81826,PLDT Home Fiber,206778,166157,206.78,166.16,14,13,6,6
"San Juan, Batangas, Philippines",13.75044,121.37703,SpaceX Starlink,97120,8309,97.12,8.31,26,13,2,4
"Vallehermoso, Negros Oriental, Philippines",10.33905,123.29249,Converge,22750,25130,22.75,25.13,15,13,2,3
"Roxas, Isabela, Philippines",17.12035,121.61915,PLDT Home Fiber,34143,46765,34.14,46.77,14,13,7,9
"Albuera, Leyte, Philippines",10.90539,124.75198,Globe,166988,156478,166.99,156.48,22,13,3,3
"Angat, Bulacan, Philippines",14.92586,121.02204,Converge,102472,117028,102.47,117.03,7,13,4,6
"San Fernando, Cebu, Philippines",10.16316,123.70738,Globe,476045,309852,476.05,309.85,15,13,9,10
"Tubungan, Iloilo, Philippines",10.80645,122.29941,PLDT,42256,41668,42.26,41.67,19,13,5,6
"San Remigio, Antique, Philippines",10.90711,122.19731,PLDT,70528,69015,70.53,69.02,12,13,2,2
"Dupax Del Sur, Nueva Vizcaya, Philippines",16.13819,121.19395,PLDT Home Fiber,206130,291516,206.13,291.52,5,13,7,7
"Panabo, Davao del Norte, Philippines",7.30822,125.68662,Converge,201113,214240,201.11,214.24,4,13,7,9
"Lemery, Batangas, Philippines",13.95318,120.88434,Converge,325201,357543,325.20,357.54,28,13,2,4
"Alcoy, Cebu, Philippines",9.71173,123.46077,Globe,457121,395763,457.12,395.76,10,13,3,6
"Palompon, Leyte, Philippines",11.03374,124.43092,Globe,285581,151459,285.58,151.46,9,13,2,3
"San Antonio, Zambales, Philippines",14.92751,120.08963,PLDT Home Fiber,181469,213242,181.47,213.24,10,13,6,10
"Payao, Zamboanga Sibugay, Philippines",7.61035,122.83102,PLDT Home Fiber,2872,25762,2.87,25.76,32,13,3,3
"Infanta, Quezon, Philippines",14.74071,121.6451,Converge,54777,65980,54.78,65.98,9,13,5,8
"Agno, Pangasinan, Philippines",16.10329,119.81208,PLDT Home Fiber,85790,96659,85.79,96.66,10,13,3,3
"Maasin, Southern Leyte, Philippines",10.13272,124.84081,PLDT Home Fiber,330631,264878,330.63,264.88,10,13,3,4
"Tiwi, Albay, Philippines",13.4612,123.63996,Converge,257424,103673,257.42,103.67,5,13,3,4
"Garchitorena, Camarines Sur, Philippines",13.86281,123.63996,SpaceX Starlink,44435,22576,44.44,22.58,23,13,4,5
"El Nido, Palawan, Philippines",11.19892,119.42317,Globe,91569,66164,91.57,66.16,13,13,7,9
"Tanauan City, Batangas, Philippines",14.08354,121.14762,Globe,214613,178841,214.61,178.84,10,13,6,9
"Lobo, Batangas, Philippines",13.6877,121.23974,PLDT Home Fiber,97327,92879,97.33,92.88,5,13,8,8
"Palanan, Isabela, Philippines",16.99692,122.40142,SpaceX Starlink,12791,10053,12.79,10.05,37,13,4,4
"Guagua, Pampanga, Philippines",14.96374,120.63244,PLDT Home Fiber,93288,77738,93.29,77.74,8,13,6,10
"Pangutaran, Sulu, Philippines",6.25677,120.53942,SpaceX Starlink,1578,1404,1.58,1.40,50,13,2,2
"Trinidad, Bohol, Philippines",10.04574,124.31993,PLDT Home Fiber,69645,83703,69.65,83.70,11,13,4,6
"Labo, Camarines Norte, Philippines",14.13903,122.7633,PLDT Home Fiber,5112,5777,5.11,5.78,17,13,6,8
"Braulio E. Dujali, Davao del Norte, Philippines",7.45884,125.68607,PLDT,21029,44525,21.03,44.53,8,13,1,4
"Libungan, Cotabato, Philippines",7.31637,124.53068,PLDT Home Fiber,128871,47771,128.87,47.77,14,13,6,8
"Limay, Bataan, Philippines",14.53661,120.56245,PLDT,79337,90509,79.34,90.51,8,13,6,8
"Maco, Davao de Oro, Philippines",7.40845,125.937,PLDT Home Fiber,93953,93084,93.95,93.08,9,13,3,8
"Penaranda, Nueva Ecija, Philippines",15.36229,121.02204,PLDT Home Fiber,263534,263424,263.53,263.42,4,13,4,5
"Urdaneta City, Pangasinan, Philippines",15.98194,120.59698,Globe,136402,121098,136.40,121.10,5,13,6,8
"Atimonan, Quezon, Philippines",13.96507,121.87903,Converge,48054,43816,48.05,43.82,8,13,2,5
"Daanbantayan, Cebu, Philippines",11.22134,124.03072,PLDT Home Fiber,39413,121575,39.41,121.58,7,13,4,4
"San Miguel, Zamboanga del Sur, Philippines",7.69412,123.27003,PLDT Home Fiber,40844,28979,40.84,28.98,9,13,4,5
"Malay, Aklan, Philippines",11.93033,121.95191,Globe,47799,38738,47.80,38.74,16,13,9,11
"Cataingan, Masbate, Philippines",11.98588,123.9527,PLDT,93006,4774,93.01,4.77,19,13,3,4
"Binalbagan, Negros Occidental, Philippines",10.10918,123.01136,PLDT,7949,16744,7.95,16.74,23,12,1,1
"Tulunan, Cotabato, Philippines",6.83042,124.87469,Globe,297726,177847,297.73,177.85,6,12,3,7
"San Carlos City, Pangasinan, Philippines",15.92589,120.34827,Converge,115860,110336,115.86,110.34,5,12,6,7
"Malidegao, Cotabato, Philippines",7.12941,124.67431,PLDT Home Fiber,60258,64110,60.26,64.11,26,12,4,4
"Ubay, Bohol, Philippines",10.05512,124.47421,PLDT Home Fiber,49742,52982,49.74,52.98,8,12,5,6
"Cuartero, Capiz, Philippines",11.3156,122.74072,PLDT Home Fiber,54754,45102,54.75,45.10,10,12,5,6
"Santa Barbara, Iloilo, Philippines",10.82707,122.53265,PLDT Home Fiber,51031,127615,51.03,127.62,8,12,3,5
"Sogod, Southern Leyte, Philippines",10.44929,125.01679,SpaceX Starlink,88018,27094,88.02,27.09,31,12,3,5
"Puerto Galera, Oriental Mindoro, Philippines",13.44475,120.91878,Converge,215687,171712,215.69,171.71,11,12,2,6
"Samal, Davao del Norte, Philippines",7.08352,125.70578,PLDT,26924,23820,26.92,23.82,10,12,4,4
"Calapan City, Oriental Mindoro, Philippines",13.36643,121.19395,Converge,76140,71798,76.14,71.80,9,12,5,7
"Moalboal, Cebu, Philippines",9.93681,123.42714,PLDT Home Fiber,92743,93612,92.74,93.61,5,12,5,6
"Baco, Oriental Mindoro, Philippines",13.35793,121.09628,PLDT Home Fiber,250339,280530,250.34,280.53,25,12,4,6
"Malolos, Bulacan, Philippines",14.86049,120.80916,SpaceX Starlink,42722,7459,42.72,7.46,25,12,1,1
"Hermosa, Bataan, Philippines",14.83566,120.47709,PLDT Home Fiber,294096,261973,294.10,261.97,7,12,4,8
"Padre Garcia, Batangas, Philippines",13.87668,121.24547,Globe,275807,253973,275.81,253.97,5,12,8,8
"Itogon, Benguet, Philippines",16.36116,120.6787,Converge,137913,170283,137.91,170.28,4,12,5,7
"Tanza, Cavite, Philippines",14.34293,120.85032,SpaceX Starlink,71829,14235,71.83,14.24,25,12,5,5
"San Jose de Buenavista, Antique, Philippines",10.74901,121.94128,PLDT,51200,103705,51.20,103.71,10,12,4,6
"Luisiana, Laguna, Philippines",14.19077,121.52558,PLDT Home Fiber,56481,56040,56.48,56.04,7,12,3,4
"Calbayog, Samar, Philippines",12.0685,124.59081,PLDT,185661,87859,185.66,87.86,29,12,5,10
"City of Tabuk, Kalinga, Philippines",17.42402,121.3999,Converge,93243,89867,93.24,89.87,9,12,6,7
"Talipao, Sulu, Philippines",5.95215,121.10229,SpaceX Starlink,93243,14781,93.24,14.78,35,12,1,1
"Bocaue, Bulacan, Philippines",14.7943,120.93073,Globe,89643,79864,89.64,79.86,8,12,6,10
"Nabas, Aklan, Philippines",11.85171,122.02692,PLDT Home Fiber,200193,158544,200.19,158.54,12,12,5,7
"Molave, Zamboanga del Sur, Philippines",8.10419,123.4944,Globe,132296,110587,132.30,110.59,20,12,2,5
"Cavite, Philippines",14.48151,120.90833,PLDT,150642,199199,150.64,199.20,8,12,6,9
"Angeles, Pampanga, Philippines",15.16061,120.60908,SpaceX Starlink,120342,10494,120.34,10.49,27,12,7,10
"Sibuco, Zamboanga del Norte, Philippines",7.38708,122.12918,PLDT,11128,14139,11.13,14.14,10,12,3,3
"Santa Rita, Pampanga, Philippines",14.99762,120.61451,PLDT,76331,64496,76.33,64.50,10,12,5,6
"Pamplona, Negros Oriental, Philippines",9.40941,123.05639,PLDT,75404,54417,75.40,54.42,25,12,4,5
"Pagudpud, Ilocos Norte, Philippines",18.55216,120.87286,PLDT Home Fiber,86614,95417,86.61,95.42,8,12,2,3
"Los Baños, Laguna, Philippines",14.17731,121.22161,PLDT,164316,158434,164.32,158.43,7,12,6,10
"Tukuran, Zamboanga del Sur, Philippines",7.91295,123.53921,PLDT Home Fiber,172015,163164,172.02,163.16,9,12,3,5
"Sorsogon City, Sorsogon, Philippines",12.97888,123.98477,Converge,90210,51615,90.21,51.62,16,12,7,9
"Liloan, Cebu, Philippines",10.39926,124.00002,PLDT Home Fiber,127102,159562,127.10,159.56,3,12,4,6
"Lucena City, Quezon, Philippines",13.94139,121.62345,Globe,107046,105351,107.05,105.35,9,12,7,9
"Sorsogon City, Sorsogon, Philippines",12.97888,123.98477,PLDT Home Fiber,67555,49165,67.56,49.17,14,12,5,6
"San Remigio, Cebu, Philippines",10.9601,123.94155,PLDT,88085,235149,88.09,235.15,6,12,1,2
"Dauin, Negros Oriental, Philippines",9.20373,123.19137,SpaceX Starlink,99083,9566,99.08,9.57,42,12,3,3
"Gubat, Sorsogon, Philippines",12.92415,124.09755,PLDT,198279,9289,198.28,9.29,19,12,3,6
"Baloi, Lanao del Norte, Philippines",8.09339,124.20881,PLDT Home Fiber,141552,104772,141.55,104.77,6,12,6,6
"San Jose, Negros Oriental, Philippines",9.40362,123.20261,PLDT,124355,188319,124.36,188.32,10,12,2,4
"Matanao, Davao del Sur, Philippines",6.70421,125.22584,Converge,184362,188654,184.36,188.65,5,12,2,3
"Leon, Iloilo, Philippines",10.82086,122.34476,PLDT,18553,20166,18.55,20.17,13,12,3,4
"Catubig, Northern Samar, Philippines",12.41734,125.06084,PLDT Home Fiber,14544,13669,14.54,13.67,56,12,4,4
"Bayambang, Pangasinan, Philippines",15.80947,120.45714,PLDT Home Fiber,47868,59437,47.87,59.44,13,12,3,8
"Corella, Bohol, Philippines",9.68732,123.92216,PLDT Home Fiber,66592,84582,66.59,84.58,6,12,6,7
"Naga, Cebu, Philippines",10.20764,123.75821,Converge,67997,67328,68.00,67.33,22,12,6,7
"Carcar, Cebu, Philippines",10.10478,123.64147,PLDT Home Fiber,129586,118226,129.59,118.23,5,12,4,5
"Talisay, Camarines Norte, Philippines",14.1394,122.92686,PLDT,186571,211272,186.57,211.27,13,12,2,4
"Garcia Hernandez, Bohol, Philippines",9.66884,124.2755,Globe,178510,221055,178.51,221.06,6,12,1,2
"Mulanay, Quezon, Philippines",13.51308,122.46937,PLDT Home Fiber,303924,246645,303.92,246.65,9,12,9,10
"San Isidro, Northern Samar, Philippines",12.35664,124.39764,PLDT,85453,106643,85.45,106.64,25,12,3,3
"Santa Rita, Pampanga, Philippines",14.99762,120.61451,Converge,228102,155703,228.10,155.70,3,12,4,5
"Cuyapo, Nueva Ecija, Philippines",15.79995,120.68901,Converge,92631,74609,92.63,74.61,4,12,3,8
"Camalig, Albay, Philippines",13.14101,123.63996,PLDT Home Fiber,4289,9558,4.29,9.56,82,12,3,5
"Alangalang, Leyte, Philippines",11.23565,124.88449,Converge,172691,174272,172.69,174.27,8,12,5,5
"Bauang, La Union, Philippines",16.51433,120.35508,PLDT,176683,91424,176.68,91.42,4,12,3,4
"San Luis, Pampanga, Philippines",15.03986,120.81544,PLDT Home Fiber,91880,153319,91.88,153.32,6,12,5,6
"Aritao, Nueva Vizcaya, Philippines",16.2515,121.01057,Globe,162575,99650,162.58,99.65,6,12,4,4
"Biliran, Philippines",11.51361,124.47527,SpaceX Starlink,227,443,0.23,0.44,79,12,1,5
"Koronadal, South Cotabato, Philippines",6.50044,124.84333,PLDT,109475,113931,109.48,113.93,12,12,7,8
"Santa Margarita, Samar, Philippines",12.03787,124.70777,PLDT Home Fiber,7294,7182,7.29,7.18,26,12,1,4
"Dinalupihan, Bataan, Philippines",14.88605,120.44729,Converge,144164,132208,144.16,132.21,5,12,3,7
"Kabayan, Benguet, Philippines",16.61702,120.82692,PLDT Home Fiber,178759,155549,178.76,155.55,5,12,10,10
"City of Batac, Ilocos Norte, Philippines",18.04961,120.59698,PLDT Home Fiber,257910,205782,257.91,205.78,7,12,4,7
"San Juan, Abra, Philippines",17.6954,120.74649,PLDT Home Fiber,29860,58426,29.86,58.43,9,12,2,2
"City of Santiago, Isabela, Philippines",16.69679,121.55865,Globe,177295,182668,177.30,182.67,7,12,4,6
"Cabusao, Camarines Sur, Philippines",13.72602,123.11359,PLDT,4478,4517,4.48,4.52,21,12,2,4
"Maripipi, Biliran, Philippines",11.78849,124.31993,SpaceX Starlink,13652,12884,13.65,12.88,36,12,4,4
"Naawan, Misamis Oriental, Philippines",8.43488,124.34214,PLDT Home Fiber,190364,145111,190.36,145.11,5,12,5,5
"Polanco, Zamboanga del Norte, Philippines",8.49106,123.38228,PLDT Home Fiber,73386,73055,73.39,73.06,6,12,4,5
"Balaoan, La Union, Philippines",16.80225,120.40119,PLDT,58128,58301,58.13,58.30,4,12,7,7
"Bolinao, Pangasinan, Philippines",16.30742,119.85838,SpaceX Starlink,75528,19800,75.53,19.80,26,12,3,3
"Baao, Camarines Sur, Philippines",13.49319,123.35984,PLDT,89427,69443,89.43,69.44,14,12,4,9
"Asturias, Cebu, Philippines",10.60209,123.77412,PLDT,27004,29578,27.00,29.58,6,12,4,7
"Pinamalayan, Oriental Mindoro, Philippines",13.01533,121.37703,PLDT Home Fiber,41024,25712,41.02,25.71,14,12,7,8
"San Juan, Batangas, Philippines",13.75044,121.37703,PLDT,241617,100217,241.62,100.22,16,12,7,7
"Siruma, Camarines Sur, Philippines",14.02141,123.25806,SpaceX Starlink,71426,21026,71.43,21.03,25,12,3,3
"Odiongan, Romblon, Philippines",12.36445,122.01555,SpaceX Starlink,122325,14574,122.33,14.57,29,12,4,4
"Titay, Zamboanga Sibugay, Philippines",7.84847,122.57121,SpaceX Starlink,7646,5915,7.65,5.92,44,12,1,1
"Real, Quezon, Philippines",14.54569,121.55983,PLDT,17733,83368,17.73,83.37,25,12,5,5
"Sibalom, Antique, Philippines",10.76502,122.06102,PLDT,7672,14534,7.67,14.53,11,11,5,6
"Loay, Bohol, Philippines",9.60753,124.01401,Globe,184291,174888,184.29,174.89,7,11,5,6
"Donsol, Sorsogon, Philippines",12.98781,123.59519,SpaceX Starlink,28364,7745,28.36,7.75,30,11,1,1
"Malaybalay City, Bukidnon, Philippines",8.15775,125.17087,Globe,86834,90744,86.83,90.74,5,11,5,6
"Iba, Zambales, Philippines",15.39495,120.04341,Converge,216993,123894,216.99,123.89,5,11,3,7
"Obando, Bulacan, Philippines",14.70986,120.93674,PLDT Home Fiber,193177,214245,193.18,214.25,3,11,3,7
"Santa Barbara, Iloilo, Philippines",10.82707,122.53265,Globe,198206,128737,198.21,128.74,4,11,8,8
"Hinunangan, Southern Leyte, Philippines",10.39458,125.14888,Globe,44256,44907,44.26,44.91,9,11,3,4
"Lupon, Davao Oriental, Philippines",7.09663,126.19798,PLDT Home Fiber,270629,315898,270.63,315.90,8,11,1,2
"San Jose, Camarines Sur, Philippines",13.68724,123.53921,Globe,465147,223434,465.15,223.43,14,11,1,1
"Dolores, Quezon, Philippines",14.00193,121.41133,Converge,285098,276124,285.10,276.12,6,11,5,6
"Buenavista, Bohol, Philippines",10.04477,124.16432,Globe,196596,148653,196.60,148.65,28,11,2,3
"Arayat, Pampanga, Philippines",15.15443,120.771,PLDT,102816,131188,102.82,131.19,12,11,5,6
"Guipos, Zamboanga del Sur, Philippines",7.74619,123.31494,PLDT Home Fiber,203630,47464,203.63,47.46,9,11,3,4
"Dauis, Bohol, Philippines",9.60401,123.82996,Converge,294677,304743,294.68,304.74,30,11,6,8
"Bautista, Pangasinan, Philippines",15.79528,120.51639,PLDT,68730,98772,68.73,98.77,17,11,3,3
"Naval, Biliran, Philippines",11.56681,124.44201,SpaceX Starlink,49163,13053,49.16,13.05,38,11,1,2
"Tobias Fornier, Antique, Philippines",10.49944,121.97006,PLDT Home Fiber,25400,25259,25.40,25.26,10,11,6,8
"Talugtug, Nueva Ecija, Philippines",15.7698,120.81544,PLDT Home Fiber,75432,65444,75.43,65.44,11,11,6,8
"Obando, Bulacan, Philippines",14.70986,120.93674,Converge,59195,81976,59.20,81.98,6,11,4,4
"City of Bayugan, Agusan del Sur, Philippines",8.71381,125.74865,Globe,105169,40986,105.17,40.99,10,11,3,5
"Pilar, Cebu, Philippines",10.77379,124.53622,PLDT,11506,18647,11.51,18.65,18,11,4,4
"Bato, Catanduanes, Philippines",13.60687,124.31993,PLDT Home Fiber,53336,61312,53.34,61.31,9,11,2,8
"Victoria, Laguna, Philippines",14.19678,121.34273,Converge,134011,144825,134.01,144.83,6,11,2,5
"Abra De Ilog, Occidental Mindoro, Philippines",13.36383,120.75798,PLDT,42018,54499,42.02,54.50,39,11,5,5
"Tomas Oppus, Southern Leyte, Philippines",10.27733,124.93964,PLDT,90367,60447,90.37,60.45,6,11,2,2
"Loon, Bohol, Philippines",9.81463,123.82996,PLDT Home Fiber,52379,58022,52.38,58.02,9,11,7,10
"Bacnotan, La Union, Philippines",16.73397,120.36661,PLDT,111655,97820,111.66,97.82,4,11,5,5
"Pulupandan, Negros Occidental, Philippines",10.51892,122.80429,PLDT,170507,175512,170.51,175.51,23,11,2,4
"Guinayangan, Quezon, Philippines",13.88505,122.42407,PLDT,21783,20716,21.78,20.72,6,11,3,4
"Bayambang, Pangasinan, Philippines",15.80947,120.45714,PLDT,10280,13987,10.28,13.99,65,11,3,4
"Talisay, Batangas, Philippines",14.11598,121.04498,Globe,575460,413470,575.46,413.47,4,11,6,7
"Tadian, Mountain Province, Philippines",16.96608,120.81544,PLDT Home Fiber,158078,135016,158.08,135.02,9,11,6,6
"Sablayan, Occidental Mindoro, Philippines",12.88349,120.98763,SpaceX Starlink,141373,8018,141.37,8.02,31,11,3,3
"Pastrana, Leyte, Philippines",11.11969,124.88449,PLDT Home Fiber,6271,504,6.27,0.50,7,11,1,2
"San Francisco, Agusan del Sur, Philippines",8.44573,125.95878,PLDT,37216,43924,37.22,43.92,9,11,1,2
"Castillejos, Zambales, Philippines",14.94382,120.19357,Converge,41583,49040,41.58,49.04,4,11,2,8
"Paranas, Samar, Philippines",11.87482,125.17087,PLDT,208473,313987,208.47,313.99,21,11,2,2
"Mendez, Cavite, Philippines",14.12941,120.90511,PLDT,86657,97229,86.66,97.23,9,11,3,5
"Dumangas, Iloilo, Philippines",10.82109,122.71167,PLDT Home Fiber,58271,66349,58.27,66.35,10,11,4,8
"San Juan, La Union, Philippines",16.6711,120.33844,PLDT,100617,95654,100.62,95.65,3,11,6,9
"Santa Rosa, Nueva Ecija, Philippines",15.42502,120.93838,Globe,118949,105348,118.95,105.35,5,11,5,6
"Pateros, Metro Manila, Philippines",14.54838,121.07077,PLDT,196509,121548,196.51,121.55,3,11,5,6
"San Guillermo, Isabela, Philippines",16.71831,121.97006,PLDT,14397,41781,14.40,41.78,21,11,3,5
"Sofronio Espanola, Palawan, Philippines",8.96305,117.99091,PLDT,20035,22202,20.04,22.20,20,11,2,3
"Tapaz, Capiz, Philippines",11.28689,122.49201,PLDT,100136,143126,100.14,143.13,13,11,4,6
"Alangalang, Leyte, Philippines",11.23565,124.88449,PLDT Home Fiber,6451,20947,6.45,20.95,10,11,2,2
"Pambujan, Northern Samar, Philippines",12.46458,124.93964,PLDT Home Fiber,159779,314862,159.78,314.86,17,11,3,3
"Banaybanay, Davao Oriental, Philippines",7.07628,126.02409,PLDT Home Fiber,34534,53477,34.53,53.48,14,11,5,7
"Binalbagan, Negros Occidental, Philippines",10.10918,123.01136,PLDT Home Fiber,11372,3735,11.37,3.74,13,11,3,4
"Santo Tomas, La Union, Philippines",16.27532,120.40119,Converge,109929,162361,109.93,162.36,4,11,3,3
"San Narciso, Quezon, Philippines",13.49997,122.5599,PLDT,87811,92794,87.81,92.79,23,11,3,3
"Mandaon, Masbate, Philippines",12.26921,123.32617,Converge,27296,41031,27.30,41.03,5,11,3,7
"Vigan City, Ilocos Sur, Philippines",17.56485,120.38781,PLDT Home Fiber,151319,110779,151.32,110.78,10,11,2,5
"Sagada, Mountain Province, Philippines",17.09814,120.9073,SpaceX Starlink,62374,38633,62.37,38.63,22,11,1,5
"Hinunangan, Southern Leyte, Philippines",10.39458,125.14888,PLDT,32267,31385,32.27,31.39,9,11,5,9
"Victorias, Negros Occidental, Philippines",10.901,123.07045,Globe,230598,212058,230.60,212.06,4,11,9,10
"Dumingag, Zamboanga del Sur, Philippines",8.18754,123.30371,PLDT Home Fiber,54050,56719,54.05,56.72,8,11,6,6
"Monkayo, Davao de Oro, Philippines",7.82426,126.0537,Converge,198604,249085,198.60,249.09,4,11,4,4
"Cabarroguis, Quirino, Philippines",16.41991,121.51416,PLDT Home Fiber,126554,114091,126.55,114.09,13,11,3,5
"Maragondon, Cavite, Philippines",14.22356,120.7235,PLDT Home Fiber,419360,357899,419.36,357.90,8,11,3,5
"Sibulan, Negros Oriental, Philippines",9.35972,123.28476,Converge,150116,158913,150.12,158.91,21,11,5,6
"Merida, Leyte, Philippines",10.96425,124.5196,PLDT Home Fiber,223277,252573,223.28,252.57,4,11,2,2
"Dupax Del Sur, Nueva Vizcaya, Philippines",16.13819,121.19395,PLDT,86501,124422,86.50,124.42,8,11,3,4
"Ubay, Bohol, Philippines",10.05512,124.47421,Globe,245370,40468,245.37,40.47,7,11,5,5
"Dumanjug, Cebu, Philippines",10.02819,123.47198,PLDT Home Fiber,107216,129816,107.22,129.82,5,11,4,5
"Atimonan, Quezon, Philippines",13.96507,121.87903,PLDT Home Fiber,87700,94736,87.70,94.74,7,11,7,8
"Buruanga, Aklan, Philippines",11.82597,121.91318,Globe,95677,100688,95.68,100.69,15,11,4,4
"Bumbaran, Lanao del Sur, Philippines",7.74529,124.66353,PLDT Home Fiber,79141,70880,79.14,70.88,7,11,1,1
"San Jose, Occidental Mindoro, Philippines",12.40119,121.10229,SpaceX Starlink,54243,11457,54.24,11.46,32,11,1,1
"Baungon, Bukidnon, Philippines",8.21754,124.75198,PLDT,154099,56741,154.10,56.74,5,11,4,4
"San Mariano, Isabela, Philippines",16.87828,122.12918,Converge,15214,43562,15.21,43.56,9,11,5,6
"Carmen, Davao del Norte, Philippines",7.35492,125.704,Globe,154514,227025,154.51,227.03,4,11,7,7
"Macabebe, Pampanga, Philippines",14.89732,120.6545,PLDT Home Fiber,99753,82667,99.75,82.67,7,11,4,7
"Surigao, Surigao del Norte, Philippines",9.79022,125.49311,SpaceX Starlink,12445,6632,12.45,6.63,46,11,4,9
"Magpet, Cotabato, Philippines",7.1332,125.17087,Globe,171603,142767,171.60,142.77,3,11,11,11
"San Rafael, Iloilo, Philippines",11.17902,122.82752,PLDT,13254,9479,13.25,9.48,37,11,4,5
"Sibagat, Agusan del Sur, Philippines",8.98225,125.78435,PLDT,20834,19291,20.83,19.29,28,11,1,1
"Bonifacio, Misamis Occidental, Philippines",8.10423,123.59519,PLDT Home Fiber,85758,100867,85.76,100.87,6,11,4,6
"San Pascual, Batangas, Philippines",13.81044,121.02204,PLDT Home Fiber,175704,156653,175.70,156.65,9,11,6,9
"Ramon, Isabela, Philippines",16.8047,121.52558,PLDT Home Fiber,47071,60086,47.07,60.09,11,11,6,7
"Carcar, Cebu, Philippines",10.10478,123.64147,Globe,192591,227921,192.59,227.92,6,11,5,9
"Tanauan, Leyte, Philippines",11.07765,124.98373,PLDT Home Fiber,13240,12630,13.24,12.63,6,11,1,2
"San Antonio, Nueva Ecija, Philippines",15.31921,120.82692,Converge,73722,76997,73.72,77.00,6,11,8,11
"Talisay, Batangas, Philippines",14.11598,121.04498,Converge,253587,173199,253.59,173.20,5,11,3,5
"Dumanjug, Cebu, Philippines",10.02819,123.47198,Converge,208454,213921,208.45,213.92,26,11,3,3
"Amlan, Negros Oriental, Philippines",9.44436,123.18013,PLDT Home Fiber,53948,50923,53.95,50.92,10,11,3,4
"Pinan (New Pinan), Zamboanga del Norte, Philippines",8.39244,123.42714,PLDT Home Fiber,49400,42354,49.40,42.35,10,11,5,5
"Patikul, Sulu, Philippines",6.06302,121.10229,SpaceX Starlink,15687,15286,15.69,15.29,46,10,2,4
"Nabunturan, Davao de Oro, Philippines",7.54501,126.02409,SpaceX Starlink,144554,23935,144.55,23.94,33,10,6,6
"Alilem, Ilocos Sur, Philippines",16.9074,120.59698,PLDT Home Fiber,224105,140737,224.11,140.74,9,10,3,3
"Hinatuan, Surigao del Sur, Philippines",8.41693,126.3173,PLDT Home Fiber,119792,80411,119.79,80.41,11,10,3,4
"Pakil, Laguna, Philippines",14.3694,121.39418,Converge,106393,82908,106.39,82.91,9,10,2,5
"Guagua, Pampanga, Philippines",14.96374,120.63244,PLDT,308620,314647,308.62,314.65,12,10,4,6
"San Francisco (Aurora), Quezon, Philippines",13.29776,122.5599,Converge,17802,1862,17.80,1.86,15,10,3,4
"Rosales, Pangasinan, Philippines",15.86126,120.63149,PLDT Home Fiber,42727,57793,42.73,57.79,10,10,5,6
"Bacacay, Albay, Philippines",13.29586,123.87462,Converge,132078,123735,132.08,123.74,4,10,4,8
"Sipocot, Camarines Sur, Philippines",13.83785,123.01136,PLDT,3786,55603,3.79,55.60,24,10,3,4
"City Of Bislig, Surigao del Sur, Philippines",8.21006,126.28478,Globe,95114,52093,95.11,52.09,11,10,5,8
"Bansud, Oriental Mindoro, Philippines",12.85267,121.37703,PLDT Home Fiber,158012,202252,158.01,202.25,7,10,4,6
"Balagtas, Bulacan, Philippines",14.81784,120.90646,Globe,206113,183392,206.11,183.39,7,10,4,6
"Catarman, Camiguin, Philippines",9.16982,124.67459,PLDT Home Fiber,31541,31076,31.54,31.08,4,10,3,4
"President Quirino, Sultan Kudarat, Philippines",6.72558,124.74093,PLDT Home Fiber,31970,5112,31.97,5.11,10,10,2,6
"Carrascal, Surigao del Sur, Philippines",9.36603,125.84981,PLDT Home Fiber,196590,184032,196.59,184.03,9,10,4,5
"Bagac, Bataan, Philippines",14.63082,120.41272,Converge,98578,270424,98.58,270.42,6,10,1,5
"Uson, Masbate, Philippines",12.18022,123.79056,PLDT,126070,107297,126.07,107.30,14,10,2,4
"Tigaon, Camarines Sur, Philippines",13.61703,123.47198,Converge,237128,329159,237.13,329.16,11,10,3,7
"Buhi, Camarines Sur, Philippines",13.40951,123.51681,Converge,112239,118574,112.24,118.57,3,10,3,5
"Sibalom, Antique, Philippines",10.76502,122.06102,PLDT Home Fiber,146670,165539,146.67,165.54,8,10,4,7
"Leon, Iloilo, Philippines",10.82086,122.34476,SpaceX Starlink,253996,26831,254.00,26.83,24,10,1,2
"Santa Maria, Ilocos Sur, Philippines",17.37881,120.49336,PLDT Home Fiber,95806,99893,95.81,99.89,9,10,5,6
"Talugtug, Nueva Ecija, Philippines",15.7698,120.81544,PLDT,87217,92048,87.22,92.05,19,10,5,7
"Ibajay, Aklan, Philippines",11.75186,122.18596,Converge,48257,48594,48.26,48.59,14,10,5,6
"Kiangan, Ifugao, Philippines",16.77302,121.09083,PLDT Home Fiber,96070,161033,96.07,161.03,8,10,7,8
"Tantangan, South Cotabato, Philippines",6.57126,124.75198,PLDT Home Fiber,186950,187762,186.95,187.76,10,10,5,7
"San Isidro, Northern Samar, Philippines",12.35664,124.39764,SpaceX Starlink,427453,39093,427.45,39.09,27,10,1,3
"Aroroy, Masbate, Philippines",12.38843,123.32617,PLDT,43131,19330,43.13,19.33,19,10,5,8
"Medellin, Cebu, Philippines",11.1491,123.98615,PLDT Home Fiber,216584,263252,216.58,263.25,4,10,2,4
"Cuyo, Palawan, Philippines",10.80729,121.02778,SpaceX Starlink,248891,42038,248.89,42.04,24,10,2,8
"Alangalang, Leyte, Philippines",11.23565,124.88449,SpaceX Starlink,23176,7019,23.18,7.02,50,10,2,2
"San Narciso, Zambales, Philippines",15.01114,120.08963,PLDT,150785,48405,150.79,48.41,22,10,4,4
"Pagbilao, Quezon, Philippines",13.99683,121.73095,Converge,173605,187383,173.61,187.38,7,10,2,5
"Buenavista, Agusan del Norte, Philippines",8.97318,125.40853,PLDT Home Fiber,120734,99896,120.73,99.90,6,10,4,4
"Tupi, South Cotabato, Philippines",6.33849,124.97271,PLDT,264267,188990,264.27,188.99,61,10,4,4
"Muñoz, Nueva Ecija, Philippines",15.70664,120.9029,Converge,80287,80675,80.29,80.68,5,10,5,6
"Milaor, Camarines Sur, Philippines",13.59634,123.17451,PLDT,143654,167814,143.65,167.81,10,10,3,3
"Alfonso Lista, Ifugao, Philippines",16.98852,121.49132,PLDT,10585,17323,10.59,17.32,20,10,4,4
"Mendez, Cavite, Philippines",14.12941,120.90511,Converge,313961,23127,313.96,23.13,5,10,3,5
"Tiwi, Albay, Philippines",13.4612,123.63996,SpaceX Starlink,51697,6647,51.70,6.65,57,10,1,2
"Dipaculao, Aurora, Philippines",15.84995,121.5377,Converge,146327,121094,146.33,121.09,8,10,1,4
"Casiguran, Sorsogon, Philippines",12.843,124.04187,PLDT,25389,34100,25.39,34.10,17,10,3,5
"Claveria, Cagayan, Philippines",18.56565,121.09083,PLDT Home Fiber,207192,172050,207.19,172.05,12,10,5,5
"Hilongos, Leyte, Philippines",10.39469,124.84034,Globe,112721,100794,112.72,100.79,9,10,3,4
"Toledo, Cebu, Philippines",10.38705,123.65017,Converge,44071,47401,44.07,47.40,21,10,6,8
"Lamut, Ifugao, Philippines",16.68241,121.19395,PLDT Home Fiber,103027,95752,103.03,95.75,9,10,4,4
"Hinunangan, Southern Leyte, Philippines",10.39458,125.14888,SpaceX Starlink,33786,12941,33.79,12.94,34,10,5,5
"City of El Salvador, Misamis Oriental, Philippines",8.47767,124.47527,Converge,112506,117006,112.51,117.01,9,10,3,3
"Oas, Albay, Philippines",13.14041,123.37106,PLDT,37913,48059,37.91,48.06,26,10,1,2
"San Jose, Occidental Mindoro, Philippines",12.40119,121.10229,PLDT,69002,118169,69.00,118.17,17,10,5,7
"San Andres, Catanduanes, Philippines",13.6332,124.08641,PLDT,160019,137473,160.02,137.47,17,10,6,7
"Casiguran, Aurora, Philippines",16.27707,122.12254,PLDT,48987,32781,48.99,32.78,11,10,5,8
"Palayan City, Nueva Ecija, Philippines",15.53906,121.09083,SpaceX Starlink,35505,11117,35.51,11.12,28,10,4,7
"Calatagan, Batangas, Philippines",13.88203,120.6545,PLDT,61530,53484,61.53,53.48,21,10,4,7
"Toledo, Cebu, Philippines",10.38705,123.65017,SpaceX Starlink,4281,2645,4.28,2.65,33,10,2,3
"Alaminos, Laguna, Philippines",14.0454,121.25119,PLDT Home Fiber,180524,193736,180.52,193.74,7,10,5,6
"Bauang, La Union, Philippines",16.51433,120.35508,Globe,311609,340874,311.61,340.87,5,10,5,5
"Calinog, Iloilo, Philippines",11.14579,122.51464,PLDT,45280,31025,45.28,31.03,12,10,7,7
"Aringay, La Union, Philippines",16.40163,120.40119,PLDT,148445,143501,148.45,143.50,3,10,4,5
"Moncada, Tarlac, Philippines",15.73756,120.55094,PLDT Home Fiber,73646,71952,73.65,71.95,11,10,4,6
"San Rafael, Iloilo, Philippines",11.17902,122.82752,PLDT Home Fiber,76589,83786,76.59,83.79,9,10,1,3
"Orani, Bataan, Philippines",14.80086,120.53616,PLDT Home Fiber,129881,100747,129.88,100.75,7,10,4,5
"Parañaque, Metro Manila, Philippines",14.47929,121.01985,SpaceX Starlink,144874,12460,144.87,12.46,20,10,3,4
"Boac, Marinduque, Philippines",13.39413,121.87903,PLDT Home Fiber,67411,43469,67.41,43.47,8,10,7,9
"Santa Cruz, Davao del Sur, Philippines",6.83551,125.41659,Converge,102870,232616,102.87,232.62,4,10,5,8
"Taytay, Palawan, Philippines",10.66876,119.46436,SpaceX Starlink,2948,2141,2.95,2.14,36,10,1,4
"Rosario, La Union, Philippines",16.23014,120.48702,PLDT Home Fiber,79148,76601,79.15,76.60,4,10,5,7
"Dapa, Surigao del Norte, Philippines",9.78925,126.0676,Globe,118991,29972,118.99,29.97,13,10,4,6
"Barotac Nuevo, Iloilo, Philippines",10.89705,122.69526,PLDT Home Fiber,51741,52020,51.74,52.02,8,10,2,3
"Tabaco City, Albay, Philippines",13.36138,123.72876,Globe,302989,289112,302.99,289.11,24,10,4,6
"Tibiao, Antique, Philippines",11.30535,122.09511,PLDT Home Fiber,255887,239134,255.89,239.13,10,10,5,5
"Aurora, Zamboanga del Sur, Philippines",7.95458,123.59519,PLDT Home Fiber,138429,159792,138.43,159.79,10,10,4,7
"Bautista, Pangasinan, Philippines",15.79528,120.51639,Converge,164838,118883,164.84,118.88,8,10,5,6
"San Andres, Catanduanes, Philippines",13.6332,124.08641,SpaceX Starlink,72887,19962,72.89,19.96,29,10,1,2
"Cauayan City, Isabela, Philippines",16.91662,121.78792,Globe,580841,529943,580.84,529.94,6,10,3,5
"Nabua, Camarines Sur, Philippines",13.4069,123.37324,Converge,136050,77596,136.05,77.60,2,10,6,7
"Daanbantayan, Cebu, Philippines",11.22134,124.03072,Globe,100147,140781,100.15,140.78,7,10,6,6
"Santa Rosa, Nueva Ecija, Philippines",15.42502,120.93838,Converge,382059,338674,382.06,338.67,6,10,8,9
"San Quintin, Pangasinan, Philippines",15.9754,120.83841,PLDT Home Fiber,91624,93929,91.62,93.93,8,10,6,7
"Tinambac, Camarines Sur, Philippines",13.90428,123.37106,SpaceX Starlink,11091,6121,11.09,6.12,26,10,1,3
"Catigbian, Bohol, Philippines",9.84938,124.03072,PLDT,75076,76679,75.08,76.68,37,10,3,5
"Borbon, Cebu, Philippines",10.84627,123.9973,Globe,264808,119045,264.81,119.05,16,10,7,8
"Tiaong, Quezon, Philippines",13.92962,121.34273,Converge,166352,159789,166.35,159.79,5,10,7,8
"Lambayong (Mariano Marcos), Sultan Kudarat, Philippines",6.79879,124.61927,PLDT Home Fiber,31512,24917,31.51,24.92,18,9,5,6
"Manaoag, Pangasinan, Philippines",16.04627,120.4876,Converge,93113,102001,93.11,102.00,5,9,4,7
"Gen. S. K. Pendatun, Maguindanao, Philippines",6.81786,124.71882,PLDT Home Fiber,13663,14365,13.66,14.37,43,9,1,2
"City of Tacurong, Sultan Kudarat, Philippines",6.6866,124.66353,PLDT,121301,67664,121.30,67.66,17,9,6,8
"Labo, Camarines Norte, Philippines",14.13903,122.7633,Converge,211015,236701,211.02,236.70,13,9,4,7
"San Gabriel, La Union, Philippines",16.66943,120.50488,PLDT Home Fiber,7516,22508,7.52,22.51,23,9,4,4
"Alcala, Cagayan, Philippines",17.90497,121.65113,PLDT Home Fiber,122524,64561,122.52,64.56,16,9,3,3
"Santa Ana, Pampanga, Philippines",15.09442,120.76623,Globe,116855,109289,116.86,109.29,12,9,3,4
"Datu Odin Sinsuat (Dinaig), Maguindanao del Norte, Philippines",7.08286,124.26439,Globe,111487,22039,111.49,22.04,12,9,3,5
"City of Catbalogan, Samar, Philippines",11.85683,124.88449,PLDT,50942,57596,50.94,57.60,36,9,2,5
"Laurel, Batangas, Philippines",14.05302,120.9073,PLDT,109146,76784,109.15,76.78,5,9,3,4
"Palapag, Northern Samar, Philippines",12.52175,125.14888,SpaceX Starlink,2831,3208,2.83,3.21,42,9,1,3
"Bayawan City, Negros Oriental, Philippines",9.53644,122.7633,Globe,177458,174551,177.46,174.55,42,9,2,3
"Guinobatan, Albay, Philippines",13.15419,123.55041,Converge,84707,50728,84.71,50.73,11,9,3,5
"Mutia, Zamboanga del Norte, Philippines",8.38389,123.51681,PLDT Home Fiber,10397,13985,10.40,13.99,8,9,1,2
"San Jacinto, Pangasinan, Philippines",16.07883,120.44729,PLDT Home Fiber,125646,26974,125.65,26.97,58,9,1,3
"Glan, Sarangani, Philippines",5.82205,125.20413,PLDT,7813,27557,7.81,27.56,91,9,4,7
"Kalibo, Aklan, Philippines",11.70734,122.36986,PLDT Home Fiber,205381,232083,205.38,232.08,10,9,4,7
"Cadiz City, Negros Occidental, Philippines",10.86192,123.23632,Globe,114126,26839,114.13,26.84,7,9,7,8
"Cabangan, Zambales, Philippines",15.17178,120.13583,Converge,33275,70418,33.28,70.42,5,9,1,2
"Siay, Zamboanga Sibugay, Philippines",7.71885,122.87613,PLDT Home Fiber,51356,41949,51.36,41.95,21,9,2,2
"Naawan, Misamis Oriental, Philippines",8.43488,124.34214,Globe,570299,390118,570.30,390.12,41,9,1,1
"San Joaquin, Iloilo, Philippines",10.64155,122.10647,PLDT,44481,42543,44.48,42.54,9,9,3,4
"Impasug-ong, Bukidnon, Philippines",8.38854,125.08286,SpaceX Starlink,1648,1615,1.65,1.62,42,9,1,1
"Igbaras, Iloilo, Philippines",10.74408,122.2427,PLDT,5009,4221,5.01,4.22,28,9,2,4
"Calabanga, Camarines Sur, Philippines",13.71633,123.28126,PLDT,33075,41295,33.08,41.30,12,9,4,6
"Rapu-rapu, Albay, Philippines",13.23584,124.00844,SpaceX Starlink,560,683,0.56,0.68,32,9,3,4
"San Leonardo, Nueva Ecija, Philippines",15.37285,120.95321,PLDT Home Fiber,203826,314780,203.83,314.78,10,9,3,7
"Natividad, Pangasinan, Philippines",16.03821,120.83841,Converge,31181,51720,31.18,51.72,5,9,5,6
"Pandi, Bulacan, Philippines",14.87572,120.95941,Globe,210725,192829,210.73,192.83,8,9,6,7
"Talavera, Nueva Ecija, Philippines",15.58575,120.9197,PLDT,129441,81473,129.44,81.47,9,9,4,7
"San Remigio, Antique, Philippines",10.90711,122.19731,PLDT Home Fiber,388612,399753,388.61,399.75,9,9,2,4
"San Fabian, Pangasinan, Philippines",16.14188,120.44729,PLDT,48349,36369,48.35,36.37,6,9,5,6
"Amadeo, Cavite, Philippines",14.18985,120.92452,PLDT,179285,126309,179.29,126.31,10,9,6,6
"City of Tayabas, Quezon, Philippines",14.01135,121.55983,Converge,345379,352742,345.38,352.74,6,9,5,8
"Igbaras, Iloilo, Philippines",10.74408,122.2427,PLDT Home Fiber,295632,238692,295.63,238.69,9,9,6,6
"City of Batac, Ilocos Norte, Philippines",18.04961,120.59698,PLDT,457089,407859,457.09,407.86,5,9,1,1
"Binalonan, Pangasinan, Philippines",16.05355,120.60848,PLDT,38173,38973,38.17,38.97,29,9,2,2
"Liliw, Laguna, Philippines",14.12617,121.4399,PLDT Home Fiber,53348,42494,53.35,42.49,8,9,6,6
"City of Cabadbaran, Agusan del Norte, Philippines",9.14092,125.697,Globe,294786,31892,294.79,31.89,13,9,5,5
"Iriga City, Camarines Sur, Philippines",13.42095,123.41361,Globe,133020,163371,133.02,163.37,13,9,1,2
"Sipalay City, Negros Occidental, Philippines",9.71979,122.49201,PLDT,21932,26746,21.93,26.75,75,9,2,5
"Jipapad, Eastern Samar, Philippines",12.28066,125.19286,SpaceX Starlink,57741,12032,57.74,12.03,32,9,1,2
"Malabang, Lanao del Sur, Philippines",7.60477,124.07528,SpaceX Starlink,34438,7819,34.44,7.82,63,9,2,4
"Pres. Manuel A. Roxas, Zamboanga del Norte, Philippines",8.51832,123.23278,PLDT,177911,158216,177.91,158.22,8,9,2,2
"Mabini, Bohol, Philippines",9.89691,124.53068,PLDT,33618,58156,33.62,58.16,7,9,6,7
"Talisay, Negros Occidental, Philippines",10.74828,122.98012,Converge,237442,154622,237.44,154.62,10,9,7,8
"Tumauini, Isabela, Philippines",17.27708,121.87903,PLDT Home Fiber,35510,49584,35.51,49.58,8,9,1,2
"Silago, Southern Leyte, Philippines",10.51472,125.10487,PLDT,6288,14658,6.29,14.66,50,9,2,2
"Passi City, Iloilo, Philippines",11.1688,122.65035,Converge,176362,196616,176.36,196.62,10,9,2,5
"Pototan, Iloilo, Philippines",10.94194,122.63874,PLDT Home Fiber,95848,75895,95.85,75.90,7,9,2,3
"Sigma, Capiz, Philippines",11.4398,122.69555,PLDT,46969,152972,46.97,152.97,9,9,4,6
"Cortes, Bohol, Philippines",9.71134,123.89693,Globe,171710,106159,171.71,106.16,23,9,2,3
"Bangued, Abra, Philippines",17.58818,120.63149,Converge,70419,29046,70.42,29.05,8,9,3,5
"Capul, Northern Samar, Philippines",12.41953,124.16432,SpaceX Starlink,80087,13780,80.09,13.78,28,9,2,3
"San Simon, Pampanga, Philippines",14.98432,120.75127,PLDT,44489,48781,44.49,48.78,6,9,7,7
"Jabonga, Agusan del Norte, Philippines",9.35888,125.58767,PLDT Home Fiber,143303,184881,143.30,184.88,5,9,2,2
"Catigbian, Bohol, Philippines",9.84938,124.03072,PLDT Home Fiber,62081,119957,62.08,119.96,6,9,4,5
"Malasiqui, Pangasinan, Philippines",15.92028,120.41443,PLDT,102817,105130,102.82,105.13,6,9,6,8
"San Felipe, Zambales, Philippines",15.07931,120.12429,PLDT Home Fiber,312678,532702,312.68,532.70,21,9,2,7
"Barira, Maguindanao, Philippines",7.45408,124.31993,PLDT Home Fiber,151761,142503,151.76,142.50,9,9,6,6
"Nasipit, Agusan del Norte, Philippines",8.93971,125.32468,PLDT Home Fiber,38444,50015,38.44,50.02,7,9,2,2
"Pila, Laguna, Philippines",14.23461,121.3656,PLDT Home Fiber,94245,106876,94.25,106.88,4,9,5,6
"Candoni, Negros Occidental, Philippines",9.76106,122.65035,PLDT Home Fiber,225076,89467,225.08,89.47,17,9,2,2
"San Miguel, Bohol, Philippines",9.994,124.35324,PLDT Home Fiber,23935,24227,23.94,24.23,8,9,3,3
"Anilao, Iloilo, Philippines",11.00026,122.74072,SpaceX Starlink,114865,19360,114.87,19.36,25,9,2,3
"City Of Bislig, Surigao del Sur, Philippines",8.21006,126.28478,SpaceX Starlink,14343,7801,14.34,7.80,31,9,1,1
"Panukulan, Quezon, Philippines",14.99163,121.87903,SpaceX Starlink,24570,14731,24.57,14.73,24,9,4,5
"Abra De Ilog, Occidental Mindoro, Philippines",13.36383,120.75798,SpaceX Starlink,40359,9162,40.36,9.16,25,9,5,5
"Nueva Valencia, Guimaras, Philippines",10.46356,122.54859,PLDT Home Fiber,88894,69706,88.89,69.71,7,9,4,6
"Castillejos, Zambales, Philippines",14.94382,120.19357,PLDT,165401,111955,165.40,111.96,12,9,6,7
"Alaminos, Laguna, Philippines",14.0454,121.25119,Converge,100342,107010,100.34,107.01,13,9,4,6
"Ramon, Isabela, Philippines",16.8047,121.52558,PLDT,6014,6084,6.01,6.08,12,9,2,3
"Pasacao, Camarines Sur, Philippines",13.54666,123.0001,PLDT,64898,142279,64.90,142.28,12,9,4,7
"Cajidiocan, Romblon, Philippines",12.40062,122.65035,PLDT,31111,88750,31.11,88.75,15,9,4,5
"Dumingag, Zamboanga del Sur, Philippines",8.18754,123.30371,PLDT,275915,284055,275.92,284.06,6,9,3,3
"Baco, Oriental Mindoro, Philippines",13.35793,121.09628,Globe,167864,204361,167.86,204.36,37,9,1,1
"Ambaguio, Nueva Vizcaya, Philippines",16.57936,121.05644,PLDT Home Fiber,52602,94523,52.60,94.52,8,9,7,7
"Nagcarlan, Laguna, Philippines",14.14903,121.38847,Converge,86428,80532,86.43,80.53,7,9,6,7
"Santa Teresita, Cagayan, Philippines",18.24591,121.91318,PLDT,9934,12229,9.93,12.23,17,9,3,4
"City of Bayugan, Agusan del Sur, Philippines",8.71381,125.74865,PLDT Home Fiber,24186,21805,24.19,21.81,9,9,4,5
"Baguio, Benguet, Philippines",16.41297,120.5914,SpaceX Starlink,95259,24988,95.26,24.99,23,9,2,6
"Kumalarang, Zamboanga del Sur, Philippines",7.7703,123.1464,PLDT Home Fiber,185638,197802,185.64,197.80,6,9,4,4
"Valencia City, Bukidnon, Philippines",7.86319,125.17087,Globe,119250,60175,119.25,60.18,6,9,5,6
"Lazi, Siquijor, Philippines",9.13207,123.60639,PLDT Home Fiber,136315,149724,136.32,149.72,9,9,4,5
"San Roque, Northern Samar, Philippines",12.44327,124.88449,PLDT Home Fiber,54997,78069,55.00,78.07,18,9,2,5
"Tangub City, Misamis Occidental, Philippines",8.09592,123.6847,PLDT Home Fiber,113669,62318,113.67,62.32,5,9,4,4
"San Dionisio, Iloilo, Philippines",11.32418,123.06765,PLDT,162561,242882,162.56,242.88,10,9,2,2
"Siasi, Sulu, Philippines",5.53402,120.86138,SpaceX Starlink,1149,1918,1.15,1.92,52,9,1,2
"Santa Barbara, Pangasinan, Philippines",15.9774,120.42424,Globe,142434,125912,142.43,125.91,15,9,2,3
"Ligao City, Albay, Philippines",13.17242,123.4944,Globe,118983,114001,118.98,114.00,20,9,3,5
"Labason, Zamboanga del Norte, Philippines",8.01373,122.51464,PLDT,33489,33822,33.49,33.82,13,9,5,5
"Calumpit, Bulacan, Philippines",14.91518,120.7662,Globe,246903,244600,246.90,244.60,6,9,4,4
"Dilasag, Aurora, Philippines",16.46212,122.12918,PLDT,28459,23288,28.46,23.29,16,9,2,4
"Pangil, Laguna, Philippines",14.41772,121.48561,PLDT,73971,58066,73.97,58.07,6,9,3,3
"Quezon, Nueva Vizcaya, Philippines",16.45779,121.28552,Converge,20550,20338,20.55,20.34,14,9,2,4
"Malay, Aklan, Philippines",11.93033,121.95191,PLDT,17221,19668,17.22,19.67,30,9,5,7
"Boljoon, Cebu, Philippines",9.64574,123.44956,PLDT,54719,57195,54.72,57.20,6,9,2,3
"Bauang, La Union, Philippines",16.51433,120.35508,Converge,93272,102412,93.27,102.41,4,9,5,6
"San Luis, Batangas, Philippines",13.8406,120.95321,PLDT Home Fiber,21894,33661,21.89,33.66,6,9,4,6
"Larena, Siquijor, Philippines",9.22728,123.60639,PLDT Home Fiber,307040,200462,307.04,200.46,5,9,2,5
"Indang, Cavite, Philippines",14.19204,120.87286,Converge,222635,164766,222.64,164.77,6,9,6,6
"Laoac, Pangasinan, Philippines",16.04341,120.53942,PLDT,68497,79435,68.50,79.44,16,9,2,2
"Tuba, Benguet, Philippines",16.39277,120.56034,Converge,205420,260638,205.42,260.64,3,9,5,7
"Pandag, Maguindanao, Philippines",6.75817,124.78513,SpaceX Starlink,198560,26553,198.56,26.55,41,9,1,3
"Mawab, Davao de Oro, Philippines",7.51701,125.937,PLDT Home Fiber,13855,13055,13.86,13.06,12,9,2,4
"Tangub City, Misamis Occidental, Philippines",8.09592,123.6847,PLDT,150786,151416,150.79,151.42,8,9,6,7
"Pagalungan, Maguindanao, Philippines",6.93298,124.75198,SpaceX Starlink,142964,26828,142.96,26.83,27,9,1,1
"San Francisco, Southern Leyte, Philippines",10.07904,125.15988,SpaceX Starlink,236548,29281,236.55,29.28,36,9,2,3
"Capas, Tarlac, Philippines",15.34633,120.59344,SpaceX Starlink,104591,15783,104.59,15.78,23,9,3,4
"San Ildefonso, Bulacan, Philippines",15.07717,120.94171,Globe,234895,214775,234.90,214.78,9,9,6,7
"Carmona, Cavite, Philippines",14.3135,121.05712,PLDT Home Fiber,187457,200291,187.46,200.29,5,9,6,6
"Baclayon, Bohol, Philippines",9.63237,123.91925,PLDT Home Fiber,227360,320912,227.36,320.91,6,9,4,4
"Aliaga, Nueva Ecija, Philippines",15.51204,120.86138,Globe,108003,105825,108.00,105.83,5,9,6,7
"San Felipe, Zambales, Philippines",15.07931,120.12429,Converge,62627,61394,62.63,61.39,4,9,4,7
"Santa Maria, Laguna, Philippines",14.48365,121.42276,PLDT Home Fiber,297502,204174,297.50,204.17,7,9,5,5
"Isabel, Leyte, Philippines",10.93408,124.4531,PLDT Home Fiber,31352,33257,31.35,33.26,6,8,3,4
"Suyo, Ilocos Sur, Philippines",16.96582,120.56245,Converge,47548,111743,47.55,111.74,6,8,1,2
"Cabugao, Ilocos Sur, Philippines",17.78518,120.47033,PLDT,52661,62793,52.66,62.79,10,8,2,4
"Malasiqui, Pangasinan, Philippines",15.92028,120.41443,Converge,191290,243544,191.29,243.54,5,8,4,5
"Tangalan, Aklan, Philippines",11.74616,122.23135,PLDT Home Fiber,33005,137042,33.01,137.04,9,8,1,1
"Aglipay, Quirino, Philippines",16.44643,121.60549,PLDT Home Fiber,41413,104549,41.41,104.55,17,8,3,3
"Midsayap, Cotabato, Philippines",7.19181,124.53474,PLDT Home Fiber,44431,48025,44.43,48.03,13,8,5,8
"Malibcong, Abra, Philippines",17.59697,121.01057,SpaceX Starlink,174430,32478,174.43,32.48,28,8,1,1
"Looc, Occidental Mindoro, Philippines",13.75267,120.23973,SpaceX Starlink,9667,6967,9.67,6.97,40,8,2,3
"Camalig, Albay, Philippines",13.14101,123.63996,Converge,224440,169011,224.44,169.01,13,8,2,6
"San Fernando City, La Union, Philippines",16.61592,120.32102,Globe,124610,83426,124.61,83.43,5,8,5,7
"La Paz, Tarlac, Philippines",15.4497,120.7235,Converge,94324,122847,94.32,122.85,4,8,3,6
"Rosario, Agusan del Sur, Philippines",8.34247,126.0676,Globe,4667,328,4.67,0.33,11,8,1,1
"Pilar, Surigao del Norte, Philippines",9.86429,126.0676,SpaceX Starlink,36953,10501,36.95,10.50,50,8,2,3
"Banaue, Ifugao, Philippines",16.94963,121.10229,PLDT Home Fiber,161596,139700,161.60,139.70,7,8,6,6
"Barlig, Mountain Province, Philippines",17.06798,121.14813,PLDT Home Fiber,93493,94077,93.49,94.08,7,8,5,5
"Tarlac City, Tarlac, Philippines",15.48808,120.58719,SpaceX Starlink,92761,16837,92.76,16.84,25,8,5,7
"San Jose, Camarines Sur, Philippines",13.68724,123.53921,PLDT,215920,129810,215.92,129.81,18,8,2,2
"Marilao, Bulacan, Philippines",14.77237,120.96001,SpaceX Starlink,66795,18297,66.80,18.30,21,8,5,7
"Tanay, Rizal, Philippines",14.61419,121.37703,SpaceX Starlink,51378,7548,51.38,7.55,20,8,3,8
"Anda, Pangasinan, Philippines",16.29826,119.98562,PLDT Home Fiber,54502,57783,54.50,57.78,6,8,3,3
"Salug, Zamboanga del Norte, Philippines",8.06518,122.78588,PLDT,23337,28082,23.34,28.08,19,8,4,5
"Bagamanoc, Catanduanes, Philippines",13.94102,124.28864,SpaceX Starlink,14122,7933,14.12,7.93,32,8,3,4
"Mainit, Surigao del Norte, Philippines",9.55663,125.5001,PLDT Home Fiber,168680,189936,168.68,189.94,8,8,2,3
"Llanera, Nueva Ecija, Philippines",15.66623,121.01057,Converge,145747,131190,145.75,131.19,7,8,4,5
"Kabankalan City, Negros Occidental, Philippines",9.91341,122.85358,Globe,76860,102900,76.86,102.90,5,8,7,7
"Agoo, La Union, Philippines",16.3247,120.35508,PLDT,185876,194549,185.88,194.55,4,8,2,5
"Palimbang, Sultan Kudarat, Philippines",6.34322,124.19769,SpaceX Starlink,42085,8787,42.09,8.79,35,8,4,4
"Sibuco, Zamboanga del Norte, Philippines",7.38708,122.12918,SpaceX Starlink,62926,8781,62.93,8.78,38,8,3,4
"San Nicolas, Batangas, Philippines",13.99452,120.99337,PLDT Home Fiber,305309,307455,305.31,307.46,4,8,5,6
"Magallanes, Sorsogon, Philippines",12.78308,123.90809,PLDT,49757,16116,49.76,16.12,20,8,3,5
"Rosales, Pangasinan, Philippines",15.86126,120.63149,PLDT,114094,109187,114.09,109.19,14,8,2,2
"Urdaneta City, Pangasinan, Philippines",15.98194,120.59698,PLDT,73935,134012,73.94,134.01,5,8,3,8
"Dalaguete, Cebu, Philippines",9.78366,123.5056,PLDT Home Fiber,202724,173607,202.72,173.61,9,8,5,5
"Angono, Rizal, Philippines",14.52592,121.15321,Globe,365116,292721,365.12,292.72,5,8,5,6
"Taal, Batangas, Philippines",13.87826,120.92508,PLDT Home Fiber,81112,204368,81.11,204.37,4,8,4,5
"Tuburan, Cebu, Philippines",10.66879,123.86345,Globe,93329,217896,93.33,217.90,21,8,5,5
"Paniqui, Tarlac, Philippines",15.66603,120.53942,Converge,316163,193837,316.16,193.84,4,8,4,7
"Pio Duran, Albay, Philippines",13.0473,123.46077,Converge,165601,130064,165.60,130.06,59,8,2,5
"Bacacay, Albay, Philippines",13.29586,123.87462,PLDT Home Fiber,85367,449196,85.37,449.20,14,8,2,3
"Kalilangan, Bukidnon, Philippines",7.8149,124.70777,PLDT Home Fiber,217783,140800,217.78,140.80,7,8,6,6
"Mayorga, Leyte, Philippines",10.88505,124.98373,PLDT Home Fiber,6078,1833,6.08,1.83,7,8,1,1
"Baras, Catanduanes, Philippines",13.69967,124.36434,PLDT,62496,72272,62.50,72.27,23,8,2,2
"Solana, Cagayan, Philippines",17.65284,121.65113,Globe,97820,68285,97.82,68.29,10,8,3,3
"Calabanga, Camarines Sur, Philippines",13.71633,123.28126,Globe,63120,43151,63.12,43.15,12,8,5,5
"Santa Barbara, Pangasinan, Philippines",15.9774,120.42424,PLDT,117222,169493,117.22,169.49,5,8,5,8
"General Mariano Alvarez, Cavite, Philippines",14.29525,121.0071,PLDT Home Fiber,219400,132624,219.40,132.62,5,8,5,5
"Pototan, Iloilo, Philippines",10.94194,122.63874,Globe,115929,131019,115.93,131.02,6,8,4,7
"Wao, Lanao del Sur, Philippines",7.6676,124.70777,PLDT Home Fiber,90872,94527,90.87,94.53,6,8,8,8
"Lila, Bohol, Philippines",9.61254,124.09755,SpaceX Starlink,251748,26761,251.75,26.76,35,8,1,1
"Valencia, Negros Oriental, Philippines",9.28494,123.1464,Converge,246611,256039,246.61,256.04,22,8,3,5
"Don Carlos, Bukidnon, Philippines",7.67895,124.99652,Converge,141240,184667,141.24,184.67,10,8,3,4
"Magalang, Pampanga, Philippines",15.21394,120.66181,Globe,149905,189071,149.91,189.07,6,8,4,6
"Lapuyan, Zamboanga del Sur, Philippines",7.69162,123.19137,PLDT,6828,11147,6.83,11.15,11,8,3,4
"Agno, Pangasinan, Philippines",16.10329,119.81208,PLDT,71907,94701,71.91,94.70,9,8,3,3
"Dao, Capiz, Philippines",11.38895,122.70684,SpaceX Starlink,198218,21100,198.22,21.10,40,8,1,2
"Magsaysay (Linugos), Misamis Oriental, Philippines",8.96217,125.20386,PLDT Home Fiber,181087,47952,181.09,47.95,7,8,4,5
"Talisay, Negros Occidental, Philippines",10.74828,122.98012,SpaceX Starlink,146318,22578,146.32,22.58,25,8,3,4
"Murcia, Negros Occidental, Philippines",10.60643,123.03944,Converge,5081,3963,5.08,3.96,19,8,5,7
"Mabinay, Negros Oriental, Philippines",9.67161,122.94377,Converge,18155,32750,18.16,32.75,14,8,3,4
"Morong, Rizal, Philippines",14.51286,121.23855,PLDT Home Fiber,37411,35668,37.41,35.67,6,8,5,6
"Kalamansig, Sultan Kudarat, Philippines",6.55401,124.05104,SpaceX Starlink,1861,1823,1.86,1.82,24,8,3,5
"Lupi, Camarines Sur, Philippines",13.78895,122.90853,PLDT Home Fiber,73768,62623,73.77,62.62,45,8,2,3
"Milagros, Masbate, Philippines",12.24465,123.5056,SpaceX Starlink,2571,834,2.57,0.83,75,8,1,1
"San Felipe, Zambales, Philippines",15.07931,120.12429,SpaceX Starlink,19804,9892,19.80,9.89,59,8,1,4
"San Leonardo, Nueva Ecija, Philippines",15.37285,120.95321,Converge,82314,86253,82.31,86.25,5,8,6,7
"Puerto Galera, Oriental Mindoro, Philippines",13.44475,120.91878,SpaceX Starlink,127455,20801,127.46,20.80,26,8,4,5
"Butig, Lanao del Sur, Philippines",7.69371,124.31993,PLDT Home Fiber,50016,58278,50.02,58.28,15,8,3,3
"Inabanga, Bohol, Philippines",10.01418,124.09755,PLDT,89581,58286,89.58,58.29,13,8,4,6
"Tagbina, Surigao del Sur, Philippines",8.43879,126.19798,PLDT Home Fiber,34610,33097,34.61,33.10,5,8,1,2
"Solano, Nueva Vizcaya, Philippines",16.51774,121.18012,PLDT Home Fiber,55167,52938,55.17,52.94,9,8,3,7
"Dumarao, Capiz, Philippines",11.22554,122.83102,Converge,78852,90883,78.85,90.88,12,8,3,3
"San Manuel, Isabela, Philippines",17.02596,121.63115,PLDT,26609,19457,26.61,19.46,17,8,2,3
"Santa Maria, Ilocos Sur, Philippines",17.37881,120.49336,Converge,15166,16534,15.17,16.53,12,8,3,4
"Allacapan, Cagayan, Philippines",18.21617,121.55983,PLDT Home Fiber,217188,160161,217.19,160.16,11,8,2,4
"Mulanay, Quezon, Philippines",13.51308,122.46937,SpaceX Starlink,103004,31370,103.00,31.37,24,8,1,1
"Barotac Nuevo, Iloilo, Philippines",10.89705,122.69526,PLDT,52565,69428,52.57,69.43,17,8,2,5
"Dueñas, Iloilo, Philippines",11.06582,122.61702,PLDT,36540,22626,36.54,22.63,24,8,4,4
"Arakan, Cotabato, Philippines",7.35122,125.17087,Globe,147185,137894,147.19,137.89,3,8,6,6
"Hinigaran, Negros Occidental, Philippines",10.27479,122.92123,PLDT,7418,6875,7.42,6.88,146,8,2,3
"Enrile, Cagayan, Philippines",17.56886,121.65113,PLDT,25804,25738,25.80,25.74,39,8,3,3
"Santo Domingo, Albay, Philippines",13.25265,123.76295,Converge,195302,202839,195.30,202.84,8,8,2,7
"Montevista, Davao de Oro, Philippines",7.69422,125.98055,PLDT Home Fiber,159022,113112,159.02,113.11,12,8,2,5
"Sogod, Southern Leyte, Philippines",10.44929,125.01679,Globe,51053,19168,51.05,19.17,26,8,3,6
"Llanera, Nueva Ecija, Philippines",15.66623,121.01057,PLDT,71246,44960,71.25,44.96,21,8,1,1
"Loboc, Bohol, Philippines",9.64737,124.04187,Globe,645363,622404,645.36,622.40,4,8,1,2
"Iloilo City, Iloilo, Philippines",10.73019,122.55911,SpaceX Starlink,196187,21302,196.19,21.30,27,8,2,3
"Pilar, Bohol, Philippines",9.84115,124.35324,PLDT,54218,54211,54.22,54.21,12,8,4,6
"Santa Ana, Cagayan, Philippines",18.36702,122.22001,PLDT,40833,39077,40.83,39.08,17,8,2,2
"Panganiban, Catanduanes, Philippines",13.89356,124.2755,SpaceX Starlink,53195,17010,53.20,17.01,27,8,3,4
"Tagum, Davao del Norte, Philippines",7.44742,125.80246,SpaceX Starlink,43774,18230,43.77,18.23,38,8,4,5
"Majayjay, Laguna, Philippines",14.14491,121.46983,PLDT Home Fiber,265760,596536,265.76,596.54,6,8,5,5
"Bayambang, Pangasinan, Philippines",15.80947,120.45714,Converge,94773,94783,94.77,94.78,9,8,5,6
"San Juan, La Union, Philippines",16.6711,120.33844,Globe,174102,230069,174.10,230.07,5,8,3,3
"San Andres, Quezon, Philippines",13.32519,122.65035,Converge,249955,276937,249.96,276.94,8,8,2,4
"Pangantucan, Bukidnon, Philippines",7.84349,124.79617,PLDT Home Fiber,58315,61703,58.32,61.70,9,8,4,5
"Buenavista, Guimaras, Philippines",10.69691,122.6481,PLDT Home Fiber,44604,46933,44.60,46.93,8,8,3,5
"Aborlan, Palawan, Philippines",9.43994,118.54785,PLDT Home Fiber,60224,39030,60.22,39.03,20,8,1,4
"General Trias, Cavite, Philippines",14.38159,120.87915,SpaceX Starlink,59616,17208,59.62,17.21,24,8,3,5
"Baco, Oriental Mindoro, Philippines",13.35793,121.09628,Converge,83502,83362,83.50,83.36,10,8,3,4
"Carmen, Davao del Norte, Philippines",7.35492,125.704,PLDT Home Fiber,41479,31126,41.48,31.13,12,8,4,6
"Cabatuan, Iloilo, Philippines",10.87914,122.48206,PLDT Home Fiber,241478,317659,241.48,317.66,7,8,4,6
"Quezon, Bukidnon, Philippines",7.71645,125.17087,PLDT Home Fiber,38952,42218,38.95,42.22,11,8,3,4
"Villanueva, Misamis Oriental, Philippines",8.57469,124.80722,Globe,149615,100011,149.62,100.01,9,8,2,3
"San Jose, Batangas, Philippines",13.87868,121.09942,Globe,120023,108238,120.02,108.24,11,8,8,8
"Tubao, La Union, Philippines",16.35586,120.42424,PLDT,32523,20421,32.52,20.42,5,8,3,4
"Concepcion, Iloilo, Philippines",11.20333,123.09015,PLDT,47030,47827,47.03,47.83,22,8,2,2
"Bindoy, Negros Oriental, Philippines",9.79453,123.05639,PLDT Home Fiber,3682,3870,3.68,3.87,7,8,1,2
"Oras, Eastern Samar, Philippines",12.17696,125.36857,PLDT,135412,143114,135.41,143.11,113,8,2,2
"Bansud, Oriental Mindoro, Philippines",12.85267,121.37703,PLDT,60618,6732,60.62,6.73,26,8,4,5
"San Juan, Batangas, Philippines",13.75044,121.37703,Globe,197572,149128,197.57,149.13,7,8,6,6
"Goa, Camarines Sur, Philippines",13.73619,123.41593,Globe,261893,93324,261.89,93.32,15,8,3,3
"Buhi, Camarines Sur, Philippines",13.40951,123.51681,PLDT Home Fiber,307740,254250,307.74,254.25,12,8,3,4
"Enrique B. Magalona, Negros Occidental, Philippines",10.87695,122.98281,SpaceX Starlink,57093,32549,57.09,32.55,25,8,3,5
"Manolo Fortich, Bukidnon, Philippines",8.39002,124.88449,Converge,222011,286053,222.01,286.05,10,8,3,6
"Flora, Apayao, Philippines",18.1146,121.42276,SpaceX Starlink,109484,24255,109.48,24.26,55,8,1,2
"Santa Fe, Cebu, Philippines",11.16913,123.79088,PLDT,7652,20120,7.65,20.12,41,8,2,5
"Prosperidad, Agusan del Sur, Philippines",8.67623,125.87161,PLDT,10306,12345,10.31,12.35,22,8,2,3
"Mambajao, Camiguin, Philippines",9.22153,124.71882,SpaceX Starlink,35377,14970,35.38,14.97,41,8,3,6
"San Jose de Buenavista, Antique, Philippines",10.74901,121.94128,Globe,223167,211538,223.17,211.54,10,8,4,5
"Bato, Leyte, Philippines",10.32908,124.8293,Globe,137491,205630,137.49,205.63,18,8,4,4
"Buldon, Maguindanao, Philippines",7.47483,124.39764,PLDT Home Fiber,56778,63817,56.78,63.82,12,8,4,4
"Silang, Cavite, Philippines",14.22025,120.96469,SpaceX Starlink,68364,19962,68.36,19.96,22,7,2,4
"Santo Tomas, Davao del Norte, Philippines",7.50929,125.63142,PLDT,209092,194724,209.09,194.72,6,7,1,3
"Cavite, Philippines",14.48151,120.90833,Converge,51307,114848,51.31,114.85,6,7,3,4
"Pikit, Cotabato, Philippines",7.05314,124.61927,PLDT Home Fiber,18905,47444,18.91,47.44,26,7,6,6
"Lidlidda, Ilocos Sur, Philippines",17.26534,120.53942,Converge,46773,54892,46.77,54.89,7,7,1,1
"Buenavista, Guimaras, Philippines",10.69691,122.6481,SpaceX Starlink,37123,17124,37.12,17.12,30,7,4,4
"Kananga, Leyte, Philippines",11.16036,124.57499,PLDT Home Fiber,203589,172779,203.59,172.78,4,7,3,5
"Patnongon, Antique, Philippines",10.92303,122.06102,PLDT Home Fiber,162442,178702,162.44,178.70,11,7,2,2
"Dumarao, Capiz, Philippines",11.22554,122.83102,PLDT Home Fiber,178507,477810,178.51,477.81,8,7,2,7
"Danao, Bohol, Philippines",9.96296,124.20881,PLDT,161748,162328,161.75,162.33,6,7,2,2
"Guinayangan, Quezon, Philippines",13.88505,122.42407,SpaceX Starlink,23443,5887,23.44,5.89,24,7,4,4
"San Jorge, Samar, Philippines",11.9902,124.90655,SpaceX Starlink,177089,17647,177.09,17.65,30,7,2,2
"Cuenca, Batangas, Philippines",13.9144,121.05071,PLDT Home Fiber,68445,35391,68.45,35.39,5,7,3,4
"Badoc, Ilocos Norte, Philippines",17.92969,120.49336,PLDT,45669,34920,45.67,34.92,12,7,2,4
"Narvacan, Ilocos Sur, Philippines",17.44229,120.49336,PLDT,59126,52174,59.13,52.17,9,7,4,6
"Sitangkai, Tawi-Tawi, Philippines",4.74376,119.40052,SpaceX Starlink,3797,1872,3.80,1.87,61,7,1,1
"Janiuay, Iloilo, Philippines",10.99877,122.42407,Globe,74163,71980,74.16,71.98,5,7,2,5
"Aliaga, Nueva Ecija, Philippines",15.51204,120.86138,PLDT Home Fiber,88462,17412,88.46,17.41,10,7,3,5
"Anini-y, Antique, Philippines",10.45152,121.95869,PLDT,18437,17977,18.44,17.98,8,7,1,2
"Ferrol, Romblon, Philippines",12.3216,121.95869,SpaceX Starlink,27916,17296,27.92,17.30,23,7,3,3
"Datu Odin Sinsuat (Dinaig), Maguindanao del Norte, Philippines",7.08286,124.26439,SpaceX Starlink,25405,1765,25.41,1.77,46,7,2,2
"Sablayan, Occidental Mindoro, Philippines",12.88349,120.98763,Globe,90145,94227,90.15,94.23,14,7,1,2
"Tiwi, Albay, Philippines",13.4612,123.63996,PLDT Home Fiber,11749,17119,11.75,17.12,10,7,3,4
"Tagoloan, Misamis Oriental, Philippines",8.51877,124.80722,PLDT,44298,23961,44.30,23.96,15,7,4,5
"Alitagtag, Batangas, Philippines",13.87214,121.02204,PLDT,308903,172769,308.90,172.77,7,7,2,2
"Narvacan, Ilocos Sur, Philippines",17.44229,120.49336,Converge,18290,27661,18.29,27.66,14,7,1,1
"Cantilan, Surigao del Sur, Philippines",9.27827,125.88251,Globe,21572,20309,21.57,20.31,14,7,2,2
"Katipunan, Zamboanga del Norte, Philippines",8.39688,123.28126,PLDT Home Fiber,308769,230925,308.77,230.93,12,7,3,3
"Apalit, Pampanga, Philippines",14.95255,120.76688,PLDT,41831,75150,41.83,75.15,6,7,3,4
"Iba, Zambales, Philippines",15.39495,120.04341,PLDT Home Fiber,254482,250690,254.48,250.69,8,7,5,7
"Batangas City, Batangas, Philippines",13.75641,121.05833,SpaceX Starlink,24658,2794,24.66,2.79,28,7,3,6
"San Vicente, Palawan, Philippines",10.36167,119.1158,PLDT,152545,157323,152.55,157.32,22,7,2,4
"Bongabon, Nueva Ecija, Philippines",15.67193,121.23974,Converge,113538,115102,113.54,115.10,5,7,1,2
"Malay, Aklan, Philippines",11.93033,121.95191,SpaceX Starlink,84588,36486,84.59,36.49,21,7,1,4
"Argao, Cebu, Philippines",9.88114,123.60535,Converge,208268,164221,208.27,164.22,37,7,1,3
"Balungao, Pangasinan, Philippines",15.88371,120.68901,PLDT Home Fiber,279658,162269,279.66,162.27,13,7,5,5
"Penaranda, Nueva Ecija, Philippines",15.36229,121.02204,Converge,40273,47318,40.27,47.32,6,7,5,5
"San Luis, Pampanga, Philippines",15.03986,120.81544,Converge,137249,60183,137.25,60.18,5,7,3,7
"Merida, Leyte, Philippines",10.96425,124.5196,Converge,243788,247398,243.79,247.40,5,7,3,7
"Palanas, Masbate, Philippines",12.11021,123.90809,PLDT Home Fiber,197690,233457,197.69,233.46,17,7,2,2
"Labrador, Pangasinan, Philippines",16.00274,120.12429,Converge,115941,119470,115.94,119.47,5,7,3,3
"Valderrama, Antique, Philippines",11.06521,122.19731,PLDT,18215,29501,18.22,29.50,25,7,6,6
"Sagbayan, Bohol, Philippines",9.91005,124.08641,Globe,586749,526046,586.75,526.05,7,7,1,2
"Taytay, Rizal, Philippines",14.55288,121.12571,SpaceX Starlink,157701,28436,157.70,28.44,23,7,2,3
"Lantapan, Bukidnon, Philippines",8.04797,124.97271,PLDT,145606,80667,145.61,80.67,47,7,3,3
"Ocampo, Camarines Sur, Philippines",13.58198,123.37106,Converge,35506,30710,35.51,30.71,12,7,4,6
"Malita, Davao Occidental, Philippines",6.41184,125.61321,SpaceX Starlink,184274,38927,184.27,38.93,48,7,2,4
"Carmen, Davao del Norte, Philippines",7.35492,125.704,Converge,5200,3024,5.20,3.02,6,7,1,3
"Masinloc, Zambales, Philippines",15.52089,120.04341,Globe,100750,123146,100.75,123.15,8,7,4,4
"Lambayong (Mariano Marcos), Sultan Kudarat, Philippines",6.79879,124.61927,PLDT,16306,10896,16.31,10.90,25,7,4,5
"Lopez, Quezon, Philippines",13.80005,122.31075,PLDT,145073,167738,145.07,167.74,17,7,2,4
"Polillo, Quezon, Philippines",14.73052,121.97006,SpaceX Starlink,4461,5175,4.46,5.18,31,7,4,7
"Lopez, Quezon, Philippines",13.80005,122.31075,Converge,155182,168943,155.18,168.94,13,7,2,3
"Pozorrubio, Pangasinan, Philippines",16.11642,120.54316,PLDT Home Fiber,33779,36178,33.78,36.18,5,7,4,5
"Dumanjug, Cebu, Philippines",10.02819,123.47198,PLDT,119145,77639,119.15,77.64,51,7,2,3
"Guinobatan, Albay, Philippines",13.15419,123.55041,Globe,252967,271400,252.97,271.40,21,7,3,4
"Sibutu, Tawi-Tawi, Philippines",4.81803,119.47596,SpaceX Starlink,26041,16410,26.04,16.41,52,7,2,3
"Gumaca, Quezon, Philippines",13.89105,122.10647,PLDT Home Fiber,260728,246781,260.73,246.78,15,7,4,4
"Roseller T. Lim, Zamboanga Sibugay, Philippines",7.71985,122.42407,PLDT,5982,8208,5.98,8.21,14,7,2,3
"Santa Fe, Romblon, Philippines",12.1751,122.00418,SpaceX Starlink,29771,17647,29.77,17.65,23,7,4,5
"Sinacaban, Misamis Occidental, Philippines",8.28494,123.84293,PLDT,77004,87979,77.00,87.98,60,7,2,4
"Oslob, Cebu, Philippines",9.56304,123.41593,PLDT,13841,4289,13.84,4.29,9,7,3,4
"Altavas, Aklan, Philippines",11.51893,122.45805,Globe,94143,90944,94.14,90.94,18,7,2,2
"Panay, Capiz, Philippines",11.54148,122.83102,PLDT Home Fiber,39785,87902,39.79,87.90,8,7,3,4
"Cagayan De Oro City, Misamis Oriental, Philippines",8.48029,124.64975,SpaceX Starlink,187196,17991,187.20,17.99,35,7,2,5
"Anda, Bohol, Philippines",9.76924,124.56391,PLDT Home Fiber,47178,126804,47.18,126.80,7,7,3,4
"Talibon, Bohol, Philippines",10.11933,124.26439,PLDT,88657,72885,88.66,72.89,7,7,2,3
"Sibonga, Cebu, Philippines",10.01547,123.584,PLDT,27531,28584,27.53,28.58,5,7,3,4
"Bani, Pangasinan, Philippines",16.22291,119.85838,Converge,19327,31707,19.33,31.71,6,7,2,3
"Candoni, Negros Occidental, Philippines",9.76106,122.65035,SpaceX Starlink,392959,49421,392.96,49.42,38,7,1,1
"Diplahan, Zamboanga Sibugay, Philippines",7.74854,122.9663,PLDT,20193,22846,20.19,22.85,26,7,1,1
"Penablanca, Cagayan, Philippines",17.66268,121.94731,Converge,98408,108937,98.41,108.94,11,7,1,2
"Quirino, Isabela, Philippines",17.12948,121.71971,Converge,22561,6584,22.56,6.58,27,7,2,2
"San Manuel, Pangasinan, Philippines",16.10561,120.67751,PLDT,32741,168970,32.74,168.97,7,7,5,5
"Patnongon, Antique, Philippines",10.92303,122.06102,SpaceX Starlink,19311,7669,19.31,7.67,26,7,1,2
"Manticao, Misamis Oriental, Philippines",8.3684,124.35324,PLDT Home Fiber,49270,54640,49.27,54.64,4,7,3,4
"Bayombong, Nueva Vizcaya, Philippines",16.48042,121.14813,Globe,377376,366324,377.38,366.32,6,7,1,1
"San Carlos City, Pangasinan, Philippines",15.92589,120.34827,Globe,119408,108060,119.41,108.06,4,7,5,5
"Las Navas, Northern Samar, Philippines",12.30641,125.01679,PLDT Home Fiber,7909,11278,7.91,11.28,23,7,1,4
"Gingoog City, Misamis Oriental, Philippines",8.81446,125.10406,Converge,149185,181762,149.19,181.76,10,7,3,4
"San Manuel, Tarlac, Philippines",15.82906,120.60273,PLDT Home Fiber,235308,190931,235.31,190.93,7,7,5,6
"Santo Tomas, Pampanga, Philippines",14.99601,120.70407,PLDT Home Fiber,140893,200945,140.89,200.95,7,7,5,5
"Tibiao, Antique, Philippines",11.30535,122.09511,PLDT,10513,15129,10.51,15.13,24,7,3,3
"Mauban, Quezon, Philippines",14.23756,121.69674,PLDT Home Fiber,128463,123242,128.46,123.24,4,7,5,5
"Solana, Cagayan, Philippines",17.65284,121.65113,PLDT,86265,51246,86.27,51.25,13,7,5,5
"Malvar, Batangas, Philippines",14.04329,121.15875,Converge,351005,357627,351.01,357.63,6,7,4,7
"Paombong, Bulacan, Philippines",14.83781,120.78406,Converge,117120,86572,117.12,86.57,5,7,4,5
"Calatrava, Negros Occidental, Philippines",10.62843,123.39349,Globe,24843,116028,24.84,116.03,8,7,3,3
"San Miguel, Leyte, Philippines",11.3078,124.85138,PLDT,182563,178534,182.56,178.53,8,7,3,5
"Sison, Pangasinan, Philippines",16.14981,120.59698,PLDT Home Fiber,121459,99466,121.46,99.47,9,7,4,5
"Santa, Ilocos Sur, Philippines",17.51358,120.44729,PLDT Home Fiber,70981,69556,70.98,69.56,11,7,2,2
"Quezon, Nueva Ecija, Philippines",15.56953,120.82692,Converge,36447,71876,36.45,71.88,5,7,4,5
"Prieto Diaz, Sorsogon, Philippines",13.03341,124.16432,PLDT,12547,13026,12.55,13.03,12,7,1,2
"Norzagaray, Bulacan, Philippines",14.89659,121.14813,SpaceX Starlink,40205,16918,40.21,16.92,52,7,2,4
"Jimalalud, Negros Oriental, Philippines",10.02157,123.10141,Globe,27094,16185,27.09,16.19,16,7,1,4
"Orani, Bataan, Philippines",14.80086,120.53616,Globe,265808,320773,265.81,320.77,7,7,1,2
"Balanga City, Bataan, Philippines",14.67454,120.47033,PLDT,107417,97375,107.42,97.38,8,7,4,6
"Solano, Nueva Vizcaya, Philippines",16.51774,121.18012,Globe,180765,183369,180.77,183.37,7,7,2,3
"Hermosa, Bataan, Philippines",14.83566,120.47709,Globe,277268,311158,277.27,311.16,7,7,3,3
"Caramoan, Camarines Sur, Philippines",13.79491,123.8188,SpaceX Starlink,121954,19962,121.95,19.96,59,7,2,5
"Alcala, Pangasinan, Philippines",15.8546,120.53942,Converge,39317,36262,39.32,36.26,5,7,3,4
"Rizal, Nueva Ecija, Philippines",15.69357,121.10229,PLDT,34241,57877,34.24,57.88,12,7,3,3
"Sulop, Davao del Sur, Philippines",6.60727,125.3137,PLDT Home Fiber,10167,9202,10.17,9.20,7,7,3,3
"Mabini (Dona Alicia), Davao de Oro, Philippines",7.3001,125.937,PLDT Home Fiber,57506,78789,57.51,78.79,9,7,2,3
"Pandan, Catanduanes, Philippines",14.0279,124.18657,SpaceX Starlink,29477,9563,29.48,9.56,32,7,1,2
"Lingayen, Pangasinan, Philippines",16.00973,120.22449,SpaceX Starlink,204326,35852,204.33,35.85,26,7,2,4
"Alabat, Quezon, Philippines",14.11714,122.02692,PLDT Home Fiber,4319,26579,4.32,26.58,8,7,2,2
"Himamaylan, Negros Occidental, Philippines",10.10162,122.86995,Globe,59425,54647,59.43,54.65,9,7,2,3
"Alabel, Sarangani, Philippines",6.10416,125.28792,PLDT,40487,58690,40.49,58.69,9,7,1,2
"Tago, Surigao del Sur, Philippines",8.95941,126.15454,PLDT Home Fiber,56064,42516,56.06,42.52,10,7,5,5
"Agoncillo, Batangas, Philippines",13.94675,120.93026,PLDT Home Fiber,167087,94547,167.09,94.55,5,7,5,7
"Dimataling, Zamboanga del Sur, Philippines",7.54118,123.31494,PLDT,15176,22063,15.18,22.06,27,7,4,4
"Anda, Pangasinan, Philippines",16.29826,119.98562,SpaceX Starlink,203420,40760,203.42,40.76,23,7,2,2
"Alaminos City, Pangasinan, Philippines",16.15053,119.98562,Globe,124708,105793,124.71,105.79,7,7,5,7
"Kadingilan, Bukidnon, Philippines",7.53321,124.87345,Globe,358864,301015,358.86,301.02,6,7,1,1
"San Luis, Pampanga, Philippines",15.03986,120.81544,PLDT,48573,155260,48.57,155.26,9,7,3,3
"Carles, Iloilo, Philippines",11.55216,123.13515,PLDT,176568,180143,176.57,180.14,13,7,2,5
"Victorias, Negros Occidental, Philippines",10.901,123.07045,PLDT Home Fiber,69016,89977,69.02,89.98,5,7,4,6
"Salvador Benedicto, Negros Occidental, Philippines",10.5887,123.23632,Globe,131993,124424,131.99,124.42,27,7,6,6
"Pontevedra, Negros Occidental, Philippines",10.35266,122.92123,PLDT Home Fiber,21958,49491,21.96,49.49,9,7,3,5
"Pozorrubio, Pangasinan, Philippines",16.11642,120.54316,Converge,250196,272878,250.20,272.88,5,7,6,6
"Rosario, Agusan del Sur, Philippines",8.34247,126.0676,Converge,190553,156539,190.55,156.54,15,7,2,2
"Bucay, Abra, Philippines",17.53019,120.7235,SpaceX Starlink,34986,23129,34.99,23.13,31,7,2,2
"Malungon, Sarangani, Philippines",6.3343,125.2588,Globe,120607,42041,120.61,42.04,8,7,1,1
"San Juan, Ilocos Sur, Philippines",17.74277,120.47033,PLDT Home Fiber,27515,47396,27.52,47.40,24,7,3,4
"Danao, Cebu, Philippines",10.52013,124.02712,Converge,105095,73285,105.10,73.29,3,7,5,6
"Jose Abad Santos (Trinidad), Davao Occidental, Philippines",5.83407,125.5439,SpaceX Starlink,88320,20096,88.32,20.10,27,7,3,5
"Sagnay, Camarines Sur, Philippines",13.56172,123.5056,Converge,257797,236392,257.80,236.39,3,7,1,1
"Villasis, Pangasinan, Philippines",15.90523,120.55094,PLDT,116102,147311,116.10,147.31,8,7,4,4
"Agdangan, Quezon, Philippines",13.86817,121.91318,Converge,127024,175987,127.02,175.99,11,7,4,4
"Villareal, Samar, Philippines",11.53963,124.92861,SpaceX Starlink,122580,12459,122.58,12.46,38,7,2,2
"Famy, Laguna, Philippines",14.4821,121.50274,PLDT,64976,68759,64.98,68.76,21,7,4,4
"Calinog, Iloilo, Philippines",11.14579,122.51464,Globe,267300,316986,267.30,316.99,15,7,2,3
"Solsona, Ilocos Norte, Philippines",18.10219,120.78097,Converge,301351,467487,301.35,467.49,8,7,2,2
"Leyte, Philippines",11.32728,124.48636,Converge,13270,13459,13.27,13.46,28,7,3,5
"Iba, Zambales, Philippines",15.39495,120.04341,Globe,126101,106265,126.10,106.27,8,7,3,4
"San Agustin, Isabela, Philippines",16.49153,121.83349,Converge,21796,18353,21.80,18.35,8,7,1,2
"Bantay, Ilocos Sur, Philippines",17.59832,120.44729,PLDT Home Fiber,70643,93177,70.64,93.18,6,7,1,3
"Gigaquit, Surigao del Norte, Philippines",9.48544,125.70792,PLDT Home Fiber,105520,45531,105.52,45.53,15,7,3,3
"Dingalan, Aurora, Philippines",15.43523,121.42276,SpaceX Starlink,225237,19626,225.24,19.63,24,7,2,3
"Gutalac, Zamboanga del Norte, Philippines",7.95003,122.37876,SpaceX Starlink,253814,30022,253.81,30.02,36,6,1,2
"Santa Margarita, Samar, Philippines",12.03787,124.70777,Globe,59337,57181,59.34,57.18,9,6,1,1
"Jagna, Bohol, Philippines",9.6994,124.34214,PLDT,76605,82366,76.61,82.37,12,6,3,5
"Loay, Bohol, Philippines",9.60753,124.01401,SpaceX Starlink,223389,32767,223.39,32.77,36,6,1,1
"Cavinti, Laguna, Philippines",14.24907,121.54842,Globe,56984,53304,56.98,53.30,12,6,3,5
"Baganga, Davao Oriental, Philippines",7.6001,126.39314,Globe,236986,200573,236.99,200.57,17,6,1,3
"Sampaloc, Quezon, Philippines",14.17744,121.6169,Converge,146696,154238,146.70,154.24,11,6,1,2
"Balete, Batangas, Philippines",14.0092,121.10802,Globe,343064,317361,343.06,317.36,8,6,4,5
"Ubay, Bohol, Philippines",10.05512,124.47421,PLDT,4731,4649,4.73,4.65,11,6,2,4
"San Luis, Batangas, Philippines",13.8406,120.95321,PLDT,49359,79324,49.36,79.32,6,6,1,1
"Ajuy, Iloilo, Philippines",11.13583,123.0001,SpaceX Starlink,98312,24234,98.31,24.23,21,6,3,3
"Umingan, Pangasinan, Philippines",15.90396,120.82692,Globe,89968,90895,89.97,90.90,7,6,4,5
"Compostela, Davao de Oro, Philippines",7.67742,126.15454,Globe,71105,75185,71.11,75.19,6,6,2,3
"Calapan City, Oriental Mindoro, Philippines",13.36643,121.19395,Globe,58870,51493,58.87,51.49,11,6,3,6
"Sultan Mastura, Maguindanao del Norte, Philippines",7.2986,124.25883,PLDT,68925,73185,68.93,73.19,49,6,2,2
"Santa Lucia, Ilocos Sur, Philippines",17.12888,120.47033,Converge,51616,36821,51.62,36.82,7,6,2,3
"San Antonio, Zambales, Philippines",14.92751,120.08963,PLDT,23749,23761,23.75,23.76,11,6,4,5
"Makato, Aklan, Philippines",11.70061,122.27673,PLDT,104220,100596,104.22,100.60,6,6,5,5
"Alicia, Bohol, Philippines",9.90723,124.44201,PLDT Home Fiber,39490,26362,39.49,26.36,8,6,1,3
"San Fernando City, La Union, Philippines",16.61592,120.32102,SpaceX Starlink,127264,18169,127.26,18.17,23,6,1,3
"Cabatuan, Iloilo, Philippines",10.87914,122.48206,PLDT,110300,86271,110.30,86.27,13,6,3,5
"Teresa, Rizal, Philippines",14.5597,121.20593,Globe,183043,121829,183.04,121.83,6,6,4,4
"Valencia, Bohol, Philippines",9.66557,124.21993,PLDT Home Fiber,52240,28304,52.24,28.30,17,6,2,3
"Narra, Palawan, Philippines",9.229,118.33047,PLDT,111046,116158,111.05,116.16,20,6,2,3
"Margosatubig, Zamboanga del Sur, Philippines",7.57572,123.16599,PLDT Home Fiber,86121,47652,86.12,47.65,7,6,3,3
"Barobo, Surigao del Sur, Philippines",8.52615,126.0676,PLDT Home Fiber,203856,231296,203.86,231.30,6,6,3,4
"Ilagan City, Isabela, Philippines",17.12845,122.12918,PLDT,93233,98851,93.23,98.85,11,6,2,5
"Binalbagan, Negros Occidental, Philippines",10.10918,123.01136,Globe,102412,100978,102.41,100.98,4,6,2,3
"Llorente, Eastern Samar, Philippines",11.35127,125.45628,Globe,441938,397987,441.94,397.99,26,6,1,4
"Victorias, Negros Occidental, Philippines",10.901,123.07045,Converge,244523,262567,244.52,262.57,13,6,2,2
"Santa Fe, Leyte, Philippines",11.17999,124.93964,Converge,13094,13954,13.09,13.95,10,6,1,1
"Uson, Masbate, Philippines",12.18022,123.79056,PLDT Home Fiber,11565,11420,11.57,11.42,20,6,1,2
"San Jose, Tarlac, Philippines",15.42002,120.29742,SpaceX Starlink,317200,15138,317.20,15.14,22,6,1,1
"Bugallon, Pangasinan, Philippines",15.92022,120.18202,Converge,106161,79243,106.16,79.24,5,6,2,4
"Villasis, Pangasinan, Philippines",15.90523,120.55094,Converge,114477,112087,114.48,112.09,5,6,4,4
"Arakan, Cotabato, Philippines",7.35122,125.17087,SpaceX Starlink,15969,1059,15.97,1.06,43,6,1,2
"Burgos, Pangasinan, Philippines",16.04522,119.8468,Converge,264110,327312,264.11,327.31,5,6,3,4
"Tayasan, Negros Oriental, Philippines",9.94916,123.05639,PLDT,362777,613736,362.78,613.74,29,6,1,1
"Muñoz, Nueva Ecija, Philippines",15.70664,120.9029,PLDT,281049,306112,281.05,306.11,10,6,4,4
"Vinzons, Camarines Norte, Philippines",14.21145,122.88741,PLDT Home Fiber,328928,326092,328.93,326.09,8,6,4,4
"Caluya, Antique, Philippines",12.01176,121.38847,SpaceX Starlink,9610,1635,9.61,1.64,31,6,2,4
"Labo, Camarines Norte, Philippines",14.13903,122.7633,PLDT,76300,67192,76.30,67.19,21,6,4,5
"Sumilao, Bukidnon, Philippines",8.2372,124.92861,PLDT Home Fiber,335060,422914,335.06,422.91,7,6,1,1
"Calauan, Laguna, Philippines",14.14551,121.3146,Converge,70199,36306,70.20,36.31,6,6,3,4
"Tabina, Zamboanga del Sur, Philippines",7.42208,123.40471,PLDT,23559,22637,23.56,22.64,13,6,1,3
"Maco, Davao de Oro, Philippines",7.40845,125.937,Globe,106871,105004,106.87,105.00,4,6,2,3
"Milagros, Masbate, Philippines",12.24465,123.5056,Converge,44487,15831,44.49,15.83,13,6,1,4
"Maramag, Bukidnon, Philippines",7.82687,124.97271,Globe,63240,47847,63.24,47.85,5,6,3,3
"Santo Tomas, Isabela, Philippines",17.37245,121.75374,Converge,477611,434508,477.61,434.51,9,6,1,2
"Alfonso, Cavite, Philippines",14.1214,120.86138,SpaceX Starlink,50776,15815,50.78,15.82,28,6,1,5
"Mawab, Davao de Oro, Philippines",7.51701,125.937,PLDT,41748,39675,41.75,39.68,9,6,4,5
"San Fernando, Pampanga, Philippines",15.02781,120.69349,SpaceX Starlink,108654,18747,108.65,18.75,25,6,1,1
"Plaridel, Misamis Occidental, Philippines",8.61148,123.69588,PLDT Home Fiber,296384,332011,296.38,332.01,7,6,3,3
"San Luis, Pampanga, Philippines",15.03986,120.81544,Globe,273953,269414,273.95,269.41,9,6,4,5
"Laurel, Batangas, Philippines",14.05302,120.9073,Globe,164051,40170,164.05,40.17,6,6,3,3
"Numancia, Aklan, Philippines",11.71767,122.33909,Converge,97603,92012,97.60,92.01,13,6,2,2
"Pakil, Laguna, Philippines",14.3694,121.39418,PLDT Home Fiber,200226,220104,200.23,220.10,8,6,2,3
"Matuguinao, Samar, Philippines",12.18914,125.01679,PLDT Home Fiber,14936,8421,14.94,8.42,31,6,1,1
"Banga, Aklan, Philippines",11.57556,122.32209,Converge,9243,5713,9.24,5.71,12,6,1,4
"Mabitac, Laguna, Philippines",14.43383,121.41133,PLDT Home Fiber,4080,4240,4.08,4.24,12,6,1,3
"Claveria, Misamis Oriental, Philippines",8.62972,124.90655,PLDT Home Fiber,221969,121596,221.97,121.60,3,6,2,3
"Bontoc, Southern Leyte, Philippines",10.38378,124.92861,PLDT Home Fiber,168443,184102,168.44,184.10,14,6,2,2
"Coron, Palawan, Philippines",12.0673,120.18202,PLDT Home Fiber,65975,164620,65.98,164.62,34,6,4,5
"City of Lamitan, Basilan, Philippines",6.66152,122.10647,PLDT Home Fiber,15597,14185,15.60,14.19,28,6,1,3
"Lal-lo, Cagayan, Philippines",18.15767,121.87903,PLDT,43925,54260,43.93,54.26,12,6,1,2
"Madridejos, Cebu, Philippines",11.25859,123.7406,PLDT,165364,307305,165.36,307.31,8,6,1,4
"Mangatarem, Pangasinan, Philippines",15.73801,120.27435,Converge,169900,191978,169.90,191.98,5,6,2,3
"Santo Tomas, Isabela, Philippines",17.37245,121.75374,PLDT,22131,15166,22.13,15.17,13,6,1,1
"Bamban, Tarlac, Philippines",15.2885,120.57044,PLDT,12552,17401,12.55,17.40,13,6,4,5
"Placer, Surigao del Norte, Philippines",9.63481,125.55484,PLDT Home Fiber,290045,237985,290.05,237.99,11,6,1,3
"San Quintin, Pangasinan, Philippines",15.9754,120.83841,Converge,145666,204047,145.67,204.05,5,6,3,5
"Tabaco City, Albay, Philippines",13.36138,123.72876,SpaceX Starlink,14345,14467,14.35,14.47,26,6,2,2
"Masbate City, Masbate, Philippines",12.31777,123.55041,Converge,7604,7655,7.60,7.66,5,6,3,6
"Bacnotan, La Union, Philippines",16.73397,120.36661,Converge,207210,246085,207.21,246.09,3,6,2,5
"Lingayen, Pangasinan, Philippines",16.00973,120.22449,PLDT,42331,38713,42.33,38.71,5,6,3,3
"Laak (San Vicente), Davao de Oro, Philippines",7.87712,125.78435,SpaceX Starlink,51051,18759,51.05,18.76,34,6,2,2
"City of El Salvador, Misamis Oriental, Philippines",8.47767,124.47527,PLDT Home Fiber,156355,161588,156.36,161.59,2,6,4,4
"City of Guihulngan, Negros Oriental, Philippines",10.18323,123.21385,Globe,83868,84919,83.87,84.92,14,6,5,5
"Gattaran, Cagayan, Philippines",18.07365,121.87903,PLDT Home Fiber,221168,184778,221.17,184.78,13,6,3,4
"Tiaong, Quezon, Philippines",13.92962,121.34273,Globe,272869,202156,272.87,202.16,7,6,4,4
"Gamu, Isabela, Philippines",17.06905,121.85725,Globe,125604,104508,125.60,104.51,7,6,2,2
"Panukulan, Quezon, Philippines",14.99163,121.87903,PLDT Home Fiber,27497,30227,27.50,30.23,27,6,1,1
"Tayum, Abra, Philippines",17.60148,120.67751,PLDT Home Fiber,123227,97966,123.23,97.97,12,6,2,4
"Quezon, Nueva Vizcaya, Philippines",16.45779,121.28552,SpaceX Starlink,133711,19789,133.71,19.79,24,6,2,3
"Barotac Nuevo, Iloilo, Philippines",10.89705,122.69526,Globe,111413,154130,111.41,154.13,12,6,4,5
"Maasin, Iloilo, Philippines",10.9199,122.42407,SpaceX Starlink,2948,3621,2.95,3.62,35,6,1,1
"Dingalan, Aurora, Philippines",15.43523,121.42276,PLDT Home Fiber,38774,38984,38.77,38.98,14,6,5,6
"General Tinio (Papaya), Nueva Ecija, Philippines",15.36345,121.21685,Converge,63945,27793,63.95,27.79,6,6,1,4
"Sibutad, Zamboanga del Norte, Philippines",8.61241,123.4944,PLDT,20608,24233,20.61,24.23,12,6,3,4
"Calapan City, Oriental Mindoro, Philippines",13.36643,121.19395,SpaceX Starlink,15134,18311,15.13,18.31,29,6,1,3
"Majayjay, Laguna, Philippines",14.14491,121.46983,PLDT,55379,50250,55.38,50.25,22,6,5,6
"Calaca, Batangas, Philippines",13.93129,120.80724,Converge,29529,34367,29.53,34.37,14,6,3,3
"Asingan, Pangasinan, Philippines",16.00318,120.67063,Converge,117725,32148,117.73,32.15,8,6,3,5
"Umingan, Pangasinan, Philippines",15.90396,120.82692,Converge,57074,40834,57.07,40.83,8,6,2,2
"Panitan, Capiz, Philippines",11.43981,122.77459,PLDT,60641,67990,60.64,67.99,20,6,4,4
"Dangcagan, Bukidnon, Philippines",7.5944,125.00577,Globe,369602,32750,369.60,32.75,7,6,1,2
"San Luis, Aurora, Philippines",15.63572,121.46847,PLDT,47005,37800,47.01,37.80,15,6,3,4
"Bantayan, Cebu, Philippines",11.18041,123.7406,PLDT,25760,25987,25.76,25.99,9,6,3,4
"Liloy, Zamboanga del Norte, Philippines",8.07325,122.69555,PLDT,179355,219319,179.36,219.32,18,6,3,3
"Daanbantayan, Cebu, Philippines",11.22134,124.03072,SpaceX Starlink,16373,7439,16.37,7.44,40,6,3,5
"Bien Unido, Bohol, Philippines",10.13083,124.36989,SpaceX Starlink,5176,6074,5.18,6.07,44,6,1,2
"Lingayen, Pangasinan, Philippines",16.00973,120.22449,Globe,168961,177271,168.96,177.27,5,6,1,3
"San Jose, Camarines Sur, Philippines",13.68724,123.53921,Converge,333047,323190,333.05,323.19,10,6,1,3
"City of Tacurong, Sultan Kudarat, Philippines",6.6866,124.66353,Globe,83906,142526,83.91,142.53,6,6,2,3
"Bangar, La Union, Philippines",16.88295,120.42424,Globe,58455,52015,58.46,52.02,5,6,3,4
"City of Catbalogan, Samar, Philippines",11.85683,124.88449,SpaceX Starlink,39735,19701,39.74,19.70,33,6,3,4
"Pilar, Bataan, Philippines",14.60553,120.51639,PLDT Home Fiber,7361,55199,7.36,55.20,7,6,5,6
"Malapatan, Sarangani, Philippines",6.03645,125.43436,SpaceX Starlink,135067,24751,135.07,24.75,25,6,2,3
"Natividad, Pangasinan, Philippines",16.03821,120.83841,PLDT,17788,17805,17.79,17.81,29,6,4,4
"San Vicente, Camarines Norte, Philippines",14.07278,122.86485,PLDT,15799,15849,15.80,15.85,11,6,2,4
"Carranglan, Nueva Ecija, Philippines",15.97584,121.03351,Converge,72828,88663,72.83,88.66,5,6,5,5
"Quezon, Palawan, Philippines",9.22445,117.94833,SpaceX Starlink,23524,1636,23.52,1.64,74,6,2,2
"Ronda, Cebu, Philippines",9.99214,123.44956,Globe,149794,166066,149.79,166.07,8,6,1,2
"Linamon, Lanao del Norte, Philippines",8.16801,124.15876,PLDT Home Fiber,288132,138443,288.13,138.44,10,6,1,1
"Barcelona, Sorsogon, Philippines",12.84149,124.11981,Converge,62244,191337,62.24,191.34,6,6,3,3
"Cabiao, Nueva Ecija, Philippines",15.25221,120.85957,PLDT,56941,64427,56.94,64.43,10,6,2,5
"Santa Maria, Isabela, Philippines",17.47685,121.69674,PLDT,13951,15704,13.95,15.70,15,6,2,2
"Oslob, Cebu, Philippines",9.56304,123.41593,Converge,19805,12528,19.81,12.53,25,6,4,4
"Alfonso, Cavite, Philippines",14.1214,120.86138,PLDT,234996,154376,235.00,154.38,9,6,5,5
"Tobias Fornier, Antique, Philippines",10.49944,121.97006,PLDT,18591,18171,18.59,18.17,10,6,3,3
"Tupi, South Cotabato, Philippines",6.33849,124.97271,Globe,218128,46542,218.13,46.54,8,6,2,2
"Mabini, Batangas, Philippines",13.72355,120.9073,Converge,84035,113889,84.04,113.89,9,6,4,5
"San Sebastian, Samar, Philippines",11.69094,125.0278,Globe,11492,10642,11.49,10.64,32,6,1,1
"Bagulin, La Union, Philippines",16.59753,120.49336,PLDT Home Fiber,107288,111225,107.29,111.23,15,6,2,3
"Naic, Cavite, Philippines",14.29649,120.79246,Globe,121773,112530,121.77,112.53,6,6,3,4
"Calasiao, Pangasinan, Philippines",16.00949,120.35759,Globe,190196,174657,190.20,174.66,5,6,4,4
"Jordan, Guimaras, Philippines",10.59807,122.57121,SpaceX Starlink,89314,52102,89.31,52.10,78,6,1,1
"Siayan, Zamboanga del Norte, Philippines",8.25036,123.11407,PLDT Home Fiber,103591,119095,103.59,119.10,27,6,2,3
"Agoo, La Union, Philippines",16.3247,120.35508,Converge,212986,135672,212.99,135.67,2,6,3,4
"Iguig, Cagayan, Philippines",17.74995,121.75374,PLDT Home Fiber,15472,13213,15.47,13.21,13,6,1,2
"Sipocot, Camarines Sur, Philippines",13.83785,123.01136,Globe,62134,55471,62.13,55.47,23,6,2,3
"San Pablo, Zamboanga del Sur, Philippines",7.68041,123.42714,SpaceX Starlink,112762,24797,112.76,24.80,42,6,1,1
"Bugasong, Antique, Philippines",11.10163,122.14054,Globe,99942,69653,99.94,69.65,19,6,1,2
"Culion, Palawan, Philippines",11.85029,119.95093,SpaceX Starlink,7789,6821,7.79,6.82,25,6,2,4
"San Enrique, Negros Occidental, Philippines",10.42735,122.86485,PLDT,251720,226913,251.72,226.91,7,6,2,5
"La Libertad, Negros Oriental, Philippines",10.08304,123.15764,PLDT Home Fiber,234523,189095,234.52,189.10,9,6,6,6
"Lupao, Nueva Ecija, Philippines",15.84768,120.91878,Converge,76486,52673,76.49,52.67,5,6,5,6
"Badiangan, Iloilo, Philippines",10.98659,122.5367,PLDT Home Fiber,28712,27591,28.71,27.59,7,6,2,3
"Talalora, Samar, Philippines",11.50726,124.84586,SpaceX Starlink,29123,16979,29.12,16.98,42,6,1,1
"Nagcarlan, Laguna, Philippines",14.14903,121.38847,PLDT,364866,362248,364.87,362.25,8,6,4,5
"Minalabac, Camarines Sur, Philippines",13.52836,123.19137,PLDT,5303,3806,5.30,3.81,8,6,3,5
"Cabucgayan, Biliran, Philippines",11.50169,124.56391,PLDT,15028,37817,15.03,37.82,47,6,3,3
"Limay, Bataan, Philippines",14.53661,120.56245,PLDT Home Fiber,204269,178439,204.27,178.44,9,6,3,5
"San Fernando, Camarines Sur, Philippines",13.52998,123.11266,PLDT,89323,140897,89.32,140.90,7,6,1,3
"Makato, Aklan, Philippines",11.70061,122.27673,Converge,107824,142244,107.82,142.24,13,6,2,4
"Bontoc, Southern Leyte, Philippines",10.38378,124.92861,SpaceX Starlink,81098,13111,81.10,13.11,38,6,3,3
"Sasmuan, Pampanga, Philippines",14.88764,120.61424,PLDT Home Fiber,75564,98084,75.56,98.08,2,6,1,1
"Gamay, Northern Samar, Philippines",12.39623,125.26978,SpaceX Starlink,12225,14028,12.23,14.03,31,6,1,4
"Culaba, Biliran, Philippines",11.64707,124.49744,SpaceX Starlink,224852,40216,224.85,40.22,31,6,1,2
"Magallanes, Agusan del Norte, Philippines",9.01943,125.53295,Converge,158574,148531,158.57,148.53,12,6,4,4
"San Lorenzo Ruiz, Camarines Norte, Philippines",14.0322,122.86485,PLDT,514,7963,0.51,7.96,18,6,2,3
"Barili, Cebu, Philippines",10.1254,123.55041,Converge,241811,312236,241.81,312.24,23,6,1,1
"Basey, Samar, Philippines",11.40967,125.17087,Converge,193220,206964,193.22,206.96,6,6,1,2
"Lian, Batangas, Philippines",14.00589,120.6545,PLDT,154188,230117,154.19,230.12,15,6,4,5
"Manolo Fortich, Bukidnon, Philippines",8.39002,124.88449,PLDT,71259,76306,71.26,76.31,4,6,3,4
"Antipas, Cotabato, Philippines",7.27386,125.01679,PLDT Home Fiber,71044,91546,71.04,91.55,12,6,5,5
"Alicia, Isabela, Philippines",16.80691,121.69674,Converge,93794,93862,93.79,93.86,7,6,3,4
"Calubian, Leyte, Philippines",11.48948,124.36434,SpaceX Starlink,11887,12823,11.89,12.82,41,6,2,3
"Quezon, Bukidnon, Philippines",7.71645,125.17087,Converge,132536,145366,132.54,145.37,9,6,2,5
"Samal, Bataan, Philippines",14.77188,120.51639,PLDT Home Fiber,264379,48156,264.38,48.16,7,6,1,3
"Magsaysay, Davao del Sur, Philippines",6.75271,125.15221,PLDT,5462,5491,5.46,5.49,16,6,2,4
"Sanchez-Mira, Cagayan, Philippines",18.53628,121.19395,PLDT Home Fiber,112791,94720,112.79,94.72,11,6,2,4
"Buenavista, Guimaras, Philippines",10.69691,122.6481,Globe,33438,39128,33.44,39.13,5,6,3,4
"Santa Teresita, Cagayan, Philippines",18.24591,121.91318,SpaceX Starlink,4612,2088,4.61,2.09,25,6,1,1
"Gumaca, Quezon, Philippines",13.89105,122.10647,Converge,2823,3558,2.82,3.56,8,6,1,6
"Oras, Eastern Samar, Philippines",12.17696,125.36857,Globe,219973,222531,219.97,222.53,11,6,1,1
"San Simon, Pampanga, Philippines",14.98432,120.75127,SpaceX Starlink,113151,8135,113.15,8.14,22,6,1,2
"Muntinlupa, Metro Manila, Philippines",14.39453,121.04483,SpaceX Starlink,245579,27836,245.58,27.84,21,6,1,5
"Maramag, Bukidnon, Philippines",7.82687,124.97271,PLDT Home Fiber,105579,178147,105.58,178.15,10,6,3,4
"Lobo, Batangas, Philippines",13.6877,121.23974,Converge,246500,273724,246.50,273.72,7,6,3,4
"Veruela, Agusan del Sur, Philippines",8.02635,125.937,PLDT,28677,12393,28.68,12.39,20,6,2,3
"Leganes, Iloilo, Philippines",10.78605,122.5888,Converge,195857,181378,195.86,181.38,10,6,2,4
"Pantukan, Davao de Oro, Philippines",7.20012,126.04584,PLDT,26101,25669,26.10,25.67,12,6,1,2
"Kiblawan, Davao del Sur, Philippines",6.63233,125.22584,PLDT Home Fiber,35597,17947,35.60,17.95,8,6,1,1
"Aurora, Isabela, Philippines",16.99011,121.63617,PLDT Home Fiber,55226,47661,55.23,47.66,12,6,3,3
"Bais City, Negros Oriental, Philippines",9.56801,123.01136,Globe,34251,28937,34.25,28.94,20,6,2,4
"Anao, Tarlac, Philippines",15.7435,120.61424,PLDT,78916,91572,78.92,91.57,18,6,1,4
"Masinloc, Zambales, Philippines",15.52089,120.04341,Converge,15559,27059,15.56,27.06,7,6,1,3
"Monkayo, Davao de Oro, Philippines",7.82426,126.0537,Globe,243698,274770,243.70,274.77,8,6,3,3
"Victoria, Oriental Mindoro, Philippines",13.15599,121.23974,PLDT Home Fiber,116296,130571,116.30,130.57,8,6,5,6
"Dagami, Leyte, Philippines",11.04826,124.84034,PLDT,13194,17985,13.19,17.99,11,6,5,5
"Concepcion, Iloilo, Philippines",11.20333,123.09015,PLDT Home Fiber,88046,105198,88.05,105.20,9,5,1,2
"Dangcagan, Bukidnon, Philippines",7.5944,125.00577,PLDT Home Fiber,53877,43246,53.88,43.25,13,5,5,5
"San Narciso, Zambales, Philippines",15.01114,120.08963,Converge,171585,174641,171.59,174.64,4,5,3,3
"Olutanga, Zamboanga Sibugay, Philippines",7.3592,122.81973,PLDT,5460,34746,5.46,34.75,47,5,1,2
"Kabankalan City, Negros Occidental, Philippines",9.91341,122.85358,Converge,137068,167187,137.07,167.19,11,5,3,3
"Tanauan, Leyte, Philippines",11.07765,124.98373,Globe,299284,303896,299.28,303.90,9,5,1,3
"Bacarra, Ilocos Norte, Philippines",18.27039,120.60848,PLDT Home Fiber,307454,335942,307.45,335.94,7,5,4,4
"Babatngon, Leyte, Philippines",11.39051,124.88449,PLDT,12719,10940,12.72,10.94,13,5,2,3
"Batuan, Bohol, Philippines",9.80099,124.11981,PLDT,15367,16502,15.37,16.50,4,5,1,1
"Aparri, Cagayan, Philippines",18.33423,121.60549,PLDT Home Fiber,150779,94425,150.78,94.43,13,5,2,3
"Basay, Negros Oriental, Philippines",9.45792,122.68425,PLDT,112193,138979,112.19,138.98,6,5,2,5
"Kalawit, Zamboanga del Norte, Philippines",7.93821,122.51464,PLDT,18019,17748,18.02,17.75,10,5,2,2
"San Fabian, Pangasinan, Philippines",16.14188,120.44729,Converge,94965,155270,94.97,155.27,6,5,2,2
"Roxas, Oriental Mindoro, Philippines",12.62617,121.47989,Converge,94299,93775,94.30,93.78,8,5,3,5
"San Jose, Tarlac, Philippines",15.42002,120.29742,PLDT Home Fiber,193852,69462,193.85,69.46,9,5,3,3
"Pinabacdao, Samar, Philippines",11.52967,125.07185,PLDT,75047,75037,75.05,75.04,18,5,2,3
"Balanga City, Bataan, Philippines",14.67454,120.47033,Globe,215152,211938,215.15,211.94,8,5,3,3
"Olutanga, Zamboanga Sibugay, Philippines",7.3592,122.81973,SpaceX Starlink,166318,18376,166.32,18.38,35,5,2,3
"Santa Cruz, Marinduque, Philippines",13.45623,122.01555,PLDT,85117,73704,85.12,73.70,11,5,2,2
"Braulio E. Dujali, Davao del Norte, Philippines",7.45884,125.68607,PLDT Home Fiber,192426,123535,192.43,123.54,33,5,1,1
"Pinan (New Pinan), Zamboanga del Norte, Philippines",8.39244,123.42714,SpaceX Starlink,124689,16860,124.69,16.86,41,5,2,3
"Siquijor, Philippines",9.19621,123.53921,PLDT Home Fiber,84750,69867,84.75,69.87,7,5,1,2
"Pastrana, Leyte, Philippines",11.11969,124.88449,PLDT,27617,29428,27.62,29.43,38,5,3,3
"Bacacay, Albay, Philippines",13.29586,123.87462,SpaceX Starlink,168150,20404,168.15,20.40,32,5,3,3
"Batad, Iloilo, Philippines",11.40014,123.09015,Converge,38834,27137,38.83,27.14,27,5,2,2
"Escalante City, Negros Occidental, Philippines",10.84117,123.49908,Globe,107969,71713,107.97,71.71,19,5,1,3
"Laua-an, Antique, Philippines",11.16376,122.11783,PLDT,95814,104256,95.81,104.26,12,5,1,1
"Lazi, Siquijor, Philippines",9.13207,123.60639,SpaceX Starlink,258485,25123,258.49,25.12,46,5,1,2
"Catanauan, Quezon, Philippines",13.65447,122.33343,Converge,200338,270646,200.34,270.65,9,5,1,3
"Isabel, Leyte, Philippines",10.93408,124.4531,PLDT,221444,355006,221.44,355.01,6,5,3,3
"Malilipot, Albay, Philippines",13.29931,123.71824,PLDT,414012,439286,414.01,439.29,6,5,1,3
"San Nicolas, Ilocos Norte, Philippines",18.14708,120.58547,PLDT,14859,17702,14.86,17.70,14,5,3,3
"Pili, Camarines Sur, Philippines",13.55521,123.28126,SpaceX Starlink,348,395,0.35,0.40,25,5,2,3
"Malasiqui, Pangasinan, Philippines",15.92028,120.41443,Globe,123172,110815,123.17,110.82,4,5,1,2
"Bambang, Nueva Vizcaya, Philippines",16.40415,121.10229,Converge,95021,125451,95.02,125.45,8,5,3,4
"Bambang, Nueva Vizcaya, Philippines",16.40415,121.10229,PLDT,209021,144503,209.02,144.50,20,5,2,3
"Bontoc, Southern Leyte, Philippines",10.38378,124.92861,Globe,208018,141822,208.02,141.82,26,5,2,2
"Baggao, Cagayan, Philippines",17.91424,121.94731,PLDT,9247,9485,9.25,9.49,13,5,3,5
"Licab, Nueva Ecija, Philippines",15.54706,120.76948,Converge,200205,159473,200.21,159.47,12,5,2,2
"Pura, Tarlac, Philippines",15.63355,120.64875,PLDT Home Fiber,42723,43632,42.72,43.63,13,5,3,3
"Palo, Leyte, Philippines",11.15847,124.99191,Globe,111962,93138,111.96,93.14,13,5,2,3
"Nasipit, Agusan del Norte, Philippines",8.93971,125.32468,SpaceX Starlink,20868,7103,20.87,7.10,47,5,3,3
"Inopacan, Leyte, Philippines",10.50962,124.84034,Globe,87721,87433,87.72,87.43,15,5,3,3
"Alfonso Lista, Ifugao, Philippines",16.98852,121.49132,PLDT Home Fiber,20439,24443,20.44,24.44,16,5,3,5
"Argao, Cebu, Philippines",9.88114,123.60535,PLDT Home Fiber,41682,41156,41.68,41.16,11,5,4,5
"Manticao, Misamis Oriental, Philippines",8.3684,124.35324,Globe,148035,103269,148.04,103.27,7,5,1,1
"San Jose, Northern Samar, Philippines",12.48992,124.49744,PLDT,13862,14157,13.86,14.16,15,5,1,2
"Ginatilan, Cebu, Philippines",9.58112,123.33739,Globe,171322,111323,171.32,111.32,7,5,2,2
"Anda, Bohol, Philippines",9.76924,124.56391,PLDT,22925,25079,22.93,25.08,6,5,2,2
"Tandubas, Tawi-Tawi, Philippines",5.2209,120.21665,SpaceX Starlink,15998,1513,16.00,1.51,75,5,1,2
"Bautista, Pangasinan, Philippines",15.79528,120.51639,PLDT Home Fiber,177290,215307,177.29,215.31,5,5,2,5
"Abuyog, Leyte, Philippines",10.67348,125.06084,SpaceX Starlink,47368,28861,47.37,28.86,26,5,2,3
"Atok, Benguet, Philippines",16.59745,120.68901,PLDT,78508,72735,78.51,72.74,6,5,3,3
"Oroquieta City, Misamis Occidental, Philippines",8.48597,123.79825,Globe,45395,37619,45.40,37.62,10,5,2,3
"Hinatuan, Surigao del Sur, Philippines",8.41693,126.3173,SpaceX Starlink,161010,137297,161.01,137.30,21,5,2,2
"Lianga, Surigao del Sur, Philippines",8.60446,126.02409,PLDT Home Fiber,29355,14484,29.36,14.48,59,5,2,2
"Liloan, Southern Leyte, Philippines",10.11437,125.18187,SpaceX Starlink,750,300,0.75,0.30,49,5,1,1
"San Jacinto, Pangasinan, Philippines",16.07883,120.44729,Converge,92936,92218,92.94,92.22,5,5,4,5
"Josefina, Zamboanga del Sur, Philippines",8.18964,123.53361,PLDT Home Fiber,5619,27258,5.62,27.26,39,5,1,2
"Jose Panganiban, Camarines Norte, Philippines",14.25107,122.69555,PLDT Home Fiber,48047,37214,48.05,37.21,9,5,3,4
"Buug, Zamboanga Sibugay, Philippines",7.74072,123.05639,Globe,164484,128069,164.48,128.07,13,5,3,3
"Gingoog City, Misamis Oriental, Philippines",8.81446,125.10406,Globe,61668,29320,61.67,29.32,12,5,3,4
"Diffun, Quirino, Philippines",16.55288,121.46847,PLDT Home Fiber,36835,31138,36.84,31.14,16,5,4,5
"San Miguel, Zamboanga del Sur, Philippines",7.69412,123.27003,PLDT,48206,49865,48.21,49.87,10,5,2,2
"Roseller T. Lim, Zamboanga Sibugay, Philippines",7.71985,122.42407,Globe,49917,29012,49.92,29.01,16,5,2,2
"Bantay, Ilocos Sur, Philippines",17.59832,120.44729,PLDT,198811,114455,198.81,114.46,8,5,2,2
"San Isidro, Nueva Ecija, Philippines",15.29656,120.9073,PLDT,453157,331341,453.16,331.34,10,5,4,4
"Buguias, Benguet, Philippines",16.74318,120.82692,PLDT Home Fiber,133952,85771,133.95,85.77,11,5,4,5
"La Trinidad, Benguet, Philippines",16.44844,120.59047,Globe,241734,259495,241.73,259.50,4,5,2,2
"Tiaong, Quezon, Philippines",13.92962,121.34273,PLDT,61487,109704,61.49,109.70,5,5,2,3
"Alaminos, Laguna, Philippines",14.0454,121.25119,PLDT,51640,43945,51.64,43.95,10,5,3,3
"Loboc, Bohol, Philippines",9.64737,124.04187,PLDT Home Fiber,41716,127653,41.72,127.65,18,5,2,4
"Santa Cruz, Davao del Sur, Philippines",6.83551,125.41659,PLDT Home Fiber,10680,16372,10.68,16.37,8,5,3,4
"Candoni, Negros Occidental, Philippines",9.76106,122.65035,PLDT,22757,29556,22.76,29.56,11,5,2,2
"Roxas, Isabela, Philippines",17.12035,121.61915,Converge,109527,116952,109.53,116.95,8,5,4,4
"Coron, Palawan, Philippines",12.0673,120.18202,SpaceX Starlink,63845,20491,63.85,20.49,27,5,2,3
"Malitbog, Southern Leyte, Philippines",10.17925,124.96169,SpaceX Starlink,131892,20859,131.89,20.86,33,5,3,4
"Katipunan, Zamboanga del Norte, Philippines",8.39688,123.28126,Globe,365205,34615,365.21,34.62,15,5,3,3
"Cavite, Philippines",14.48151,120.90833,SpaceX Starlink,32556,9953,32.56,9.95,23,5,2,2
"Romblon, Philippines",12.5294,122.28807,PLDT Home Fiber,30696,8962,30.70,8.96,32,5,2,3
"Koronadal, South Cotabato, Philippines",6.50044,124.84333,SpaceX Starlink,43815,27531,43.82,27.53,31,5,3,3
"Libon, Albay, Philippines",13.26065,123.37106,SpaceX Starlink,13950,11260,13.95,11.26,27,5,2,3
"Tanay, Rizal, Philippines",14.61419,121.37703,Converge,520690,318503,520.69,318.50,5,5,1,3
"Guimbal, Iloilo, Philippines",10.66341,122.32057,PLDT Home Fiber,35912,51390,35.91,51.39,7,5,3,4
"Siniloan, Laguna, Philippines",14.43831,121.48561,PLDT,67880,36807,67.88,36.81,19,5,4,4
"Oas, Albay, Philippines",13.14041,123.37106,Converge,632543,607163,632.54,607.16,8,5,2,3
"Amulung, Cagayan, Philippines",17.83589,121.7233,PLDT,24345,27746,24.35,27.75,13,5,4,4
"Manapla, Negros Occidental, Philippines",10.95795,123.12428,SpaceX Starlink,32546,9293,32.55,9.29,26,5,2,2
"Trinidad, Bohol, Philippines",10.04574,124.31993,PLDT,9593,9558,9.59,9.56,6,5,1,2
"Sapi-an, Capiz, Philippines",11.49917,122.61644,PLDT,229363,290758,229.36,290.76,13,5,2,4
"Basey, Samar, Philippines",11.40967,125.17087,PLDT Home Fiber,150353,155960,150.35,155.96,6,5,2,3
"Lemery, Batangas, Philippines",13.95318,120.88434,PLDT,10644,11271,10.64,11.27,6,5,3,5
"Sison, Surigao del Norte, Philippines",9.6802,125.48915,PLDT Home Fiber,104882,72491,104.88,72.49,7,5,2,2
"San Lorenzo, Guimaras, Philippines",10.60458,122.68425,PLDT Home Fiber,12228,7444,12.23,7.44,12,5,3,3
"Quirino, Isabela, Philippines",17.12948,121.71971,PLDT Home Fiber,15899,1931,15.90,1.93,39,5,2,2
"Isabel, Leyte, Philippines",10.93408,124.4531,Globe,154096,119594,154.10,119.59,15,5,3,3
"San Fernando, Bukidnon, Philippines",7.84637,125.34663,SpaceX Starlink,3071,1875,3.07,1.88,114,5,1,1
"Mapandan, Pangasinan, Philippines",16.02726,120.45379,PLDT Home Fiber,114852,63541,114.85,63.54,7,5,4,4
"Matalom, Leyte, Philippines",10.27173,124.8293,PLDT Home Fiber,45980,28838,45.98,28.84,7,5,2,3
"Victoria, Laguna, Philippines",14.19678,121.34273,PLDT Home Fiber,28800,32102,28.80,32.10,4,5,2,4
"City of Tandag, Surigao del Sur, Philippines",9.08041,126.0676,SpaceX Starlink,218150,33540,218.15,33.54,35,5,3,3
"Orani, Bataan, Philippines",14.80086,120.53616,PLDT,44490,37693,44.49,37.69,10,5,5,5
"Alegria, Cebu, Philippines",9.76005,123.37106,Globe,120283,118537,120.28,118.54,8,5,2,2
"Hagonoy, Davao del Sur, Philippines",6.69701,125.3137,PLDT Home Fiber,36983,35394,36.98,35.39,9,5,1,2
"Antequera, Bohol, Philippines",9.78541,123.91925,PLDT Home Fiber,28417,35383,28.42,35.38,6,5,4,5
"Asturias, Cebu, Philippines",10.60209,123.77412,Converge,23344,24860,23.34,24.86,32,5,2,3
"San Agustin, Surigao del Sur, Philippines",8.70562,126.11108,SpaceX Starlink,157,258,0.16,0.26,43,5,1,2
"Sagnay, Camarines Sur, Philippines",13.56172,123.5056,PLDT Home Fiber,49893,58930,49.89,58.93,15,5,2,2
"Maco, Davao de Oro, Philippines",7.40845,125.937,PLDT,37322,46130,37.32,46.13,10,5,1,1
"Basud, Camarines Norte, Philippines",14.00663,122.9663,Converge,206839,236779,206.84,236.78,11,5,3,4
"Guinayangan, Quezon, Philippines",13.88505,122.42407,Converge,38131,34321,38.13,34.32,8,5,4,4
"Sual, Pangasinan, Philippines",16.06783,120.04341,PLDT Home Fiber,43053,48845,43.05,48.85,12,5,2,5
"General Mamerto Natividad, Nueva Ecija, Philippines",15.58788,121.04498,PLDT Home Fiber,53634,41946,53.63,41.95,8,5,2,3
"Macrohon, Southern Leyte, Philippines",10.084,124.96169,Globe,320309,339160,320.31,339.16,7,5,4,4
"Maragondon, Cavite, Philippines",14.22356,120.7235,Converge,348658,241530,348.66,241.53,5,5,1,4
"Baroy, Lanao del Norte, Philippines",7.97974,123.82996,PLDT Home Fiber,182212,144551,182.21,144.55,7,5,4,4
"Tayasan, Negros Oriental, Philippines",9.94916,123.05639,SpaceX Starlink,53986,16153,53.99,16.15,41,5,2,2
"San Isidro, Nueva Ecija, Philippines",15.29656,120.9073,Globe,277720,256545,277.72,256.55,7,5,3,3
"Bugasong, Antique, Philippines",11.10163,122.14054,SpaceX Starlink,162082,23610,162.08,23.61,29,5,1,2
"Bantay, Ilocos Sur, Philippines",17.59832,120.44729,Converge,257645,242682,257.65,242.68,9,5,2,2
"Surigao, Surigao del Norte, Philippines",9.79022,125.49311,PLDT,166183,197059,166.18,197.06,8,5,1,3
"Sarrat, Ilocos Norte, Philippines",18.11379,120.6545,PLDT Home Fiber,117606,159299,117.61,159.30,9,5,2,2
"Malidegao, Cotabato, Philippines",7.12941,124.67431,SpaceX Starlink,132180,18556,132.18,18.56,38,5,1,1
"Besao, Mountain Province, Philippines",17.10971,120.83841,SpaceX Starlink,23767,8322,23.77,8.32,27,5,1,1
"Tagkawayan, Quezon, Philippines",13.96843,122.53376,PLDT,38152,40133,38.15,40.13,9,5,3,5
"Burauen, Leyte, Philippines",10.97109,124.84034,PLDT Home Fiber,23031,23315,23.03,23.32,8,5,2,2
"Tubigon, Bohol, Philippines",9.9145,123.96385,Globe,234166,214435,234.17,214.44,21,5,1,2
"Dingalan, Aurora, Philippines",15.43523,121.42276,PLDT,128348,117448,128.35,117.45,8,5,4,4
"Santa Maria, Davao Occidental, Philippines",6.51521,125.45628,PLDT,36135,35118,36.14,35.12,19,5,2,4
"Barili, Cebu, Philippines",10.1254,123.55041,PLDT,71633,35524,71.63,35.52,6,5,2,4
"Malinao, Albay, Philippines",13.38106,123.63996,Converge,80941,87754,80.94,87.75,16,5,3,4
"Capas, Tarlac, Philippines",15.34633,120.59344,Globe,236906,181506,236.91,181.51,4,5,2,4
"Salvador, Lanao del Norte, Philippines",7.90112,123.87462,PLDT Home Fiber,24094,35270,24.09,35.27,8,5,2,2
"Leyte, Philippines",11.32728,124.48636,SpaceX Starlink,130561,27487,130.56,27.49,57,5,2,2
"Hagonoy, Davao del Sur, Philippines",6.69701,125.3137,PLDT,6770,2002,6.77,2.00,10,5,1,3
"Shariff Aguak, Maguindanao del Sur, Philippines",6.86632,124.44158,SpaceX Starlink,148435,9299,148.44,9.30,33,5,1,1
"Compostela, Davao de Oro, Philippines",7.67742,126.15454,PLDT,13718,21317,13.72,21.32,11,5,1,2
"Sugpon, Ilocos Sur, Philippines",16.7809,120.59698,PLDT Home Fiber,237496,176726,237.50,176.73,4,5,4,4
"Siniloan, Laguna, Philippines",14.43831,121.48561,Converge,87216,94203,87.22,94.20,9,5,3,4
"Bani, Pangasinan, Philippines",16.22291,119.85838,PLDT Home Fiber,108529,115551,108.53,115.55,16,5,3,3
"Libmanan, Camarines Sur, Philippines",13.69376,123.05982,SpaceX Starlink,124032,26434,124.03,26.43,26,5,1,2
"Mansalay, Oriental Mindoro, Philippines",12.52158,121.441,Converge,95406,80597,95.41,80.60,9,5,3,4
"Cabatuan, Isabela, Philippines",16.92776,121.66253,PLDT,55049,56247,55.05,56.25,11,5,2,3
"Dilasag, Aurora, Philippines",16.46212,122.12918,Converge,30554,31196,30.55,31.20,15,5,2,2
"Poona Piagapo, Lanao del Norte, Philippines",8.08738,124.07528,PLDT Home Fiber,73720,71518,73.72,71.52,10,5,4,4
"Catanauan, Quezon, Philippines",13.65447,122.33343,PLDT,40404,51588,40.40,51.59,29,5,2,3
"Ragay, Camarines Sur, Philippines",13.83123,122.78588,PLDT,28789,24253,28.79,24.25,24,5,3,5
"Rosales, Pangasinan, Philippines",15.86126,120.63149,Converge,18232,30945,18.23,30.95,8,5,4,4
"Naga, Zamboanga Sibugay, Philippines",7.84711,122.69555,PLDT Home Fiber,16242,14166,16.24,14.17,9,5,2,3
"Socorro, Oriental Mindoro, Philippines",13.09119,121.34273,PLDT Home Fiber,125771,91752,125.77,91.75,12,5,4,5
"Bago, Negros Occidental, Philippines",10.53757,122.83609,SpaceX Starlink,8433,6588,8.43,6.59,40,5,4,5
"Trento, Agusan del Sur, Philippines",8.05257,126.21969,Converge,23629,27909,23.63,27.91,7,5,2,4
"Cabagan, Isabela, Philippines",17.36078,121.87903,Converge,83421,98453,83.42,98.45,10,5,3,3
"Cardona, Rizal, Philippines",14.48493,121.232,SpaceX Starlink,4986,4266,4.99,4.27,46,5,1,1
"Lagonoy, Camarines Sur, Philippines",13.86688,123.48319,Converge,122269,185523,122.27,185.52,14,5,2,3
"Lumban, Laguna, Philippines",14.29353,121.52558,Converge,190645,216436,190.65,216.44,9,5,2,4
"Dueñas, Iloilo, Philippines",11.06582,122.61702,Converge,58443,64870,58.44,64.87,10,5,1,2
"Bay, Laguna, Philippines",14.14064,121.26836,Globe,686196,624553,686.20,624.55,6,5,2,2
"Sinait, Ilocos Sur, Philippines",17.85347,120.50488,Globe,92680,76354,92.68,76.35,10,5,4,4
"Amlan, Negros Oriental, Philippines",9.44436,123.18013,PLDT,63709,87011,63.71,87.01,6,5,4,4
"Pigkawayan, Cotabato, Philippines",7.27922,124.43092,Globe,132687,37961,132.69,37.96,10,5,2,2
"Jasaan, Misamis Oriental, Philippines",8.65161,124.78513,PLDT Home Fiber,122556,186078,122.56,186.08,2,5,2,4
"Lagonglong, Misamis Oriental, Philippines",8.81524,124.8293,Converge,51526,34647,51.53,34.65,26,5,2,2
"Canlaon City, Negros Oriental, Philippines",10.36048,123.19137,Globe,97919,51325,97.92,51.33,15,5,4,4
"Tabuelan, Cebu, Philippines",10.85738,123.90809,PLDT Home Fiber,208633,333523,208.63,333.52,8,5,1,3
"Lambunao, Iloilo, Philippines",11.12265,122.37876,Converge,12014,12306,12.01,12.31,13,5,3,3
"Lake Sebu, South Cotabato, Philippines",6.24474,124.55284,SpaceX Starlink,2812,2811,2.81,2.81,41,5,3,4
"Maria, Siquijor, Philippines",9.16546,123.65114,PLDT Home Fiber,101395,185275,101.40,185.28,10,5,2,4
"Aguilar, Pangasinan, Philippines",15.84134,120.21665,PLDT Home Fiber,165045,140419,165.05,140.42,18,5,2,2
"Madalag, Aklan, Philippines",11.46177,122.19731,PLDT,4231,6485,4.23,6.49,16,5,1,3
"Gerona, Tarlac, Philippines",15.60489,120.59698,PLDT,188789,300146,188.79,300.15,4,5,1,1
"Licab, Nueva Ecija, Philippines",15.54706,120.76948,PLDT Home Fiber,670618,610417,670.62,610.42,58,5,2,3
"Binalonan, Pangasinan, Philippines",16.05355,120.60848,Converge,66407,54535,66.41,54.54,5,5,3,5
"Ibajay, Aklan, Philippines",11.75186,122.18596,Globe,183852,225775,183.85,225.78,17,5,2,5
"Jasaan, Misamis Oriental, Philippines",8.65161,124.78513,PLDT,47463,48365,47.46,48.37,3,5,1,1
"Calamba, Laguna, Philippines",14.19488,121.15974,SpaceX Starlink,59700,8481,59.70,8.48,22,5,2,3
"City of Batac, Ilocos Norte, Philippines",18.04961,120.59698,Globe,104669,108925,104.67,108.93,8,5,2,3
"Pio V. Corpuz, Masbate, Philippines",11.84746,124.03072,PLDT,46458,19911,46.46,19.91,37,5,1,1
"Palauig, Zambales, Philippines",15.46513,120.13583,SpaceX Starlink,28852,19359,28.85,19.36,37,5,1,1
"Tampilisan, Zamboanga del Norte, Philippines",7.97248,122.66165,PLDT Home Fiber,56808,31449,56.81,31.45,20,5,2,3
"Iba, Zambales, Philippines",15.39495,120.04341,SpaceX Starlink,122809,18688,122.81,18.69,27,5,2,2
"Kolambugan, Lanao del Norte, Philippines",8.08547,123.89693,Globe,184636,56357,184.64,56.36,6,5,2,3
"Talisayan, Misamis Oriental, Philippines",8.95565,124.91758,Converge,456537,403567,456.54,403.57,8,5,1,1
"Calape, Bohol, Philippines",9.88376,123.89693,PLDT Home Fiber,120471,125569,120.47,125.57,8,5,1,3
"Valencia, Negros Oriental, Philippines",9.28494,123.1464,SpaceX Starlink,92153,17350,92.15,17.35,41,5,2,3
"Kayapa, Nueva Vizcaya, Philippines",16.49326,120.94174,SpaceX Starlink,7883,5224,7.88,5.22,36,5,2,2
"Santa Maria, Laguna, Philippines",14.48365,121.42276,Converge,111251,139581,111.25,139.58,11,5,1,2
"Jaen, Nueva Ecija, Philippines",15.39558,120.87286,Globe,177026,155970,177.03,155.97,49,5,2,4
"San Fernando, Cebu, Philippines",10.16316,123.70738,Converge,26174,24495,26.17,24.50,5,5,1,4
"Limasawa, Southern Leyte, Philippines",9.93028,125.0746,SpaceX Starlink,16885,8644,16.89,8.64,44,5,3,3
"Tanauan, Leyte, Philippines",11.07765,124.98373,Converge,104513,140627,104.51,140.63,8,5,3,3
"Merida, Leyte, Philippines",10.96425,124.5196,PLDT,8933,9851,8.93,9.85,49,5,2,2
"Caraga, Davao Oriental, Philippines",7.38392,126.39314,SpaceX Starlink,6705,7532,6.71,7.53,40,5,2,2
"Jovellar, Albay, Philippines",13.05932,123.584,Converge,376615,405945,376.62,405.95,10,5,1,1
"Bais City, Negros Oriental, Philippines",9.56801,123.01136,Converge,28868,31822,28.87,31.82,22,5,1,1
"Candon City, Ilocos Sur, Philippines",17.19612,120.44729,PLDT,116300,122892,116.30,122.89,10,5,2,3
"Amlan, Negros Oriental, Philippines",9.44436,123.18013,Globe,60517,88984,60.52,88.98,17,5,1,2
"Tolosa, Leyte, Philippines",11.03883,125.02229,PLDT Home Fiber,222949,234829,222.95,234.83,7,5,3,3
"City of Baybay, Leyte, Philippines",10.66858,124.80409,PLDT,54419,49343,54.42,49.34,6,5,3,3
"Santo Domingo, Ilocos Sur, Philippines",17.64462,120.42424,Converge,231415,236035,231.42,236.04,10,5,1,1
"Leon, Iloilo, Philippines",10.82086,122.34476,PLDT Home Fiber,18463,20161,18.46,20.16,25,5,1,3
"Alangalang, Leyte, Philippines",11.23565,124.88449,PLDT,10974,24231,10.97,24.23,12,5,2,2
"Arakan, Cotabato, Philippines",7.35122,125.17087,PLDT,138209,94790,138.21,94.79,13,5,5,5
"Tampakan, South Cotabato, Philippines",6.49121,125.08286,PLDT Home Fiber,61139,40242,61.14,40.24,11,5,4,4
"Capalonga, Camarines Norte, Philippines",14.2787,122.51464,Converge,4110,3676,4.11,3.68,12,5,1,3
"Pitogo, Zamboanga del Sur, Philippines",7.44633,123.33739,PLDT,35144,34136,35.14,34.14,37,4,1,2
"Obando, Bulacan, Philippines",14.70986,120.93674,Globe,429606,263177,429.61,263.18,7,4,2,2
"San Enrique, Iloilo, Philippines",11.10989,122.72943,Globe,56439,54917,56.44,54.92,16,4,1,1
"Badiangan, Iloilo, Philippines",10.98659,122.5367,PLDT,103375,75378,103.38,75.38,9,4,3,3
"South Upi, Maguindanao, Philippines",6.85103,124.19769,PLDT,249668,164492,249.67,164.49,13,4,1,3
"Pilar, Bohol, Philippines",9.84115,124.35324,PLDT Home Fiber,65201,352917,65.20,352.92,8,4,2,3
"Aguinaldo, Ifugao, Philippines",16.95291,121.33129,PLDT,24367,29081,24.37,29.08,13,4,1,3
"Mercedes, Camarines Norte, Philippines",13.90012,123.06765,PLDT,3932,843,3.93,0.84,18,4,2,4
"Mahinog, Camiguin, Philippines",9.17901,124.76303,PLDT Home Fiber,146333,50418,146.33,50.42,4,4,3,4
"Rosario, La Union, Philippines",16.23014,120.48702,Globe,74477,67558,74.48,67.56,6,4,2,3
"Bontoc, Southern Leyte, Philippines",10.38378,124.92861,PLDT,121445,135594,121.45,135.59,49,4,1,3
"Paracelis, Mountain Province, Philippines",17.15622,121.49132,PLDT Home Fiber,16630,30809,16.63,30.81,24,4,2,2
"Solano, Nueva Vizcaya, Philippines",16.51774,121.18012,Converge,21736,15938,21.74,15.94,11,4,2,2
"Masbate City, Masbate, Philippines",12.31777,123.55041,SpaceX Starlink,118109,17416,118.11,17.42,29,4,2,4
"Sison, Pangasinan, Philippines",16.14981,120.59698,Converge,74865,99794,74.87,99.79,4,4,3,4
"Pagsanjan, Laguna, Philippines",14.26244,121.45704,PLDT Home Fiber,73193,74636,73.19,74.64,7,4,2,2
"Magallanes, Agusan del Norte, Philippines",9.01943,125.53295,PLDT Home Fiber,45883,54656,45.88,54.66,9,4,3,4
"Tugaya, Lanao del Sur, Philippines",7.89514,124.14207,SpaceX Starlink,89552,27925,89.55,27.93,34,4,2,3
"Daet, Camarines Norte, Philippines",14.10303,122.9325,PLDT Home Fiber,531157,468296,531.16,468.30,9,4,1,1
"Lemery, Iloilo, Philippines",11.21441,122.92123,PLDT Home Fiber,37585,42843,37.59,42.84,10,4,3,4
"Vinzons, Camarines Norte, Philippines",14.21145,122.88741,Converge,68070,62426,68.07,62.43,4,4,1,1
"Talisay, Camarines Norte, Philippines",14.1394,122.92686,Converge,163191,163391,163.19,163.39,9,4,4,4
"Balaoan, La Union, Philippines",16.80225,120.40119,Converge,269154,251447,269.15,251.45,4,4,4,4
"Bacuag, Surigao del Norte, Philippines",9.57881,125.63142,PLDT Home Fiber,119788,144165,119.79,144.17,20,4,2,3
"Carmen, Davao del Norte, Philippines",7.35492,125.704,PLDT,9270,10951,9.27,10.95,9,4,3,4
"Lucban, Quezon, Philippines",14.1144,121.55472,PLDT Home Fiber,56841,61461,56.84,61.46,3,4,2,2
"Kasibu, Nueva Vizcaya, Philippines",16.36659,121.33129,PLDT Home Fiber,177743,169359,177.74,169.36,5,4,2,2
"Torrijos, Marinduque, Philippines",13.33435,122.01555,PLDT Home Fiber,324418,187128,324.42,187.13,13,4,1,2
"Guimbal, Iloilo, Philippines",10.66341,122.32057,PLDT,15223,63073,15.22,63.07,20,4,1,4
"Julita, Leyte, Philippines",10.98417,124.96169,PLDT Home Fiber,89609,115944,89.61,115.94,6,4,2,3
"Roxas, Palawan, Philippines",10.42746,119.46436,PLDT,40296,77298,40.30,77.30,18,4,1,1
"Pili, Camarines Sur, Philippines",13.55521,123.28126,PLDT Home Fiber,85598,60176,85.60,60.18,15,4,3,3
"Leganes, Iloilo, Philippines",10.78605,122.5888,PLDT,104044,103971,104.04,103.97,37,4,3,3
"Esperanza, Agusan del Sur, Philippines",8.6396,125.522,PLDT Home Fiber,290362,349528,290.36,349.53,10,4,1,1
"Cordova, Cebu, Philippines",10.25278,123.9494,PLDT,317448,391841,317.45,391.84,2,4,2,4
"Manaoag, Pangasinan, Philippines",16.04627,120.4876,PLDT Home Fiber,50461,57920,50.46,57.92,8,4,3,4
"Isabela, Negros Occidental, Philippines",10.22566,123.01136,Globe,31983,23739,31.98,23.74,16,4,1,1
"Barotac Viejo, Iloilo, Philippines",11.10187,122.87613,Converge,44769,42870,44.77,42.87,24,4,3,3
"Asingan, Pangasinan, Philippines",16.00318,120.67063,PLDT Home Fiber,94010,93924,94.01,93.92,13,4,1,2
"Oroquieta City, Misamis Occidental, Philippines",8.48597,123.79825,PLDT,246841,94559,246.84,94.56,7,4,2,3
"Clarin, Misamis Occidental, Philippines",8.19969,123.86237,PLDT,14660,20886,14.66,20.89,87,4,2,3
"Lavezares, Northern Samar, Philippines",12.5257,124.38654,PLDT Home Fiber,73577,73627,73.58,73.63,28,4,3,4
"Sariaya, Quezon, Philippines",13.96301,121.52388,SpaceX Starlink,59670,11433,59.67,11.43,41,4,2,2
"Pontevedra, Negros Occidental, Philippines",10.35266,122.92123,Globe,70188,39872,70.19,39.87,13,4,2,3
"Balamban, Cebu, Philippines",10.48585,123.77412,Converge,585189,224286,585.19,224.29,25,4,3,3
"Laoang, Northern Samar, Philippines",12.50219,125.01679,PLDT,21286,21707,21.29,21.71,29,4,4,4
"San Clemente, Tarlac, Philippines",15.63833,120.30895,PLDT Home Fiber,28865,31379,28.87,31.38,7,4,2,3
"Tuy, Batangas, Philippines",14.03435,120.74649,PLDT Home Fiber,199959,214320,199.96,214.32,9,4,2,3
"Las Navas, Northern Samar, Philippines",12.30641,125.01679,SpaceX Starlink,52362,21910,52.36,21.91,27,4,2,3
"Patnanungan, Quezon, Philippines",14.78964,122.18596,SpaceX Starlink,184163,52376,184.16,52.38,29,4,1,1
"Malangas, Zamboanga Sibugay, Philippines",7.62402,123.0001,PLDT Home Fiber,20121,18519,20.12,18.52,11,4,3,3
"Morong, Bataan, Philippines",14.6798,120.26759,SpaceX Starlink,56963,24663,56.96,24.66,19,4,1,3
"Estancia, Iloilo, Philippines",11.45356,123.13515,Converge,91136,44988,91.14,44.99,18,4,3,3
"Capoocan, Leyte, Philippines",11.23208,124.61927,Globe,94036,87725,94.04,87.73,14,4,2,3
"Norala, South Cotabato, Philippines",6.5061,124.66353,PLDT,200043,232876,200.04,232.88,21,4,1,3
"General Luna, Surigao del Norte, Philippines",9.78375,126.15657,Globe,657350,20948,657.35,20.95,17,4,1,3
"Madamba, Lanao del Sur, Philippines",7.86931,124.06971,SpaceX Starlink,17176,12079,17.18,12.08,35,4,1,1
"Quezon, Philippines",14.06282,122.11783,SpaceX Starlink,19596,15985,19.60,15.99,45,4,2,2
"San Jorge, Samar, Philippines",11.9902,124.90655,PLDT Home Fiber,58927,58891,58.93,58.89,28,4,2,2
"Leganes, Iloilo, Philippines",10.78605,122.5888,PLDT Home Fiber,249051,226096,249.05,226.10,7,4,3,4
"Estancia, Iloilo, Philippines",11.45356,123.13515,PLDT Home Fiber,191639,240846,191.64,240.85,10,4,3,4
"Binmaley, Pangasinan, Philippines",16.02892,120.26882,Globe,120405,80072,120.41,80.07,5,4,3,3
"Placer, Masbate, Philippines",11.95867,123.86345,PLDT,81610,47360,81.61,47.36,19,4,2,3
"Monkayo, Davao de Oro, Philippines",7.82426,126.0537,PLDT Home Fiber,63558,58284,63.56,58.28,11,4,2,2
"Sogod, Southern Leyte, Philippines",10.44929,125.01679,PLDT Home Fiber,149398,100286,149.40,100.29,8,4,1,2
"T'boli, South Cotabato, Philippines",6.14683,124.90655,SpaceX Starlink,166520,19135,166.52,19.14,36,4,3,3
"New Washington, Aklan, Philippines",11.6466,122.39009,Converge,27075,46576,27.08,46.58,15,4,2,2
"Tuao, Cagayan, Philippines",17.67718,121.51416,Converge,188075,132407,188.08,132.41,12,4,2,2
"Hindang, Leyte, Philippines",10.44667,124.80722,PLDT,91740,94876,91.74,94.88,14,4,3,3
"San Fernando, Masbate, Philippines",12.47959,123.7406,PLDT,21645,32116,21.65,32.12,20,4,2,3
"Marihatag, Surigao del Sur, Philippines",8.81155,126.15454,PLDT Home Fiber,38423,28169,38.42,28.17,10,4,1,1
"Concepcion, Tarlac, Philippines",15.324,120.65596,Globe,89597,89980,89.60,89.98,5,4,2,4
"Datu Piang, Maguindanao del Sur, Philippines",7.02682,124.50538,SpaceX Starlink,20069,9599,20.07,9.60,50,4,1,2
"Sablan, Benguet, Philippines",16.49609,120.48794,PLDT Home Fiber,260804,143032,260.80,143.03,3,4,4,4
"San Ildefonso, Ilocos Sur, Philippines",17.623,120.39543,PLDT Home Fiber,299049,188989,299.05,188.99,16,4,1,4
"Hinundayan, Southern Leyte, Philippines",10.33731,125.22584,SpaceX Starlink,34799,3344,34.80,3.34,36,4,3,3
"Salay, Misamis Oriental, Philippines",8.8714,124.8293,Globe,155513,116205,155.51,116.21,7,4,3,3
"Dueñas, Iloilo, Philippines",11.06582,122.61702,PLDT Home Fiber,91802,80615,91.80,80.62,26,4,2,2
"Polangui, Albay, Philippines",13.29368,123.48542,PLDT,124513,163577,124.51,163.58,8,4,4,4
"Maramag, Bukidnon, Philippines",7.82687,124.97271,PLDT,28289,25684,28.29,25.68,38,4,1,1
"Roxas, Palawan, Philippines",10.42746,119.46436,Converge,170828,196710,170.83,196.71,12,4,2,4
"San Pascual, Batangas, Philippines",13.81044,121.02204,Converge,221241,271391,221.24,271.39,7,4,2,4
"Hinigaran, Negros Occidental, Philippines",10.27479,122.92123,SpaceX Starlink,137054,38971,137.05,38.97,25,4,1,2
"Basilisa (Rizal), Dinagat Islands, Philippines",10.10385,125.57673,SpaceX Starlink,64406,13007,64.41,13.01,51,4,2,2
"Tambulig, Zamboanga del Sur, Philippines",8.04386,123.53921,PLDT,108163,168101,108.16,168.10,31,4,1,2
"Victoria, Oriental Mindoro, Philippines",13.15599,121.23974,Converge,34040,44794,34.04,44.79,10,4,2,3
"Santa Fe, Leyte, Philippines",11.17999,124.93964,PLDT,18543,30754,18.54,30.75,34,4,2,3
"Passi City, Iloilo, Philippines",11.1688,122.65035,PLDT,145023,149024,145.02,149.02,20,4,3,4
"Labangan, Zamboanga del Sur, Philippines",7.85732,123.503,PLDT Home Fiber,297750,214275,297.75,214.28,6,4,2,4
"Aurora, Isabela, Philippines",16.99011,121.63617,Globe,262790,194831,262.79,194.83,7,4,2,3
"Abuyog, Leyte, Philippines",10.67348,125.06084,Globe,66637,125,66.64,0.13,8,4,1,3
"Compostela, Cebu, Philippines",10.45408,124.013,Converge,33591,43725,33.59,43.73,3,4,3,4
"Tagudin, Ilocos Sur, Philippines",16.93875,120.47033,Converge,54068,70494,54.07,70.49,8,4,3,3
"Mendez, Cavite, Philippines",14.12941,120.90511,PLDT Home Fiber,238666,247629,238.67,247.63,4,4,2,4
"Duero, Bohol, Philippines",9.75151,124.38654,Globe,105558,137802,105.56,137.80,6,4,1,2
"Dalaguete, Cebu, Philippines",9.78366,123.5056,SpaceX Starlink,187313,19910,187.31,19.91,35,4,2,3
"Padre Garcia, Batangas, Philippines",13.87668,121.24547,PLDT,300954,334142,300.95,334.14,6,4,4,4
"Cagdianao, Dinagat Islands, Philippines",10.10655,125.63142,SpaceX Starlink,187267,26471,187.27,26.47,32,4,1,1
"San Roque, Northern Samar, Philippines",12.44327,124.88449,PLDT,60692,45061,60.69,45.06,24,4,2,2
"Unisan, Quezon, Philippines",13.86351,122.01555,PLDT Home Fiber,28167,18667,28.17,18.67,8,4,3,4
"San Pascual, Batangas, Philippines",13.81044,121.02204,Globe,29709,57994,29.71,57.99,5,4,3,3
"Santo Tomas, Pampanga, Philippines",14.99601,120.70407,Converge,289515,285620,289.52,285.62,4,4,2,2
"Calamba, Misamis Occidental, Philippines",8.51327,123.63996,PLDT Home Fiber,689545,649702,689.55,649.70,11,4,1,2
"City of Santiago, Isabela, Philippines",16.69679,121.55865,Converge,244423,267284,244.42,267.28,8,4,1,4
"Infanta, Quezon, Philippines",14.74071,121.6451,SpaceX Starlink,179011,9845,179.01,9.85,20,4,2,2
"Kalayaan, Laguna, Philippines",14.32356,121.47757,PLDT Home Fiber,33597,18946,33.60,18.95,19,4,2,2
"Bucay, Abra, Philippines",17.53019,120.7235,PLDT Home Fiber,116380,106989,116.38,106.99,7,4,1,2
"Vincenzo A. Sagun, Zamboanga del Sur, Philippines",7.51734,123.15764,PLDT,33837,7670,33.84,7.67,9,4,1,2
"Jala-jala, Rizal, Philippines",14.36149,121.34273,PLDT Home Fiber,192244,256944,192.24,256.94,4,4,2,2
"Ilagan City, Isabela, Philippines",17.12845,122.12918,Converge,400480,360350,400.48,360.35,8,4,4,4
"Bongabong, Oriental Mindoro, Philippines",12.71953,121.30841,PLDT Home Fiber,325967,223327,325.97,223.33,11,4,1,1
"Maydolong, Eastern Samar, Philippines",11.44046,125.36857,Globe,8038,7758,8.04,7.76,35,4,1,1
"City of Bayugan, Agusan del Sur, Philippines",8.71381,125.74865,Converge,197764,157397,197.76,157.40,13,4,2,4
"Tumauini, Isabela, Philippines",17.27708,121.87903,Globe,115752,169581,115.75,169.58,15,4,2,4
"Padre Burgos, Quezon, Philippines",13.91629,121.81546,PLDT Home Fiber,362606,344547,362.61,344.55,2,4,2,3
"Sipalay City, Negros Occidental, Philippines",9.71979,122.49201,SpaceX Starlink,99999,31209,100.00,31.21,24,4,2,4
"City of Mati, Davao Oriental, Philippines",6.95722,126.15454,PLDT,140952,118939,140.95,118.94,34,4,2,2
"Bogo City, Cebu, Philippines",11.04623,124.00287,PLDT Home Fiber,245202,240120,245.20,240.12,8,4,3,4
"Claveria, Cagayan, Philippines",18.56565,121.09083,PLDT,43904,50815,43.90,50.82,11,4,1,2
"Bula, Camarines Sur, Philippines",13.44119,123.23632,PLDT,24470,29433,24.47,29.43,17,4,2,4
"Baungon, Bukidnon, Philippines",8.21754,124.75198,PLDT Home Fiber,278713,295401,278.71,295.40,3,4,3,3
"San Vicente, Ilocos Sur, Philippines",17.61825,120.36085,Globe,77227,116445,77.23,116.45,7,4,1,2
"Tanauan, Leyte, Philippines",11.07765,124.98373,PLDT,101701,50998,101.70,51.00,18,4,2,4
"San Vicente, Ilocos Sur, Philippines",17.61825,120.36085,PLDT Home Fiber,44622,126880,44.62,126.88,12,4,1,2
"Badoc, Ilocos Norte, Philippines",17.92969,120.49336,Globe,198410,260995,198.41,261.00,14,4,2,2
"Roxas, Palawan, Philippines",10.42746,119.46436,PLDT Home Fiber,122281,151724,122.28,151.72,54,4,2,3
"Iriga City, Camarines Sur, Philippines",13.42095,123.41361,SpaceX Starlink,47509,20534,47.51,20.53,20,4,1,2
"Catmon, Cebu, Philippines",10.65242,123.9973,Globe,155039,143191,155.04,143.19,6,4,2,2
"Banisilan, Cotabato, Philippines",7.53701,124.72988,PLDT,644,24510,0.64,24.51,91,4,3,4
"Magarao, Camarines Sur, Philippines",13.67027,123.15202,PLDT Home Fiber,40055,42421,40.06,42.42,9,4,1,2
"Gandara, Samar, Philippines",12.06444,124.79617,PLDT,44354,38693,44.35,38.69,29,4,1,1
"Benito Soliven, Isabela, Philippines",16.93475,121.92456,PLDT Home Fiber,23088,24457,23.09,24.46,15,4,1,1
"Can-avid, Eastern Samar, Philippines",11.98886,125.32468,Globe,130026,143269,130.03,143.27,16,4,2,2
"Rizal, Cagayan, Philippines",17.82779,121.37703,Converge,44468,73238,44.47,73.24,15,4,2,2
"Ma-ayon, Capiz, Philippines",11.33826,122.87613,PLDT,251213,271862,251.21,271.86,17,4,1,2
"Bacarra, Ilocos Norte, Philippines",18.27039,120.60848,PLDT,160845,291877,160.85,291.88,8,4,2,2
"Bayambang, Pangasinan, Philippines",15.80947,120.45714,Globe,74631,67598,74.63,67.60,5,4,3,3
"Candijay, Bohol, Philippines",9.8258,124.48636,PLDT Home Fiber,127185,107394,127.19,107.39,5,4,1,2
"Bay, Laguna, Philippines",14.14064,121.26836,PLDT,122871,120758,122.87,120.76,8,4,4,4
"Kalilangan, Bukidnon, Philippines",7.8149,124.70777,SpaceX Starlink,16909,11971,16.91,11.97,40,4,2,2
"Pantukan, Davao de Oro, Philippines",7.20012,126.04584,SpaceX Starlink,193902,33223,193.90,33.22,34,4,1,3
"San Carlos City, Pangasinan, Philippines",15.92589,120.34827,PLDT,109494,108382,109.49,108.38,6,4,2,2
"Balasan, Iloilo, Philippines",11.45927,123.09015,PLDT,33434,31582,33.43,31.58,10,4,3,4
"Dilasag, Aurora, Philippines",16.46212,122.12918,SpaceX Starlink,29024,32515,29.02,32.52,12,4,1,4
"Urbiztondo, Pangasinan, Philippines",15.82012,120.35508,Converge,64036,87763,64.04,87.76,5,4,1,1
"Bontoc, Mountain Province, Philippines",17.09126,121.01057,SpaceX Starlink,78124,17753,78.12,17.75,26,4,2,2
"Pinili, Ilocos Norte, Philippines",17.94294,120.53942,PLDT,48875,84664,48.88,84.66,7,4,2,2
"Pangil, Laguna, Philippines",14.41772,121.48561,Converge,151142,130278,151.14,130.28,11,4,1,2
"Bacolod, Lanao del Norte, Philippines",8.14754,124.03072,PLDT Home Fiber,71613,89745,71.61,89.75,5,4,1,3
"San Jacinto, Pangasinan, Philippines",16.07883,120.44729,PLDT,36685,44155,36.69,44.16,5,4,2,2
"Carmen, Agusan del Norte, Philippines",8.9574,125.24781,PLDT,174828,191903,174.83,191.90,13,4,1,1
"Magallanes, Cavite, Philippines",14.15828,120.74649,PLDT Home Fiber,321581,252416,321.58,252.42,4,4,1,3
"Oton, Iloilo, Philippines",10.69251,122.47868,Converge,215436,210259,215.44,210.26,9,4,2,3
"Naguilian, La Union, Philippines",16.52435,120.42424,PLDT,80888,85990,80.89,85.99,4,4,3,3
"San Fernando, Cebu, Philippines",10.16316,123.70738,PLDT,18284,24020,18.28,24.02,28,4,3,4
"Tarangnan, Samar, Philippines",11.92262,124.76303,PLDT,22852,22582,22.85,22.58,29,4,2,2
"San Teodoro, Oriental Mindoro, Philippines",13.3156,120.96469,Converge,68417,69415,68.42,69.42,11,4,1,1
"Laur, Nueva Ecija, Philippines",15.52477,121.18249,PLDT Home Fiber,84237,80312,84.24,80.31,12,4,2,2
"Tudela, Misamis Occidental, Philippines",8.24623,123.84519,PLDT Home Fiber,32105,34436,32.11,34.44,6,4,3,4
"Daet, Camarines Norte, Philippines",14.10303,122.9325,SpaceX Starlink,30095,5273,30.10,5.27,26,4,3,3
"Rosario, La Union, Philippines",16.23014,120.48702,Converge,25060,53548,25.06,53.55,3,4,3,3
"Maasin, Iloilo, Philippines",10.9199,122.42407,PLDT,18998,21169,19.00,21.17,16,4,2,2
"Solano, Nueva Vizcaya, Philippines",16.51774,121.18012,PLDT,151339,188973,151.34,188.97,7,4,3,4
"Magallanes, Sorsogon, Philippines",12.78308,123.90809,Converge,25904,18485,25.90,18.49,33,4,2,3
"Luba, Abra, Philippines",17.31418,120.68901,SpaceX Starlink,60039,9437,60.04,9.44,26,4,3,3
"Makilala, Cotabato, Philippines",6.92343,125.08286,Converge,157255,168179,157.26,168.18,6,4,3,4
"Tagaytay City, Cavite, Philippines",14.11541,120.96202,SpaceX Starlink,260,273,0.26,0.27,66,4,1,2
"Bolinao, Pangasinan, Philippines",16.30742,119.85838,PLDT Home Fiber,72021,88131,72.02,88.13,6,4,1,4
"Caloocan, Metro Manila, Philippines",14.65136,120.99022,SpaceX Starlink,71960,7635,71.96,7.64,26,4,2,3
"Bacarra, Ilocos Norte, Philippines",18.27039,120.60848,Converge,45894,39284,45.89,39.28,9,4,2,2
"San Miguel, Bulacan, Philippines",15.14158,120.9751,SpaceX Starlink,8879,7435,8.88,7.44,30,4,1,2
"Santa Catalina, Ilocos Sur, Philippines",17.58644,120.36085,PLDT Home Fiber,333786,189236,333.79,189.24,7,4,1,3
"Rosario, La Union, Philippines",16.23014,120.48702,PLDT,50835,87705,50.84,87.71,8,4,2,3
"Cuenca, Batangas, Philippines",13.9144,121.05071,Globe,42062,51934,42.06,51.93,6,4,1,3
"Ilog, Negros Occidental, Philippines",9.8785,122.72943,PLDT Home Fiber,110775,153320,110.78,153.32,7,4,2,4
"Tulunan, Cotabato, Philippines",6.83042,124.87469,PLDT Home Fiber,250323,138430,250.32,138.43,10,4,4,4
"Malitbog, Bukidnon, Philippines",8.5343,124.92861,PLDT Home Fiber,9392,6374,9.39,6.37,11,4,2,3
"Argao, Cebu, Philippines",9.88114,123.60535,SpaceX Starlink,17803,1541,17.80,1.54,30,4,1,2
"San Jose, Camarines Sur, Philippines",13.68724,123.53921,SpaceX Starlink,4703,1157,4.70,1.16,107,4,1,1
"Masantol, Pampanga, Philippines",14.85669,120.68326,PLDT Home Fiber,265564,188046,265.56,188.05,6,4,4,4
"Boac, Marinduque, Philippines",13.39413,121.87903,SpaceX Starlink,10828,12912,10.83,12.91,30,4,2,2
"Botolan, Zambales, Philippines",15.26625,120.20511,Converge,62537,54766,62.54,54.77,7,4,4,4
"Santa Cruz, Ilocos Sur, Philippines",17.06168,120.49336,Converge,99045,138211,99.05,138.21,6,4,3,4
"Alaminos City, Pangasinan, Philippines",16.15053,119.98562,PLDT,16238,18147,16.24,18.15,11,4,4,4
"Kawayan, Biliran, Philippines",11.68428,124.40318,Globe,6774,7510,6.77,7.51,13,4,1,1
"Kolambugan, Lanao del Norte, Philippines",8.08547,123.89693,PLDT Home Fiber,505625,538092,505.63,538.09,6,4,1,2
"Laak (San Vicente), Davao de Oro, Philippines",7.87712,125.78435,PLDT Home Fiber,46838,53825,46.84,53.83,11,4,2,3
"Dinalungan, Aurora, Philippines",16.1585,121.83349,SpaceX Starlink,176097,39624,176.10,39.62,29,4,1,2
"Virac, Catanduanes, Philippines",13.61939,124.17544,SpaceX Starlink,110562,11835,110.56,11.84,31,4,2,2
"Mulanay, Quezon, Philippines",13.51308,122.46937,Converge,33416,36014,33.42,36.01,11,4,2,4
"Bulusan, Sorsogon, Philippines",12.76544,124.09755,PLDT Home Fiber,15265,33222,15.27,33.22,7,4,1,2
"Sallapadan, Abra, Philippines",17.47616,120.79246,SpaceX Starlink,24602,7691,24.60,7.69,34,4,2,3
"Mogpog, Marinduque, Philippines",13.50444,121.89041,PLDT Home Fiber,11975,13683,11.98,13.68,9,4,2,2
"Pagsanjan, Laguna, Philippines",14.26244,121.45704,Converge,91838,73178,91.84,73.18,6,4,3,3
"Palompon, Leyte, Philippines",11.03374,124.43092,PLDT Home Fiber,204894,331290,204.89,331.29,5,4,2,4
"Bani, Pangasinan, Philippines",16.22291,119.85838,PLDT,4657,4636,4.66,4.64,15,4,1,3
"Aleosan, Cotabato, Philippines",7.18894,124.63034,PLDT Home Fiber,52967,40094,52.97,40.09,15,4,3,3
"San Jacinto, Masbate, Philippines",12.53707,123.6847,PLDT,245308,234149,245.31,234.15,21,4,2,3
"Oton, Iloilo, Philippines",10.69251,122.47868,SpaceX Starlink,103776,26393,103.78,26.39,25,4,2,3
"Loon, Bohol, Philippines",9.81463,123.82996,Globe,167310,176040,167.31,176.04,6,4,2,2
"Angat, Bulacan, Philippines",14.92586,121.02204,Globe,158641,140258,158.64,140.26,8,4,2,4
"Leyte, Philippines",11.32728,124.48636,PLDT,213309,216246,213.31,216.25,15,4,3,4
"Taal, Batangas, Philippines",13.87826,120.92508,Converge,431443,355986,431.44,355.99,6,4,1,3
"Limay, Bataan, Philippines",14.53661,120.56245,Globe,76858,57363,76.86,57.36,11,4,1,2
"Sinait, Ilocos Sur, Philippines",17.85347,120.50488,PLDT Home Fiber,43613,38962,43.61,38.96,13,4,2,2
"Titay, Zamboanga Sibugay, Philippines",7.84847,122.57121,Globe,18940,31980,18.94,31.98,8,4,3,4
"Tabaco City, Albay, Philippines",13.36138,123.72876,PLDT,148926,299598,148.93,299.60,15,4,4,4
"San Manuel, Tarlac, Philippines",15.82906,120.60273,Converge,296816,286701,296.82,286.70,8,4,2,3
"Labrador, Pangasinan, Philippines",16.00274,120.12429,PLDT Home Fiber,171850,188439,171.85,188.44,9,4,2,4
"Lambunao, Iloilo, Philippines",11.12265,122.37876,PLDT Home Fiber,8863,5313,8.86,5.31,8,4,1,3
"Delfin Albano, Isabela, Philippines",17.25925,121.74234,PLDT,67036,65628,67.04,65.63,14,4,2,2
"Vallehermoso, Negros Oriental, Philippines",10.33905,123.29249,PLDT,515082,361881,515.08,361.88,15,4,2,2
"Sibulan, Negros Oriental, Philippines",9.35972,123.28476,SpaceX Starlink,159021,15561,159.02,15.56,35,4,1,3
"City of Santa Rosa, Laguna, Philippines",14.31471,121.11232,SpaceX Starlink,11963,15897,11.96,15.90,32,4,3,3
"Dueñas, Iloilo, Philippines",11.06582,122.61702,SpaceX Starlink,151174,20277,151.17,20.28,36,4,2,2
"Concepcion, Iloilo, Philippines",11.20333,123.09015,SpaceX Starlink,145395,25112,145.40,25.11,26,4,1,1
"Carcar, Cebu, Philippines",10.10478,123.64147,Converge,242534,159031,242.53,159.03,21,4,3,4
"Quezon, Nueva Vizcaya, Philippines",16.45779,121.28552,PLDT,267055,103011,267.06,103.01,15,4,2,2
"Lupi, Camarines Sur, Philippines",13.78895,122.90853,PLDT,28384,26754,28.38,26.75,37,4,1,3
"Bais City, Negros Oriental, Philippines",9.56801,123.01136,PLDT,47343,45171,47.34,45.17,19,4,1,3
"Paete, Laguna, Philippines",14.37243,121.54842,PLDT,173607,121537,173.61,121.54,6,4,4,4
"City of Baybay, Leyte, Philippines",10.66858,124.80409,Converge,42125,11021,42.13,11.02,8,4,3,4
"Paoay, Ilocos Norte, Philippines",18.07424,120.51639,Converge,205096,241554,205.10,241.55,9,4,2,3
"Mambusao, Capiz, Philippines",11.44257,122.59383,Globe,110083,97689,110.08,97.69,17,4,2,3
"Kalilangan, Bukidnon, Philippines",7.8149,124.70777,PLDT,93630,94522,93.63,94.52,22,4,4,4
"Dimataling, Zamboanga del Sur, Philippines",7.54118,123.31494,PLDT Home Fiber,8181,11881,8.18,11.88,23,4,1,1
"Bataraza, Palawan, Philippines",8.5878,117.43215,PLDT Home Fiber,154960,140418,154.96,140.42,62,4,2,2
"Rosario, Cavite, Philippines",14.41672,120.85471,Globe,206897,231243,206.90,231.24,5,4,2,3
"Casiguran, Aurora, Philippines",16.27707,122.12254,SpaceX Starlink,146050,25646,146.05,25.65,245,4,2,3
"Malangas, Zamboanga Sibugay, Philippines",7.62402,123.0001,PLDT,6353,6216,6.35,6.22,16,4,2,2
"Bangar, La Union, Philippines",16.88295,120.42424,Converge,55407,49545,55.41,49.55,4,4,1,1
"Madridejos, Cebu, Philippines",11.25859,123.7406,Globe,189693,169832,189.69,169.83,8,4,2,3
"Duero, Bohol, Philippines",9.75151,124.38654,PLDT Home Fiber,128054,158985,128.05,158.99,5,4,2,2
"Cordova, Cebu, Philippines",10.25278,123.9494,Converge,344406,328492,344.41,328.49,2,4,4,4
"Sultan Naga Dimaporo, Lanao del Norte, Philippines",7.79626,123.71859,SpaceX Starlink,3062,3060,3.06,3.06,40,4,3,4
"Basey, Samar, Philippines",11.40967,125.17087,Globe,117925,110714,117.93,110.71,25,4,1,2
"Botolan, Zambales, Philippines",15.26625,120.20511,Globe,335413,313946,335.41,313.95,9,4,3,3
"Nueva Valencia, Guimaras, Philippines",10.46356,122.54859,SpaceX Starlink,205604,28749,205.60,28.75,26,4,2,3
"Villasis, Pangasinan, Philippines",15.90523,120.55094,Globe,97419,72161,97.42,72.16,7,4,3,3
"General Santos City (Dadiangas), South Cotabato, Philippines",6.14327,125.19286,SpaceX Starlink,108027,19855,108.03,19.86,24,4,3,4
"Burdeos, Quezon, Philippines",14.92774,121.95869,SpaceX Starlink,93501,15557,93.50,15.56,43,4,2,3
"Buenavista, Agusan del Norte, Philippines",8.97318,125.40853,PLDT,14314,14195,14.31,14.20,11,4,1,2
"Tinglayan, Kalinga, Philippines",17.24404,121.10229,SpaceX Starlink,34368,14665,34.37,14.67,22,4,2,3
"Pasig, Metro Manila, Philippines",14.56082,121.0776,SpaceX Starlink,53234,11603,53.23,11.60,32,4,2,2
"Ocampo, Camarines Sur, Philippines",13.58198,123.37106,Globe,35285,2927,35.29,2.93,11,4,1,2
"Cordon, Isabela, Philippines",16.67835,121.46847,PLDT,13781,5440,13.78,5.44,13,4,1,2
"Tagoloan, Misamis Oriental, Philippines",8.51877,124.80722,PLDT Home Fiber,259469,265322,259.47,265.32,3,4,2,3
"Sibagat, Agusan del Sur, Philippines",8.98225,125.78435,Converge,317857,311815,317.86,311.82,10,4,1,1
"Albuera, Leyte, Philippines",10.90539,124.75198,Converge,195999,198717,196.00,198.72,5,4,2,3
"Manjuyod, Negros Oriental, Philippines",9.71246,123.10141,PLDT Home Fiber,201676,251878,201.68,251.88,8,4,3,4
"General Luna, Quezon, Philippines",13.69977,122.23135,PLDT Home Fiber,72821,104346,72.82,104.35,5,4,3,3
"Cabagan, Isabela, Philippines",17.36078,121.87903,PLDT Home Fiber,330599,289490,330.60,289.49,12,4,2,2
"Sagbayan, Bohol, Philippines",9.91005,124.08641,PLDT,28840,40232,28.84,40.23,9,4,1,4
"Kadayangan, Cotabato, Philippines",7.1576,124.49141,PLDT Home Fiber,190248,179907,190.25,179.91,16,4,4,4
"Ajuy, Iloilo, Philippines",11.13583,123.0001,PLDT Home Fiber,11347,18436,11.35,18.44,23,4,2,3
"Dipaculao, Aurora, Philippines",15.84995,121.5377,SpaceX Starlink,126757,10991,126.76,10.99,387,4,1,1
"Tuguegarao City, Cagayan, Philippines",17.60306,121.75374,SpaceX Starlink,231914,28266,231.91,28.27,31,4,3,3
"Ballesteros, Cagayan, Philippines",18.35099,121.51416,Globe,239526,308005,239.53,308.01,9,4,2,3
"San Jose, Dinagat Islands, Philippines",10.01955,125.57603,Globe,33582,33602,33.58,33.60,43,3,3,3
"San Juan, Ilocos Sur, Philippines",17.74277,120.47033,PLDT,37941,36139,37.94,36.14,10,3,1,2
"Arteche, Eastern Samar, Philippines",12.23046,125.33565,SpaceX Starlink,43371,19562,43.37,19.56,29,3,1,2
"Dipaculao, Aurora, Philippines",15.84995,121.5377,PLDT,66186,90341,66.19,90.34,21,3,2,3
"Banton, Romblon, Philippines",12.93143,122.07238,SpaceX Starlink,20931,22570,20.93,22.57,28,3,1,2
"Mallig, Isabela, Philippines",17.15803,121.61307,PLDT Home Fiber,20878,19586,20.88,19.59,14,3,2,3
"Guiuan, Eastern Samar, Philippines",10.79308,125.68607,Globe,51176,201624,51.18,201.62,18,3,2,2
"Maguing, Lanao del Sur, Philippines",7.90533,124.53068,PLDT,14870,18549,14.87,18.55,62,3,2,2
"Santo Domingo, Albay, Philippines",13.25265,123.76295,PLDT,193939,53499,193.94,53.50,15,3,2,3
"San Carlos City, Negros Occidental, Philippines",10.48344,123.30371,SpaceX Starlink,67277,45298,67.28,45.30,26,3,1,1
"Dolores, Eastern Samar, Philippines",12.10552,125.32468,SpaceX Starlink,131090,22068,131.09,22.07,34,3,1,2
"Tubungan, Iloilo, Philippines",10.80645,122.29941,PLDT Home Fiber,100140,94550,100.14,94.55,7,3,2,2
"Pangil, Laguna, Philippines",14.41772,121.48561,PLDT Home Fiber,164572,98248,164.57,98.25,24,3,2,3
"Don Carlos, Bukidnon, Philippines",7.67895,124.99652,Globe,187366,153511,187.37,153.51,17,3,2,2
"Malidegao, Cotabato, Philippines",7.12941,124.67431,Globe,368381,606017,368.38,606.02,7,3,1,1
"Bato, Camarines Sur, Philippines",13.31907,123.31494,PLDT Home Fiber,170964,190616,170.96,190.62,9,3,2,2
"Matnog, Sorsogon, Philippines",12.60511,124.04187,SpaceX Starlink,109301,36760,109.30,36.76,25,3,1,3
"Baao, Camarines Sur, Philippines",13.49319,123.35984,Converge,232821,243890,232.82,243.89,3,3,2,2
"Aguilar, Pangasinan, Philippines",15.84134,120.21665,Converge,245698,287943,245.70,287.94,6,3,1,2
"Indang, Cavite, Philippines",14.19204,120.87286,PLDT Home Fiber,30637,15473,30.64,15.47,26,3,2,2
"Hindang, Leyte, Philippines",10.44667,124.80722,PLDT Home Fiber,91248,88465,91.25,88.47,7,3,2,2
"Laoac, Pangasinan, Philippines",16.04341,120.53942,Converge,268405,178199,268.41,178.20,5,3,3,3
"Lambunao, Iloilo, Philippines",11.12265,122.37876,PLDT,29335,38480,29.34,38.48,8,3,1,1
"City of Borongan, Eastern Samar, Philippines",11.61739,125.34663,PLDT Home Fiber,89176,58327,89.18,58.33,10,3,1,2
"Candon City, Ilocos Sur, Philippines",17.19612,120.44729,Converge,98227,121317,98.23,121.32,6,3,1,2
"Badoc, Ilocos Norte, Philippines",17.92969,120.49336,Converge,346796,302393,346.80,302.39,8,3,1,2
"Bamban, Tarlac, Philippines",15.2885,120.57044,SpaceX Starlink,13562,15369,13.56,15.37,26,3,1,3
"Sigay, Ilocos Sur, Philippines",17.03398,120.59698,PLDT,10898,8365,10.90,8.37,73,3,1,1
"Rizal, Kalinga, Philippines",17.49297,121.60549,Converge,170091,302104,170.09,302.10,9,3,1,1
"Hilongos, Leyte, Philippines",10.39469,124.84034,PLDT,4777,4804,4.78,4.80,9,3,1,2
"Buguias, Benguet, Philippines",16.74318,120.82692,Converge,49268,26355,49.27,26.36,5,3,1,2
"Mercedes, Camarines Norte, Philippines",13.90012,123.06765,Converge,21654,2192,21.65,2.19,19,3,2,3
"Tanauan City, Batangas, Philippines",14.08354,121.14762,SpaceX Starlink,20721,13089,20.72,13.09,25,3,1,2
"Barobo, Surigao del Sur, Philippines",8.52615,126.0676,Converge,260987,290545,260.99,290.55,4,3,1,1
"Rizal, Occidental Mindoro, Philippines",12.49396,121.01057,SpaceX Starlink,4843,4838,4.84,4.84,28,3,2,2
"La Trinidad, Benguet, Philippines",16.44844,120.59047,SpaceX Starlink,20405,26131,20.41,26.13,26,3,2,2
"Buenavista, Quezon, Philippines",13.72249,122.42407,Converge,41130,40211,41.13,40.21,8,3,2,2
"Pagsanghan, Samar, Philippines",11.96889,124.74646,PLDT,3254,3478,3.25,3.48,42,3,1,1
"Palauig, Zambales, Philippines",15.46513,120.13583,PLDT Home Fiber,316283,155118,316.28,155.12,9,3,2,3
"Burgos, Pangasinan, Philippines",16.04522,119.8468,PLDT Home Fiber,24275,28414,24.28,28.41,7,3,2,3
"Roxas City, Capiz, Philippines",11.55288,122.74072,SpaceX Starlink,22866,28351,22.87,28.35,27,3,3,3
"Mahayag, Zamboanga del Sur, Philippines",8.15835,123.41593,SpaceX Starlink,182019,18619,182.02,18.62,37,3,2,2
"Sultan Mastura, Maguindanao del Norte, Philippines",7.2986,124.25883,PLDT Home Fiber,17611,19694,17.61,19.69,14,3,1,3
"Dalaguete, Cebu, Philippines",9.78366,123.5056,Globe,167127,180170,167.13,180.17,9,3,2,2
"Cadiz City, Negros Occidental, Philippines",10.86192,123.23632,SpaceX Starlink,1910,1281,1.91,1.28,27,3,1,2
"San Miguel, Surigao del Sur, Philippines",8.88869,125.95878,SpaceX Starlink,127539,42909,127.54,42.91,41,3,1,1
"City of Tayabas, Quezon, Philippines",14.01135,121.55983,Globe,267205,187345,267.21,187.35,8,3,3,3
"Sipocot, Camarines Sur, Philippines",13.83785,123.01136,Converge,3029,3810,3.03,3.81,46,3,1,3
"Mercedes, Camarines Norte, Philippines",13.90012,123.06765,Globe,233163,256790,233.16,256.79,15,3,1,2
"Ramon Magsaysay (Liargo), Zamboanga del Sur, Philippines",8.00423,123.46077,Globe,135813,114606,135.81,114.61,12,3,1,1
"Calauag, Quezon, Philippines",14.11572,122.2427,PLDT,49361,123584,49.36,123.58,6,3,3,3
"Paglat, Maguindanao, Philippines",6.81652,124.79065,PLDT Home Fiber,157394,139320,157.39,139.32,10,3,2,2
"Lucban, Quezon, Philippines",14.1144,121.55472,PLDT,87625,88513,87.63,88.51,7,3,1,1
"Gainza, Camarines Sur, Philippines",13.61146,123.14078,PLDT Home Fiber,6422,5308,6.42,5.31,20,3,1,1
"Nagtipunan, Quirino, Philippines",16.15243,121.49132,PLDT,102212,103804,102.21,103.80,2,3,1,1
"San Isidro, Isabela, Philippines",16.74736,121.6169,PLDT Home Fiber,57386,166527,57.39,166.53,12,3,3,3
"Santa Ana, Cagayan, Philippines",18.36702,122.22001,Converge,55453,67776,55.45,67.78,12,3,2,2
"Abucay, Bataan, Philippines",14.73361,120.49336,Converge,180940,280559,180.94,280.56,6,3,2,2
"San Manuel, Pangasinan, Philippines",16.10561,120.67751,Converge,21092,19238,21.09,19.24,5,3,1,2
"Famy, Laguna, Philippines",14.4821,121.50274,Converge,40402,17376,40.40,17.38,16,3,1,2
"Naga, Cebu, Philippines",10.20764,123.75821,SpaceX Starlink,109460,16068,109.46,16.07,37,3,2,2
"Bilar, Bohol, Philippines",9.71375,124.13094,Globe,278212,311851,278.21,311.85,8,3,1,3
"Mariveles, Bataan, Philippines",14.4354,120.49003,Globe,57766,67977,57.77,67.98,10,3,2,2
"Guinobatan, Albay, Philippines",13.15419,123.55041,PLDT,236638,357758,236.64,357.76,6,3,2,3
"Urbiztondo, Pangasinan, Philippines",15.82012,120.35508,PLDT,51980,52396,51.98,52.40,8,3,2,2
"Getafe, Bohol, Philippines",10.1189,124.18657,SpaceX Starlink,147122,19431,147.12,19.43,45,3,1,1
"Sulop, Davao del Sur, Philippines",6.60727,125.3137,PLDT,33207,28910,33.21,28.91,27,3,2,3
"Lagawe, Ifugao, Philippines",16.80825,121.19395,PLDT Home Fiber,116574,327382,116.57,327.38,9,3,3,3
"Quezon, Philippines",14.06282,122.11783,PLDT,11496,77540,11.50,77.54,20,3,2,3
"Pasacao, Camarines Sur, Philippines",13.54666,123.0001,Converge,294810,227510,294.81,227.51,4,3,2,3
"Lobo, Batangas, Philippines",13.6877,121.23974,SpaceX Starlink,10574,8941,10.57,8.94,22,3,2,2
"Caoayan, Ilocos Sur, Philippines",17.53822,120.39543,Converge,55376,68585,55.38,68.59,7,3,1,1
"New Lucena, Iloilo, Philippines",10.87841,122.59781,PLDT Home Fiber,339041,390400,339.04,390.40,7,3,2,2
"Tarragona, Davao Oriental, Philippines",7.09696,126.39314,SpaceX Starlink,23960,32376,23.96,32.38,28,3,1,2
"Bais City, Negros Oriental, Philippines",9.56801,123.01136,PLDT Home Fiber,230030,552543,230.03,552.54,7,3,2,3
"Carcar, Cebu, Philippines",10.10478,123.64147,SpaceX Starlink,57552,13684,57.55,13.68,31,3,2,2
"Hinigaran, Negros Occidental, Philippines",10.27479,122.92123,Globe,37665,35337,37.67,35.34,6,3,2,3
"Bansud, Oriental Mindoro, Philippines",12.85267,121.37703,SpaceX Starlink,31730,17112,31.73,17.11,35,3,2,2
"Bamban, Tarlac, Philippines",15.2885,120.57044,Globe,29158,42760,29.16,42.76,2,3,1,3
"San Jose, Batangas, Philippines",13.87868,121.09942,Converge,30770,34797,30.77,34.80,3,3,1,3
"Castillejos, Zambales, Philippines",14.94382,120.19357,PLDT Home Fiber,298734,162846,298.73,162.85,10,3,2,3
"Lal-lo, Cagayan, Philippines",18.15767,121.87903,PLDT Home Fiber,51582,54392,51.58,54.39,12,3,2,3
"Baler, Aurora, Philippines",15.73361,121.57125,SpaceX Starlink,331036,22892,331.04,22.89,24,3,1,3
"Sindangan, Zamboanga del Norte, Philippines",8.19151,123.05639,PLDT,18399,17380,18.40,17.38,11,3,2,3
"Santiago, Ilocos Sur, Philippines",17.28073,120.44729,Globe,52590,50828,52.59,50.83,8,3,1,1
"Gamu, Isabela, Philippines",17.06905,121.85725,PLDT Home Fiber,76634,92694,76.63,92.69,16,3,1,2
"Don Marcelino, Davao Occidental, Philippines",6.1456,125.63142,PLDT Home Fiber,472306,422154,472.31,422.15,27,3,1,2
"Aliaga, Nueva Ecija, Philippines",15.51204,120.86138,Converge,263123,305377,263.12,305.38,4,3,1,3
"Ibajay, Aklan, Philippines",11.75186,122.18596,PLDT Home Fiber,151654,142474,151.65,142.47,13,3,3,3
"Mandaon, Masbate, Philippines",12.26921,123.32617,SpaceX Starlink,354,460,0.35,0.46,29,3,1,1
"Can-avid, Eastern Samar, Philippines",11.98886,125.32468,PLDT Home Fiber,8350,7022,8.35,7.02,9,3,1,2
"Capoocan, Leyte, Philippines",11.23208,124.61927,Converge,246575,314048,246.58,314.05,7,3,1,2
"Lagawe, Ifugao, Philippines",16.80825,121.19395,SpaceX Starlink,3101,1304,3.10,1.30,23,3,1,2
"Padre Burgos, Quezon, Philippines",13.91629,121.81546,SpaceX Starlink,137325,24358,137.33,24.36,20,3,1,1
"Ayungon, Negros Oriental, Philippines",9.87181,123.05639,PLDT Home Fiber,17196,46096,17.20,46.10,7,3,1,2
"Camalig, Albay, Philippines",13.14101,123.63996,Globe,46806,52527,46.81,52.53,24,3,1,2
"Loboc, Bohol, Philippines",9.64737,124.04187,SpaceX Starlink,10054,11748,10.05,11.75,36,3,2,3
"Bauko, Mountain Province, Philippines",16.98809,120.87286,PLDT,20239,46275,20.24,46.28,11,3,1,1
"Camaligan, Camarines Sur, Philippines",13.62825,123.16327,Converge,147166,151776,147.17,151.78,3,3,2,3
"Siquijor, Philippines",9.19621,123.53921,Globe,21058,4448,21.06,4.45,11,3,1,1
"Claveria, Misamis Oriental, Philippines",8.62972,124.90655,SpaceX Starlink,43324,20995,43.32,21.00,35,3,1,2
"Orion, Bataan, Philippines",14.61604,120.56431,Globe,311993,288603,311.99,288.60,9,3,1,2
"Bauko, Mountain Province, Philippines",16.98809,120.87286,PLDT Home Fiber,212237,189399,212.24,189.40,8,3,1,2
"Santa Ana, Cagayan, Philippines",18.36702,122.22001,PLDT Home Fiber,39750,44354,39.75,44.35,15,3,2,2
"Presentacion, Camarines Sur, Philippines",13.76858,123.72942,SpaceX Starlink,4276,4908,4.28,4.91,42,3,1,2
"Calbayog, Samar, Philippines",12.0685,124.59081,SpaceX Starlink,152880,26307,152.88,26.31,33,3,3,3
"Jamindan, Capiz, Philippines",11.39423,122.42407,PLDT Home Fiber,28842,22010,28.84,22.01,11,3,2,3
"Bagabag, Nueva Vizcaya, Philippines",16.58337,121.28552,PLDT Home Fiber,39525,46525,39.53,46.53,7,3,1,1
"Sarangani, Davao Occidental, Philippines",5.41372,125.40147,SpaceX Starlink,20907,19155,20.91,19.16,61,3,1,1
"Balamban, Cebu, Philippines",10.48585,123.77412,SpaceX Starlink,103065,34944,103.07,34.94,38,3,2,2
"Calaca, Batangas, Philippines",13.93129,120.80724,SpaceX Starlink,19697,10309,19.70,10.31,28,3,2,2
"Minalabac, Camarines Sur, Philippines",13.52836,123.19137,Converge,249166,288979,249.17,288.98,9,3,1,3
"Paluan, Occidental Mindoro, Philippines",13.41814,120.50488,SpaceX Starlink,14478,14548,14.48,14.55,26,3,2,3
"Delfin Albano, Isabela, Philippines",17.25925,121.74234,Converge,88860,34752,88.86,34.75,8,3,1,2
"Tumauini, Isabela, Philippines",17.27708,121.87903,Converge,133914,149345,133.91,149.35,10,3,1,1
"Wao, Lanao del Sur, Philippines",7.6676,124.70777,PLDT,4755,3331,4.76,3.33,13,3,3,3
"Catanauan, Quezon, Philippines",13.65447,122.33343,PLDT Home Fiber,13246,7870,13.25,7.87,13,3,1,2
"Bingawan, Iloilo, Philippines",11.16855,122.57121,PLDT Home Fiber,17129,19179,17.13,19.18,26,3,1,2
"Cauayan, Negros Occidental, Philippines",9.92601,122.5599,SpaceX Starlink,82522,29465,82.52,29.47,25,3,3,3
"Villaba, Leyte, Philippines",11.17773,124.44201,PLDT,20643,23534,20.64,23.53,10,3,1,1
"San Enrique, Iloilo, Philippines",11.10989,122.72943,PLDT,102424,138742,102.42,138.74,13,3,3,3
"Cortes, Bohol, Philippines",9.71134,123.89693,Converge,23739,26297,23.74,26.30,29,3,3,3
"Buhi, Camarines Sur, Philippines",13.40951,123.51681,PLDT,20781,32861,20.78,32.86,14,3,1,2
"Tupi, South Cotabato, Philippines",6.33849,124.97271,Converge,64961,70015,64.96,70.02,7,3,1,2
"Coron, Palawan, Philippines",12.0673,120.18202,Globe,40846,53577,40.85,53.58,13,3,2,3
"Libona, Bukidnon, Philippines",8.32895,124.75198,PLDT,32227,30030,32.23,30.03,11,3,2,2
"Santo Domingo, Nueva Ecija, Philippines",15.61284,120.88434,Converge,244769,190402,244.77,190.40,5,3,3,3
"Olongapo City, Zambales, Philippines",14.88739,120.36661,Globe,118991,105783,118.99,105.78,6,3,3,3
"Baras, Catanduanes, Philippines",13.69967,124.36434,SpaceX Starlink,8395,2750,8.40,2.75,36,3,1,1
"Lupon, Davao Oriental, Philippines",7.09663,126.19798,Globe,96319,96751,96.32,96.75,5,3,1,1
"Tubao, La Union, Philippines",16.35586,120.42424,PLDT Home Fiber,54548,56148,54.55,56.15,8,3,3,3
"Santo Tomas, La Union, Philippines",16.27532,120.40119,PLDT,31995,33776,32.00,33.78,4,3,1,2
"Sierra Bullones, Bohol, Philippines",9.78072,124.29772,PLDT Home Fiber,63414,86070,63.41,86.07,6,3,2,2
"Cabagan, Isabela, Philippines",17.36078,121.87903,Globe,59833,53015,59.83,53.02,13,3,2,2
"Del Gallego, Camarines Sur, Philippines",13.92587,122.69555,PLDT Home Fiber,10315,25689,10.32,25.69,40,3,1,1
"Bagac, Bataan, Philippines",14.63082,120.41272,PLDT Home Fiber,168661,122837,168.66,122.84,8,3,1,2
"Nagcarlan, Laguna, Philippines",14.14903,121.38847,Globe,111615,102209,111.62,102.21,7,3,1,1
"Paranas, Samar, Philippines",11.87482,125.17087,Globe,80500,81025,80.50,81.03,16,3,2,2
"Passi City, Iloilo, Philippines",11.1688,122.65035,Globe,76991,126615,76.99,126.62,8,3,3,3
"Dumangas, Iloilo, Philippines",10.82109,122.71167,Globe,352638,242685,352.64,242.69,4,3,1,2
"Indang, Cavite, Philippines",14.19204,120.87286,SpaceX Starlink,56112,10660,56.11,10.66,22,3,1,3
"Esperanza, Agusan del Sur, Philippines",8.6396,125.522,SpaceX Starlink,176969,22619,176.97,22.62,42,3,1,2
"San Miguel, Catanduanes, Philippines",13.68541,124.26439,SpaceX Starlink,53728,21276,53.73,21.28,30,3,1,2
"SJDM, Bulacan, Philippines",14.82867,121.04324,SpaceX Starlink,28394,11989,28.39,11.99,23,3,3,3
"Unisan, Quezon, Philippines",13.86351,122.01555,Converge,267662,257866,267.66,257.87,12,3,1,2
"Mataas Na Kahoy, Batangas, Philippines",13.97995,121.09656,Globe,189147,173176,189.15,173.18,10,3,2,2
"Balud, Masbate, Philippines",12.04326,123.23632,Converge,10679,57389,10.68,57.39,6,3,1,2
"New Bataan, Davao de Oro, Philippines",7.54452,126.21969,PLDT Home Fiber,137126,44218,137.13,44.22,19,3,1,1
"San Ildefonso, Ilocos Sur, Philippines",17.623,120.39543,Converge,96246,107633,96.25,107.63,10,3,2,2
"Candelaria, Zambales, Philippines",15.63998,120.08963,PLDT,108521,112347,108.52,112.35,64,3,1,2
"Santa Fe, Cebu, Philippines",11.16913,123.79088,SpaceX Starlink,44344,12820,44.34,12.82,34,3,2,3
"Compostela, Davao de Oro, Philippines",7.67742,126.15454,PLDT Home Fiber,144552,67758,144.55,67.76,9,3,1,3
"Lipa City, Batangas, Philippines",13.94047,121.19395,SpaceX Starlink,320840,23638,320.84,23.64,29,3,1,1
"Valencia City, Bukidnon, Philippines",7.86319,125.17087,PLDT,78904,101205,78.90,101.21,11,3,2,3
"Manapla, Negros Occidental, Philippines",10.95795,123.12428,Converge,41692,50896,41.69,50.90,40,3,1,3
"Pamplona, Cagayan, Philippines",18.42665,121.33129,PLDT Home Fiber,37288,59565,37.29,59.57,19,3,2,2
"Bais City, Negros Oriental, Philippines",9.56801,123.01136,SpaceX Starlink,40716,18923,40.72,18.92,28,3,1,1
"Abulug, Cagayan, Philippines",18.36771,121.42276,Converge,52535,60931,52.54,60.93,13,3,2,2
"City of El Salvador, Misamis Oriental, Philippines",8.47767,124.47527,Globe,58716,55410,58.72,55.41,8,3,2,2
"Baggao, Cagayan, Philippines",17.91424,121.94731,SpaceX Starlink,81259,24211,81.26,24.21,35,3,1,2
"Sumilao, Bukidnon, Philippines",8.2372,124.92861,Converge,259949,36169,259.95,36.17,12,3,3,3
"Maragusan (San Mariano), Davao de Oro, Philippines",7.33618,126.13281,SpaceX Starlink,3073,3252,3.07,3.25,55,3,1,2
"Danglas, Abra, Philippines",17.74496,120.643,Converge,194372,180478,194.37,180.48,9,3,1,1
"Asuncion (Saug), Davao del Norte, Philippines",7.60603,125.76252,PLDT,53251,50655,53.25,50.66,19,3,2,3
"Leganes, Iloilo, Philippines",10.78605,122.5888,Globe,90880,128225,90.88,128.23,16,3,2,2
"Milagros, Masbate, Philippines",12.24465,123.5056,PLDT,81235,4835,81.24,4.84,21,3,2,3
"Matag-ob, Leyte, Philippines",11.12491,124.47527,PLDT,17414,26914,17.41,26.91,7,3,2,2
"Maluso, Basilan, Philippines",6.53796,121.89041,SpaceX Starlink,121466,44912,121.47,44.91,12,3,1,1
"San Felipe, Zambales, Philippines",15.07931,120.12429,Globe,118994,105292,118.99,105.29,9,3,1,2
"Villanueva, Misamis Oriental, Philippines",8.57469,124.80722,PLDT Home Fiber,9124,8541,9.12,8.54,4,3,1,2
"Bato, Catanduanes, Philippines",13.60687,124.31993,SpaceX Starlink,21452,9864,21.45,9.86,68,3,2,2
"Don Carlos, Bukidnon, Philippines",7.67895,124.99652,PLDT Home Fiber,199315,65436,199.32,65.44,19,3,2,2
"Echague, Isabela, Philippines",16.66606,121.78792,Globe,208018,186747,208.02,186.75,7,3,2,2
"Bugallon, Pangasinan, Philippines",15.92022,120.18202,PLDT,119089,139283,119.09,139.28,8,3,2,2
"City of Cabadbaran, Agusan del Norte, Philippines",9.14092,125.697,SpaceX Starlink,119784,16265,119.78,16.27,39,3,2,2
"General Emilio Aguinaldo, Cavite, Philippines",14.19312,120.79246,Converge,213243,203685,213.24,203.69,6,3,2,3
"Surallah, South Cotabato, Philippines",6.3195,124.75198,PLDT,30981,33138,30.98,33.14,14,3,1,2
"Calabanga, Camarines Sur, Philippines",13.71633,123.28126,Converge,83134,54572,83.13,54.57,10,3,2,3
"Hilongos, Leyte, Philippines",10.39469,124.84034,SpaceX Starlink,230239,33137,230.24,33.14,33,3,1,1
"Madrid, Surigao del Sur, Philippines",9.21986,125.90431,Globe,122298,51520,122.30,51.52,11,3,1,2
"San Miguel, Catanduanes, Philippines",13.68541,124.26439,PLDT Home Fiber,48378,48332,48.38,48.33,12,3,1,2
"Lubao, Pampanga, Philippines",14.92678,120.58795,Globe,362369,336887,362.37,336.89,7,3,2,2
"Lian, Batangas, Philippines",14.00589,120.6545,SpaceX Starlink,3226,2830,3.23,2.83,27,3,1,2
"Balasan, Iloilo, Philippines",11.45927,123.09015,PLDT Home Fiber,2583,12181,2.58,12.18,10,3,1,1
"Pres. Carlos P. Garcia, Bohol, Philippines",10.09609,124.54176,PLDT,9581,20652,9.58,20.65,41,3,2,3
"Kasibu, Nueva Vizcaya, Philippines",16.36659,121.33129,Converge,143149,220910,143.15,220.91,8,3,2,2
"Dapitan City, Zamboanga del Norte, Philippines",8.58118,123.42714,PLDT,118308,160946,118.31,160.95,9,3,1,3
"Buruanga, Aklan, Philippines",11.82597,121.91318,PLDT,309489,234956,309.49,234.96,13,3,2,3
"Ormoc City, Leyte, Philippines",11.03843,124.61927,SpaceX Starlink,54282,26137,54.28,26.14,36,3,1,2
"Kitaotao, Bukidnon, Philippines",7.59444,125.10487,PLDT,91389,39885,91.39,39.89,19,3,2,2
"Libon, Albay, Philippines",13.26065,123.37106,Globe,146425,89456,146.43,89.46,13,3,3,3
"Mapandan, Pangasinan, Philippines",16.02726,120.45379,Globe,311073,307768,311.07,307.77,5,3,1,2
"Dueñas, Iloilo, Philippines",11.06582,122.61702,Globe,64993,83276,64.99,83.28,6,3,2,2
"Bobon, Northern Samar, Philippines",12.41622,124.53068,PLDT Home Fiber,611814,245559,611.81,245.56,16,3,2,3
"Aloguinsan, Cebu, Philippines",10.19171,123.56161,PLDT,59388,32436,59.39,32.44,13,3,2,2
"Mobo, Masbate, Philippines",12.33588,123.65879,Converge,99455,85709,99.46,85.71,5,3,2,3
"La Paz, Leyte, Philippines",10.88257,124.92861,PLDT,8768,9852,8.77,9.85,71,3,1,1
"Lupao, Nueva Ecija, Philippines",15.84768,120.91878,PLDT Home Fiber,97179,118352,97.18,118.35,11,3,2,3
"Nabunturan, Davao de Oro, Philippines",7.54501,126.02409,PLDT Home Fiber,21977,29692,21.98,29.69,24,3,2,3
"Mamburao, Occidental Mindoro, Philippines",13.27653,120.643,PLDT,38563,56131,38.56,56.13,15,3,1,1
"Bayabas, Surigao del Sur, Philippines",8.97615,126.25224,PLDT Home Fiber,191754,96424,191.75,96.42,9,3,1,2
"Laurel, Batangas, Philippines",14.05302,120.9073,SpaceX Starlink,81343,2272,81.34,2.27,26,3,1,1
"Siayan, Zamboanga del Norte, Philippines",8.25036,123.11407,SpaceX Starlink,21797,11439,21.80,11.44,44,3,1,1
"Luisiana, Laguna, Philippines",14.19077,121.52558,PLDT,152841,172197,152.84,172.20,27,3,2,3
"Dulag, Leyte, Philippines",10.95915,125.00577,PLDT Home Fiber,110169,145503,110.17,145.50,8,3,3,3
"Aritao, Nueva Vizcaya, Philippines",16.2515,121.01057,SpaceX Starlink,262163,21661,262.16,21.66,23,3,1,1
"Pontevedra, Capiz, Philippines",11.4285,122.86485,PLDT,25025,24036,25.03,24.04,11,3,3,3
"San Francisco (Aurora), Quezon, Philippines",13.29776,122.5599,PLDT,322248,192397,322.25,192.40,25,3,1,2
"Gandara, Samar, Philippines",12.06444,124.79617,SpaceX Starlink,88872,9636,88.87,9.64,36,3,1,1
"Sibonga, Cebu, Philippines",10.01547,123.584,SpaceX Starlink,268283,19453,268.28,19.45,31,3,1,2
"Jimenez, Misamis Occidental, Philippines",8.33504,123.83977,Globe,68637,43840,68.64,43.84,12,3,1,1
"Pagudpud, Ilocos Norte, Philippines",18.55216,120.87286,Converge,236562,22241,236.56,22.24,11,3,1,3
"Jamindan, Capiz, Philippines",11.39423,122.42407,SpaceX Starlink,288330,26926,288.33,26.93,36,3,1,1
"Paracale, Camarines Norte, Philippines",14.23721,122.78588,PLDT,87004,37307,87.00,37.31,11,3,3,3
"Dapitan City, Zamboanga del Norte, Philippines",8.58118,123.42714,SpaceX Starlink,26637,22734,26.64,22.73,49,3,1,2
"Tabuelan, Cebu, Philippines",10.85738,123.90809,Globe,59370,53037,59.37,53.04,5,3,1,2
"Antequera, Bohol, Philippines",9.78541,123.91925,PLDT,2937,17505,2.94,17.51,37,3,1,2
"Miagao, Iloilo, Philippines",10.64201,122.23632,Globe,320289,288693,320.29,288.69,3,3,1,2
"Cardona, Rizal, Philippines",14.48493,121.232,PLDT Home Fiber,193312,219665,193.31,219.67,4,3,1,2
"Lasam, Cagayan, Philippines",18.04769,121.55983,PLDT,87268,95194,87.27,95.19,13,3,2,3
"Dagohoy, Bohol, Philippines",9.89786,124.2755,PLDT,27102,29583,27.10,29.58,37,3,2,3
"Gabaldon (Bitulok & Sabani), Nueva Ecija, Philippines",15.51548,121.30841,PLDT Home Fiber,73492,52943,73.49,52.94,8,3,2,3
"Santander, Cebu, Philippines",9.44684,123.33739,Globe,300773,108890,300.77,108.89,7,3,2,3
"Ivisan, Capiz, Philippines",11.51048,122.68425,PLDT,22105,14142,22.11,14.14,11,3,3,3
"Don Marcelino, Davao Occidental, Philippines",6.1456,125.63142,PLDT,414163,354779,414.16,354.78,32,3,1,1
"Santa Ignacia, Tarlac, Philippines",15.61667,120.43556,PLDT Home Fiber,109309,116579,109.31,116.58,8,3,2,3
"Gutalac, Zamboanga del Norte, Philippines",7.95003,122.37876,PLDT Home Fiber,23387,5874,23.39,5.87,11,3,1,2
"Catarman, Northern Samar, Philippines",12.44271,124.61927,SpaceX Starlink,97,454,0.10,0.45,29,3,1,3
"Lakewood, Zamboanga del Sur, Philippines",7.88264,123.1464,PLDT,66318,36395,66.32,36.40,8,3,1,1
"Alubijid, Misamis Oriental, Philippines",8.53597,124.4531,Globe,228053,41350,228.05,41.35,8,3,1,1
"Balingasag, Misamis Oriental, Philippines",8.72993,124.84034,PLDT,37031,32244,37.03,32.24,3,3,1,3
"Carigara, Leyte, Philippines",11.25914,124.70777,Converge,449530,494363,449.53,494.36,7,3,1,2
"Ramon Magsaysay (Liargo), Zamboanga del Sur, Philippines",8.00423,123.46077,PLDT Home Fiber,49467,53869,49.47,53.87,5,3,2,3
"Balilihan, Bohol, Philippines",9.76704,123.9973,Converge,446573,459813,446.57,459.81,4,3,1,3
"Parang, Maguindanao, Philippines",7.34766,124.2755,SpaceX Starlink,44009,9151,44.01,9.15,46,3,3,3
"Calauag, Quezon, Philippines",14.11572,122.2427,Converge,83393,92300,83.39,92.30,8,3,2,3
"Capoocan, Leyte, Philippines",11.23208,124.61927,PLDT Home Fiber,189801,140852,189.80,140.85,6,3,2,2
"Aroroy, Masbate, Philippines",12.38843,123.32617,SpaceX Starlink,45387,22573,45.39,22.57,30,3,2,2
"Bulalacao (San Pedro), Oriental Mindoro, Philippines",12.39526,121.30841,SpaceX Starlink,84451,11574,84.45,11.57,29,3,2,2
"San Jose, Dinagat Islands, Philippines",10.01955,125.57603,SpaceX Starlink,35871,9445,35.87,9.45,37,3,2,3
"San Mateo, Isabela, Philippines",16.87673,121.59408,Globe,48102,51479,48.10,51.48,16,3,1,3
"Puerto Galera, Oriental Mindoro, Philippines",13.44475,120.91878,PLDT Home Fiber,75196,52314,75.20,52.31,38,3,2,3
"Loreto, Agusan del Sur, Philippines",8.14642,125.65328,PLDT,5601,4707,5.60,4.71,16,3,1,1
"Santa Ignacia, Tarlac, Philippines",15.61667,120.43556,PLDT,21044,7431,21.04,7.43,5,3,3,3
"Bayog, Zamboanga del Sur, Philippines",7.8946,123.01136,PLDT,21928,25063,21.93,25.06,6,3,1,2
"Magsingal, Ilocos Sur, Philippines",17.6831,120.44729,Globe,90828,82476,90.83,82.48,7,3,2,2
"Guipos, Zamboanga del Sur, Philippines",7.74619,123.31494,PLDT,73737,96205,73.74,96.21,11,3,1,2
"Solana, Cagayan, Philippines",17.65284,121.65113,PLDT Home Fiber,112370,150262,112.37,150.26,13,3,2,3
"Aurora, Zamboanga del Sur, Philippines",7.95458,123.59519,Globe,83704,77667,83.70,77.67,10,3,1,2
"San Fernando, Romblon, Philippines",12.30382,122.6014,SpaceX Starlink,158019,25261,158.02,25.26,30,3,2,2
"Tabango, Leyte, Philippines",11.339,124.39764,Globe,203620,301236,203.62,301.24,8,3,2,2
"Unisan, Quezon, Philippines",13.86351,122.01555,SpaceX Starlink,8822,8405,8.82,8.41,29,3,1,2
"City of Tabuk, Kalinga, Philippines",17.42402,121.3999,Globe,123574,107811,123.57,107.81,10,3,1,1
"La Paz, Abra, Philippines",17.64773,120.6545,Converge,94927,124303,94.93,124.30,8,3,2,2
"Binmaley, Pangasinan, Philippines",16.02892,120.26882,PLDT,57821,65322,57.82,65.32,9,3,2,3
"Padada, Davao del Sur, Philippines",6.6593,125.33565,Converge,15512,18505,15.51,18.51,5,3,2,2
"Panay, Capiz, Philippines",11.54148,122.83102,PLDT,94144,34061,94.14,34.06,12,3,1,2
"Carmen, Agusan del Norte, Philippines",8.9574,125.24781,Converge,150508,162999,150.51,163.00,26,3,3,3
"Gitagum, Misamis Oriental, Philippines",8.56139,124.38654,PLDT Home Fiber,90859,142904,90.86,142.90,3,3,2,2
"Santa Maria, Bulacan, Philippines",14.82898,120.97616,SpaceX Starlink,54843,30502,54.84,30.50,37,3,1,1
"Lakewood, Zamboanga del Sur, Philippines",7.88264,123.1464,PLDT Home Fiber,5421,13940,5.42,13.94,6,3,1,1
"Laurel, Batangas, Philippines",14.05302,120.9073,PLDT Home Fiber,240736,259980,240.74,259.98,6,3,1,2
"Bugasong, Antique, Philippines",11.10163,122.14054,PLDT Home Fiber,250935,666552,250.94,666.55,8,3,2,3
"Sergio Osmena Sr., Zamboanga del Norte, Philippines",8.30009,123.5059,PLDT,10661,20171,10.66,20.17,30,3,1,2
"Maragondon, Cavite, Philippines",14.22356,120.7235,PLDT,91568,131298,91.57,131.30,8,3,3,3
"M'lang, Cotabato, Philippines",6.93822,124.90655,Globe,123027,238296,123.03,238.30,8,3,1,3
"Cabagan, Isabela, Philippines",17.36078,121.87903,PLDT,31450,38264,31.45,38.26,13,3,1,2
"Kabankalan City, Negros Occidental, Philippines",9.91341,122.85358,SpaceX Starlink,4850,143,4.85,0.14,29,3,1,2
"Basilisa (Rizal), Dinagat Islands, Philippines",10.10385,125.57673,PLDT Home Fiber,3877,3757,3.88,3.76,29,3,1,1
"Surallah, South Cotabato, Philippines",6.3195,124.75198,SpaceX Starlink,195207,1941,195.21,1.94,46,3,1,1
"Cabatuan, Isabela, Philippines",16.92776,121.66253,PLDT Home Fiber,232208,121861,232.21,121.86,11,3,2,3
"Balungao, Pangasinan, Philippines",15.88371,120.68901,PLDT,59296,56853,59.30,56.85,15,3,1,1
"Labo, Camarines Norte, Philippines",14.13903,122.7633,SpaceX Starlink,38925,36513,38.93,36.51,18,3,1,2
"San Jose, Occidental Mindoro, Philippines",12.40119,121.10229,Globe,184322,253408,184.32,253.41,9,3,2,3
"Tolosa, Leyte, Philippines",11.03883,125.02229,PLDT,151537,7510,151.54,7.51,33,3,1,2
"Bokod, Benguet, Philippines",16.45641,120.78097,SpaceX Starlink,119256,29988,119.26,29.99,20,3,1,1
"General Luna, Quezon, Philippines",13.69977,122.23135,Converge,11390,21748,11.39,21.75,10,3,2,2
"Victoria, Tarlac, Philippines",15.59077,120.68901,PLDT,32086,138787,32.09,138.79,15,3,1,1
"Magallanes, Agusan del Norte, Philippines",9.01943,125.53295,PLDT,49607,90571,49.61,90.57,14,3,1,2
"Imus, Cavite, Philippines",14.42764,120.93724,SpaceX Starlink,81538,9135,81.54,9.14,27,3,2,3
"Tigaon, Camarines Sur, Philippines",13.61703,123.47198,PLDT,7720,7721,7.72,7.72,39,3,1,1
"Cabuyao City, Laguna, Philippines",14.27433,121.11961,SpaceX Starlink,110640,15141,110.64,15.14,21,3,1,3
"San Antonio, Northern Samar, Philippines",12.41097,124.25883,PLDT,16136,10615,16.14,10.62,75,3,1,1
"Moalboal, Cebu, Philippines",9.93681,123.42714,PLDT,4532,4300,4.53,4.30,7,3,1,3
"Panay, Capiz, Philippines",11.54148,122.83102,Globe,119440,129234,119.44,129.23,15,3,3,3
"Tubao, La Union, Philippines",16.35586,120.42424,Converge,184597,278169,184.60,278.17,2,3,2,3
"Palo, Leyte, Philippines",11.15847,124.99191,Converge,155713,244999,155.71,245.00,16,3,2,2
"Bangued, Abra, Philippines",17.58818,120.63149,SpaceX Starlink,110907,21539,110.91,21.54,27,3,3,3
"Real, Quezon, Philippines",14.54569,121.55983,Converge,4719,2763,4.72,2.76,12,3,1,2
"Maddela, Quirino, Philippines",16.33255,121.78792,PLDT Home Fiber,150258,143813,150.26,143.81,14,3,1,1
"Tukuran, Zamboanga del Sur, Philippines",7.91295,123.53921,Globe,184737,169689,184.74,169.69,7,3,2,2
"Floridablanca, Pampanga, Philippines",14.9619,120.49471,Globe,89993,80080,89.99,80.08,6,3,2,2
"Vigan City, Ilocos Sur, Philippines",17.56485,120.38781,Globe,124546,117053,124.55,117.05,7,3,2,3
"Sogod, Cebu, Philippines",10.77419,123.9527,PLDT Home Fiber,4548,27360,4.55,27.36,45,3,2,2
"Alimodian, Iloilo, Philippines",10.85495,122.39009,SpaceX Starlink,226874,30236,226.87,30.24,21,3,1,2
"Tubajon, Dinagat Islands, Philippines",10.2744,125.57673,SpaceX Starlink,57854,9867,57.85,9.87,36,3,2,2
"Mercedes, Camarines Norte, Philippines",13.90012,123.06765,SpaceX Starlink,17557,13038,17.56,13.04,22,3,1,1
"Pitogo, Quezon, Philippines",13.80951,122.10647,PLDT Home Fiber,632541,524885,632.54,524.89,1,3,1,1
"Santa Elena, Camarines Norte, Philippines",14.13615,122.37876,PLDT,38937,64677,38.94,64.68,12,3,2,3
"Moises Padilla, Negros Occidental, Philippines",10.26269,123.11266,PLDT,199955,204856,199.96,204.86,4,3,1,2
"Bombon, Camarines Sur, Philippines",13.68199,123.20823,PLDT Home Fiber,98270,61151,98.27,61.15,8,3,1,2
"Bangui, Ilocos Norte, Philippines",18.49205,120.735,Converge,95808,42898,95.81,42.90,11,3,3,3
"Miagao, Iloilo, Philippines",10.64201,122.23632,SpaceX Starlink,11073,4925,11.07,4.93,327,3,1,1
"Manaoag, Pangasinan, Philippines",16.04627,120.4876,SpaceX Starlink,37127,16718,37.13,16.72,22,3,1,1
"Baao, Camarines Sur, Philippines",13.49319,123.35984,PLDT Home Fiber,294199,164839,294.20,164.84,6,3,1,1
"Jones, Isabela, Philippines",16.58262,121.78792,Converge,31564,13798,31.56,13.80,11,3,2,2
"Sual, Pangasinan, Philippines",16.06783,120.04341,PLDT,340769,480142,340.77,480.14,10,2,1,2
"Mabinay, Negros Oriental, Philippines",9.67161,122.94377,Globe,361837,304752,361.84,304.75,5,2,1,1
"Carmen, Cebu, Philippines",10.58876,123.96385,Converge,49304,39350,49.30,39.35,4,2,1,2
"Damulog, Bukidnon, Philippines",7.4602,124.97271,PLDT,76083,87468,76.08,87.47,10,2,2,2
"Busuanga, Palawan, Philippines",12.17628,119.95093,SpaceX Starlink,29594,30280,29.59,30.28,25,2,1,1
"Dinas, Zamboanga del Sur, Philippines",7.64262,123.32617,SpaceX Starlink,94345,15990,94.35,15.99,69,2,1,1
"Pidigan, Abra, Philippines",17.53644,120.56245,PLDT Home Fiber,331259,184861,331.26,184.86,9,2,2,2
"General Nakar, Quezon, Philippines",14.90678,121.49132,PLDT,91095,81966,91.10,81.97,15,2,2,2
"Enrique B. Magalona, Negros Occidental, Philippines",10.87695,122.98281,Globe,49884,8975,49.88,8.98,9,2,1,1
"Alubijid, Misamis Oriental, Philippines",8.53597,124.4531,PLDT Home Fiber,67539,67955,67.54,67.96,4,2,2,2
"Katipunan, Zamboanga del Norte, Philippines",8.39688,123.28126,PLDT,103487,92309,103.49,92.31,7,2,2,2
"Santa Rita, Samar, Philippines",11.45005,125.01679,SpaceX Starlink,464,454,0.46,0.45,33,2,1,1
"Upi, Maguindanao del Norte, Philippines",6.997,124.19769,SpaceX Starlink,129432,25266,129.43,25.27,34,2,1,1
"Lutayan, Sultan Kudarat, Philippines",6.59679,124.88449,PLDT Home Fiber,11516,11490,11.52,11.49,45,2,1,1
"San Mateo, Isabela, Philippines",16.87673,121.59408,PLDT,7327,9073,7.33,9.07,39,2,1,1
"Imelda, Zamboanga Sibugay, Philippines",7.62787,122.95503,Globe,36491,29187,36.49,29.19,7,2,1,2
"Calauan, Laguna, Philippines",14.14551,121.3146,PLDT,558735,189044,558.74,189.04,7,2,1,2
"Kalayaan, Laguna, Philippines",14.32356,121.47757,PLDT,288133,276021,288.13,276.02,4,2,1,1
"Libmanan, Camarines Sur, Philippines",13.69376,123.05982,Globe,146798,22592,146.80,22.59,14,2,1,1
"Barbaza, Antique, Philippines",11.26873,122.1519,PLDT,54714,76986,54.71,76.99,14,2,1,1
"Tuburan, Cebu, Philippines",10.66879,123.86345,SpaceX Starlink,30643,7470,30.64,7.47,40,2,1,1
"Mabitac, Laguna, Philippines",14.43383,121.41133,Converge,102751,101914,102.75,101.91,1,2,1,2
"Barira, Maguindanao, Philippines",7.45408,124.31993,SpaceX Starlink,9347,6018,9.35,6.02,37,2,1,1
"Roxas, Isabela, Philippines",17.12035,121.61915,PLDT,20422,2520,20.42,2.52,13,2,1,2
"San Pablo, Isabela, Philippines",17.47886,122.03829,Converge,454431,457328,454.43,457.33,19,2,1,2
"Tagudin, Ilocos Sur, Philippines",16.93875,120.47033,Globe,148283,155195,148.28,155.20,5,2,2,2
"Pinukpuk, Kalinga, Philippines",17.60829,121.30841,Converge,20688,24190,20.69,24.19,21,2,1,1
"Piddig, Ilocos Norte, Philippines",18.18694,120.78097,Converge,244884,276510,244.88,276.51,8,2,1,1
"Garcia Hernandez, Bohol, Philippines",9.66884,124.2755,PLDT Home Fiber,188202,253656,188.20,253.66,6,2,1,1
"Basilisa (Rizal), Dinagat Islands, Philippines",10.10385,125.57673,Globe,15294,6983,15.29,6.98,66,2,1,1
"Benito Soliven, Isabela, Philippines",16.93475,121.92456,PLDT,44561,62935,44.56,62.94,12,2,2,2
"Santa Fe, Nueva Vizcaya, Philippines",16.18249,120.91878,Converge,47428,80353,47.43,80.35,10,2,2,2
"Agoncillo, Batangas, Philippines",13.94675,120.93026,PLDT,110345,258628,110.35,258.63,6,2,2,2
"Cabatuan, Isabela, Philippines",16.92776,121.66253,Converge,130628,151719,130.63,151.72,7,2,1,2
"Bulalacao (San Pedro), Oriental Mindoro, Philippines",12.39526,121.30841,PLDT,67077,42496,67.08,42.50,12,2,1,2
"Burgos, Isabela, Philippines",17.09164,121.70272,PLDT,18859,18964,18.86,18.96,11,2,1,2
"Buenavista, Quezon, Philippines",13.72249,122.42407,PLDT Home Fiber,148584,155034,148.58,155.03,11,2,2,2
"Famy, Laguna, Philippines",14.4821,121.50274,PLDT Home Fiber,57147,58475,57.15,58.48,8,2,1,2
"Dolores, Eastern Samar, Philippines",12.10552,125.32468,Globe,225998,202853,226.00,202.85,25,2,1,1
"Subic, Zambales, Philippines",14.83066,120.18202,Globe,167535,179028,167.54,179.03,7,2,2,2
"Badian, Cebu, Philippines",9.83209,123.41593,Globe,31364,37687,31.36,37.69,7,2,2,2
"Lumban, Laguna, Philippines",14.29353,121.52558,PLDT Home Fiber,280876,238044,280.88,238.04,9,2,1,1
"Mankayan, Benguet, Philippines",16.87703,120.78097,SpaceX Starlink,494,323,0.49,0.32,24,2,1,1
"Lutayan, Sultan Kudarat, Philippines",6.59679,124.88449,SpaceX Starlink,168714,16309,168.71,16.31,35,2,1,1
"Bolinao, Pangasinan, Philippines",16.30742,119.85838,PLDT,76037,69180,76.04,69.18,12,2,1,1
"Clarin, Bohol, Philippines",9.94519,124.03072,PLDT Home Fiber,105744,166735,105.74,166.74,6,2,2,2
"Sibutad, Zamboanga del Norte, Philippines",8.61241,123.4944,PLDT Home Fiber,200151,231345,200.15,231.35,9,2,1,2
"Diplahan, Zamboanga Sibugay, Philippines",7.74854,122.9663,SpaceX Starlink,118944,21624,118.94,21.62,42,2,1,2
"Dingle, Iloilo, Philippines",10.9991,122.67043,Converge,36611,37266,36.61,37.27,10,2,1,1
"Buruanga, Aklan, Philippines",11.82597,121.91318,SpaceX Starlink,858,126,0.86,0.13,47,2,1,2
"Magsingal, Ilocos Sur, Philippines",17.6831,120.44729,Converge,205652,208369,205.65,208.37,12,2,2,2
"Bayog, Zamboanga del Sur, Philippines",7.8946,123.01136,PLDT Home Fiber,19434,7114,19.43,7.11,44,2,1,2
"Kananga, Leyte, Philippines",11.16036,124.57499,SpaceX Starlink,196847,33863,196.85,33.86,24,2,1,2
"Pinamungahan, Cebu, Philippines",10.26958,123.63996,Globe,114769,103332,114.77,103.33,8,2,1,2
"Banga, South Cotabato, Philippines",6.38791,124.79617,PLDT,27460,36502,27.46,36.50,10,2,2,2
"Candon City, Ilocos Sur, Philippines",17.19612,120.44729,Globe,259405,300961,259.41,300.96,7,2,2,2
"Mondragon, Northern Samar, Philippines",12.41696,124.79617,PLDT,10448,4261,10.45,4.26,18,2,1,2
"Allen, Northern Samar, Philippines",12.49588,124.31993,Globe,222620,211905,222.62,211.91,22,2,2,2
"Pagbilao, Quezon, Philippines",13.99683,121.73095,PLDT,94557,94803,94.56,94.80,3,2,1,2
"Tagoloan, Misamis Oriental, Philippines",8.51877,124.80722,Globe,3727,4031,3.73,4.03,11,2,1,1
"Balayan, Batangas, Philippines",13.94995,120.72973,SpaceX Starlink,56062,19990,56.06,19.99,23,2,1,1
"Magdalena, Laguna, Philippines",14.20408,121.43419,Converge,449928,453035,449.93,453.04,9,2,1,2
"Atimonan, Quezon, Philippines",13.96507,121.87903,Globe,472604,360735,472.60,360.74,12,2,2,2
"Bobon, Northern Samar, Philippines",12.41622,124.53068,PLDT,49152,55744,49.15,55.74,20,2,2,2
"Taytay, Palawan, Philippines",10.66876,119.46436,PLDT,4236,4497,4.24,4.50,19,2,2,2
"Sanchez-Mira, Cagayan, Philippines",18.53628,121.19395,Converge,226003,244310,226.00,244.31,11,2,2,2
"San Teodoro, Oriental Mindoro, Philippines",13.3156,120.96469,PLDT Home Fiber,185576,149286,185.58,149.29,3,2,1,1
"Lagonoy, Camarines Sur, Philippines",13.86688,123.48319,PLDT Home Fiber,518734,326432,518.73,326.43,131,2,1,2
"Esperanza, Masbate, Philippines",11.8112,124.00844,SpaceX Starlink,48848,10112,48.85,10.11,35,2,1,1
"San Isidro, Davao Oriental, Philippines",6.78235,126.11108,PLDT,20630,21225,20.63,21.23,12,2,2,2
"Bontoc, Mountain Province, Philippines",17.09126,121.01057,PLDT,4825,4792,4.83,4.79,10,2,1,1
"Buguey, Cagayan, Philippines",18.25855,121.78792,PLDT,116310,100265,116.31,100.27,15,2,1,1
"Cataingan, Masbate, Philippines",11.98588,123.9527,SpaceX Starlink,4351,4061,4.35,4.06,24,2,1,2
"Alburquerque, Bohol, Philippines",9.62742,123.96385,Globe,105783,82858,105.78,82.86,5,2,1,1
"Calatrava, Negros Occidental, Philippines",10.62843,123.39349,Converge,3038,8093,3.04,8.09,17,2,1,1
"Tayug, Pangasinan, Philippines",16.01085,120.74649,Converge,157103,171963,157.10,171.96,5,2,2,2
"Dapitan City, Zamboanga del Norte, Philippines",8.58118,123.42714,Globe,165163,45497,165.16,45.50,10,2,1,1
"Bacong, Negros Oriental, Philippines",9.24338,123.27003,PLDT,258007,333739,258.01,333.74,7,2,1,1
"Cajidiocan, Romblon, Philippines",12.40062,122.65035,SpaceX Starlink,20945,27522,20.95,27.52,85,2,1,1
"Leon B. Postigo (Bacungan), Zamboanga del Norte, Philippines",8.06985,122.94377,PLDT Home Fiber,81600,286598,81.60,286.60,22,2,1,1
"Hagonoy, Bulacan, Philippines",14.83564,120.73371,Globe,573897,451536,573.90,451.54,7,2,1,2
"Apalit, Pampanga, Philippines",14.95255,120.76688,Globe,282018,451624,282.02,451.62,10,2,1,1
"Naujan, Oriental Mindoro, Philippines",13.24381,121.19395,Converge,2984,1950,2.98,1.95,8,2,1,2
"Licuan-baay, Abra, Philippines",17.57854,120.87286,SpaceX Starlink,80580,31466,80.58,31.47,28,2,1,1
"San Antonio, Northern Samar, Philippines",12.41097,124.25883,PLDT Home Fiber,1768,1365,1.77,1.37,116,2,1,1
"Buug, Zamboanga Sibugay, Philippines",7.74072,123.05639,PLDT,217729,324257,217.73,324.26,9,2,1,1
"General Macarthur, Eastern Samar, Philippines",11.26828,125.5001,Globe,86772,79720,86.77,79.72,25,2,2,2
"Dauis, Bohol, Philippines",9.60401,123.82996,Globe,82284,34228,82.28,34.23,13,2,1,2
"San Narciso, Quezon, Philippines",13.49997,122.5599,SpaceX Starlink,14144,13457,14.14,13.46,38,2,1,2
"Lebak, Sultan Kudarat, Philippines",6.63314,124.06624,SpaceX Starlink,13634,971,13.63,0.97,40,2,1,2
"Initao, Misamis Oriental, Philippines",8.49098,124.34214,PLDT Home Fiber,57732,58530,57.73,58.53,7,2,1,1
"Camaligan, Camarines Sur, Philippines",13.62825,123.16327,Globe,179838,218438,179.84,218.44,12,2,2,2
"Camiling, Tarlac, Philippines",15.67495,120.41272,SpaceX Starlink,195598,22411,195.60,22.41,21,2,1,2
"Santa Teresita, Batangas, Philippines",13.88153,120.97329,PLDT Home Fiber,84844,21073,84.84,21.07,6,2,1,2
"Lumban, Laguna, Philippines",14.29353,121.52558,SpaceX Starlink,337780,46520,337.78,46.52,18,2,1,2
"Milaor, Camarines Sur, Philippines",13.59634,123.17451,SpaceX Starlink,299136,37434,299.14,37.43,20,2,1,1
"Roseller T. Lim, Zamboanga Sibugay, Philippines",7.71985,122.42407,SpaceX Starlink,30514,4904,30.51,4.90,40,2,1,2
"Ayungon, Negros Oriental, Philippines",9.87181,123.05639,Globe,132000,159854,132.00,159.85,27,2,2,2
"Zaragoza, Nueva Ecija, Philippines",15.46003,120.79246,Converge,98133,117295,98.13,117.30,6,2,2,2
"Bantay, Ilocos Sur, Philippines",17.59832,120.44729,Globe,90872,78141,90.87,78.14,7,2,2,2
"San Luis, Aurora, Philippines",15.63572,121.46847,PLDT Home Fiber,165481,178505,165.48,178.51,16,2,2,2
"Luna, La Union, Philippines",16.83085,120.35508,PLDT,46790,95921,46.79,95.92,2,2,1,1
"Caba, La Union, Philippines",16.44743,120.37814,PLDT Home Fiber,487787,755992,487.79,755.99,4,2,1,1
"Lugait, Misamis Oriental, Philippines",8.34801,124.2755,PLDT Home Fiber,980,379,0.98,0.38,11,2,1,1
"Pamplona, Camarines Sur, Philippines",13.59715,123.06765,PLDT,12964,21753,12.96,21.75,11,2,1,1
"La Paz, Abra, Philippines",17.64773,120.6545,PLDT Home Fiber,256894,186969,256.89,186.97,11,2,1,1
"Santa Cruz, Zambales, Philippines",15.77308,120.04341,PLDT Home Fiber,290482,180449,290.48,180.45,11,2,2,2
"San Gabriel, La Union, Philippines",16.66943,120.50488,Converge,76075,93778,76.08,93.78,3,2,1,1
"Bula, Camarines Sur, Philippines",13.44119,123.23632,Converge,97019,96353,97.02,96.35,11,2,1,1
"Dimiao, Bohol, Philippines",9.64571,124.14207,PLDT,14865,17804,14.87,17.80,3,2,2,2
"Pitogo, Zamboanga del Sur, Philippines",7.44633,123.33739,SpaceX Starlink,3766,3798,3.77,3.80,55,2,1,1
"Butuan City, Agusan del Norte, Philippines",8.94753,125.54063,SpaceX Starlink,186889,17773,186.89,17.77,34,2,1,1
"Alubijid, Misamis Oriental, Philippines",8.53597,124.4531,SpaceX Starlink,195806,7283,195.81,7.28,39,2,1,1
"San Manuel, Pangasinan, Philippines",16.10561,120.67751,SpaceX Starlink,199215,42281,199.22,42.28,21,2,1,1
"Pangil, Laguna, Philippines",14.41772,121.48561,SpaceX Starlink,6866,8632,6.87,8.63,22,2,1,2
"Jiabong, Samar, Philippines",11.85573,124.96169,Globe,174238,223005,174.24,223.01,13,2,1,1
"Maria Aurora, Aurora, Philippines",15.75061,121.3999,Converge,35954,30406,35.95,30.41,15,2,1,1
"Batuan, Bohol, Philippines",9.80099,124.11981,Globe,164983,169712,164.98,169.71,5,2,1,1
"City of Cabadbaran, Agusan del Norte, Philippines",9.14092,125.697,Converge,320323,372756,320.32,372.76,11,2,1,1
"San Remigio, Cebu, Philippines",10.9601,123.94155,Globe,305373,325110,305.37,325.11,5,2,1,1
"Binalonan, Pangasinan, Philippines",16.05355,120.60848,Globe,56775,51653,56.78,51.65,5,2,1,2
"City of Cabadbaran, Agusan del Norte, Philippines",9.14092,125.697,PLDT,2924,276,2.92,0.28,5,2,1,1
"Lezo, Aklan, Philippines",11.67502,122.32209,PLDT Home Fiber,42685,52888,42.69,52.89,16,2,1,2
"Ternate, Cavite, Philippines",14.25401,120.6545,PLDT Home Fiber,119726,156250,119.73,156.25,4,2,2,2
"Jaro, Leyte, Philippines",11.17583,124.75198,Globe,112379,97771,112.38,97.77,11,2,1,2
"Mayantoc, Tarlac, Philippines",15.5632,120.32049,PLDT Home Fiber,324145,211675,324.15,211.68,6,2,1,1
"Dumanjug, Cebu, Philippines",10.02819,123.47198,Globe,257046,193310,257.05,193.31,8,2,1,2
"San Policarpo, Eastern Samar, Philippines",12.203,125.45628,PLDT Home Fiber,18854,19384,18.85,19.38,12,2,1,1
"Payao, Zamboanga Sibugay, Philippines",7.61035,122.83102,PLDT,43503,23932,43.50,23.93,4,2,1,2
"Pinamalayan, Oriental Mindoro, Philippines",13.01533,121.37703,PLDT,80831,79432,80.83,79.43,10,2,1,1
"Paranas, Samar, Philippines",11.87482,125.17087,PLDT Home Fiber,62335,218715,62.34,218.72,13,2,1,1
"Santiago, Ilocos Sur, Philippines",17.28073,120.44729,PLDT Home Fiber,51520,53054,51.52,53.05,13,2,1,1
"Remedios T. Romualdez, Agusan del Norte, Philippines",9.06074,125.66422,Converge,302977,313320,302.98,313.32,11,2,1,2
"Magsaysay (Linugos), Misamis Oriental, Philippines",8.96217,125.20386,Converge,24711,14300,24.71,14.30,10,2,1,2
"Padada, Davao del Sur, Philippines",6.6593,125.33565,Globe,209511,299448,209.51,299.45,6,2,1,1
"Lila, Bohol, Philippines",9.61254,124.09755,PLDT Home Fiber,161533,145177,161.53,145.18,4,2,1,1
"Santo Tomas, Pangasinan, Philippines",15.86586,120.5682,Converge,34333,19212,34.33,19.21,5,2,1,1
"Jaro, Leyte, Philippines",11.17583,124.75198,PLDT,18715,10,18.72,0.01,5,2,1,1
"Bula, Camarines Sur, Philippines",13.44119,123.23632,Globe,46838,41745,46.84,41.75,12,2,1,1
"Nabunturan, Davao de Oro, Philippines",7.54501,126.02409,Converge,246727,198791,246.73,198.79,4,2,1,1
"Maigo, Lanao del Norte, Philippines",8.11443,123.98615,PLDT Home Fiber,325323,208685,325.32,208.69,5,2,1,1
"City of Tabuk, Kalinga, Philippines",17.42402,121.3999,PLDT,16460,5018,16.46,5.02,23,2,1,2
"San Mateo, Isabela, Philippines",16.87673,121.59408,Converge,123010,107880,123.01,107.88,8,2,2,2
"Iguig, Cagayan, Philippines",17.74995,121.75374,PLDT,321136,191732,321.14,191.73,9,2,1,2
"Lal-lo, Cagayan, Philippines",18.15767,121.87903,SpaceX Starlink,69562,9026,69.56,9.03,32,2,1,1
"Polanco, Zamboanga del Norte, Philippines",8.49106,123.38228,SpaceX Starlink,25415,22404,25.42,22.40,37,2,2,2
"Caoayan, Ilocos Sur, Philippines",17.53822,120.39543,PLDT Home Fiber,9787,21287,9.79,21.29,8,2,1,1
"Santa Teresita, Batangas, Philippines",13.88153,120.97329,Converge,79348,105293,79.35,105.29,7,2,1,2
"Nabua, Camarines Sur, Philippines",13.4069,123.37324,Globe,257372,288165,257.37,288.17,14,2,1,1
"San Antonio, Zambales, Philippines",14.92751,120.08963,Globe,317555,221951,317.56,221.95,9,2,1,2
"Allacapan, Cagayan, Philippines",18.21617,121.55983,PLDT,106689,131172,106.69,131.17,20,2,1,1
"Palayan City, Nueva Ecija, Philippines",15.53906,121.09083,PLDT Home Fiber,106643,57414,106.64,57.41,9,2,1,2
"Daram, Samar, Philippines",11.58537,124.80722,SpaceX Starlink,20063,9470,20.06,9.47,45,2,1,2
"Matanao, Davao del Sur, Philippines",6.70421,125.22584,Globe,366190,397396,366.19,397.40,3,2,1,2
"Maribojoc, Bohol, Philippines",9.75462,123.85229,Globe,115199,151300,115.20,151.30,6,2,2,2
"Naguilian, Isabela, Philippines",16.99684,121.86765,Converge,379915,99198,379.92,99.20,9,2,1,1
"San Andres, Romblon, Philippines",12.53099,122.04965,SpaceX Starlink,24637,2807,24.64,2.81,30,2,1,1
"Carigara, Leyte, Philippines",11.25914,124.70777,Globe,15643,7452,15.64,7.45,13,2,1,2
"Mankayan, Benguet, Philippines",16.87703,120.78097,Converge,62012,82542,62.01,82.54,6,2,1,2
"Rizal, Cagayan, Philippines",17.82779,121.37703,SpaceX Starlink,3319,4148,3.32,4.15,42,2,1,1
"San Fabian, Pangasinan, Philippines",16.14188,120.44729,Globe,334366,312414,334.37,312.41,6,2,1,2
"Baras, Rizal, Philippines",14.53656,121.27408,Converge,244866,287338,244.87,287.34,3,2,1,2
"Kitcharao, Agusan del Norte, Philippines",9.43382,125.58767,Converge,237542,233808,237.54,233.81,28,2,1,2
"Laguindingan, Misamis Oriental, Philippines",8.59435,124.43092,Converge,270934,291624,270.93,291.62,9,2,2,2
"Prosperidad, Agusan del Sur, Philippines",8.67623,125.87161,Globe,140850,31312,140.85,31.31,11,2,1,1
"Tinoc, Ifugao, Philippines",16.72045,120.96469,SpaceX Starlink,93247,33449,93.25,33.45,27,2,1,1
"Tubod, Lanao del Norte, Philippines",7.99427,123.87462,PLDT,137565,253782,137.57,253.78,5,2,1,2
"Anini-y, Antique, Philippines",10.45152,121.95869,PLDT Home Fiber,60202,106978,60.20,106.98,8,2,1,2
"Claveria, Masbate, Philippines",12.87962,123.23632,SpaceX Starlink,39939,11107,39.94,11.11,51,2,1,1
"Bunawan, Agusan del Sur, Philippines",8.21647,126.04584,Globe,28231,29013,28.23,29.01,8,2,2,2
"Tinambac, Camarines Sur, Philippines",13.90428,123.37106,PLDT Home Fiber,2942,1179,2.94,1.18,20,2,1,1
"Libungan, Cotabato, Philippines",7.31637,124.53068,PLDT,5794,4039,5.79,4.04,19,2,1,1
"Baganga, Davao Oriental, Philippines",7.6001,126.39314,PLDT Home Fiber,349033,187421,349.03,187.42,12,2,1,1
"Cordon, Isabela, Philippines",16.67835,121.46847,Converge,135998,116760,136.00,116.76,6,2,1,2
"Balindong (Watu), Lanao del Sur, Philippines",7.92816,124.18657,SpaceX Starlink,66552,10559,66.55,10.56,49,2,1,1
"Quinapondan, Eastern Samar, Philippines",11.19733,125.45628,Globe,286115,286550,286.12,286.55,12,2,1,1
"Santa Margarita, Samar, Philippines",12.03787,124.70777,PLDT,486695,260863,486.70,260.86,18,2,1,1
"San Antonio, Quezon, Philippines",13.89506,121.29697,Converge,339918,330425,339.92,330.43,16,2,1,1
"Trinidad, Bohol, Philippines",10.04574,124.31993,Globe,4363,4136,4.36,4.14,10,2,1,2
"Sulat, Eastern Samar, Philippines",11.82105,125.41244,SpaceX Starlink,230875,7020,230.88,7.02,105,2,1,1
"Baleno, Masbate, Philippines",12.40956,123.46077,PLDT,47146,48320,47.15,48.32,16,2,1,1
"Mulanay, Quezon, Philippines",13.51308,122.46937,PLDT,83650,81693,83.65,81.69,16,2,1,2
"Rosario, Agusan del Sur, Philippines",8.34247,126.0676,SpaceX Starlink,192500,39926,192.50,39.93,37,2,1,1
"Noveleta, Cavite, Philippines",14.42785,120.88009,Converge,377609,116692,377.61,116.69,19,2,2,2
"Taal, Batangas, Philippines",13.87826,120.92508,Globe,278635,261035,278.64,261.04,4,2,1,1
"Rizal, Palawan, Philippines",8.85568,117.57306,SpaceX Starlink,4590,3737,4.59,3.74,47,2,1,1
"Kalibo, Aklan, Philippines",11.70734,122.36986,SpaceX Starlink,172429,15866,172.43,15.87,22,2,1,1
"Diffun, Quirino, Philippines",16.55288,121.46847,SpaceX Starlink,211033,32583,211.03,32.58,29,2,1,2
"Dumaguete City, Negros Oriental, Philippines",9.29841,123.29249,SpaceX Starlink,227072,23573,227.07,23.57,31,2,1,2
"Sasmuan, Pampanga, Philippines",14.88764,120.61424,PLDT,35234,38692,35.23,38.69,5,2,1,2
"Kumalarang, Zamboanga del Sur, Philippines",7.7703,123.1464,Converge,27833,516,27.83,0.52,33,2,1,1
"Tayasan, Negros Oriental, Philippines",9.94916,123.05639,PLDT Home Fiber,147755,265157,147.76,265.16,7,2,1,1
"La Libertad, Zamboanga del Norte, Philippines",8.45924,123.51681,PLDT Home Fiber,193491,48240,193.49,48.24,6,2,1,1
"Estancia, Iloilo, Philippines",11.45356,123.13515,SpaceX Starlink,80081,5086,80.08,5.09,31,2,1,1
"Pulupandan, Negros Occidental, Philippines",10.51892,122.80429,Globe,231192,169248,231.19,169.25,7,2,1,1
"Sagnay, Camarines Sur, Philippines",13.56172,123.5056,PLDT,14175,15121,14.18,15.12,35,2,1,1
"Pambujan, Northern Samar, Philippines",12.46458,124.93964,SpaceX Starlink,9466,9698,9.47,9.70,33,2,1,2
"Sapad, Lanao del Norte, Philippines",7.83074,123.82996,PLDT Home Fiber,39774,55362,39.77,55.36,5,2,1,1
"Boljoon, Cebu, Philippines",9.64574,123.44956,Globe,7718,36342,7.72,36.34,10,2,1,1
"Gainza, Camarines Sur, Philippines",13.61146,123.14078,PLDT,17793,14855,17.79,14.86,26,2,1,2
"Tulunan, Cotabato, Philippines",6.83042,124.87469,PLDT,81245,78671,81.25,78.67,133,2,1,1
"Pinamungahan, Cebu, Philippines",10.26958,123.63996,Converge,344896,343976,344.90,343.98,21,2,1,1
"Luna, Isabela, Philippines",16.97872,121.73095,PLDT,14023,13575,14.02,13.58,11,2,2,2
"Alburquerque, Bohol, Philippines",9.62742,123.96385,PLDT,96669,97441,96.67,97.44,4,2,2,2
"Dumalinao, Zamboanga del Sur, Philippines",7.78792,123.37106,PLDT Home Fiber,310252,189810,310.25,189.81,16,2,1,2
"New Washington, Aklan, Philippines",11.6466,122.39009,SpaceX Starlink,5595,5621,5.60,5.62,27,2,1,1
"Dolores, Eastern Samar, Philippines",12.10552,125.32468,PLDT,33778,39200,33.78,39.20,13,2,1,1
"Taft, Eastern Samar, Philippines",11.87235,125.32468,Globe,4413,2760,4.41,2.76,10,2,1,1
"Gen. S. K. Pendatun, Maguindanao, Philippines",6.81786,124.71882,SpaceX Starlink,181680,5600,181.68,5.60,36,2,1,2
"San Jose, Romblon, Philippines",12.06347,121.93593,SpaceX Starlink,7766,4148,7.77,4.15,34,2,1,2
"Burgos, Ilocos Norte, Philippines",18.50848,120.643,Converge,283605,423494,283.61,423.49,8,2,1,1
"City of Borongan, Eastern Samar, Philippines",11.61739,125.34663,PLDT,229475,163986,229.48,163.99,8,2,1,2
"Kitaotao, Bukidnon, Philippines",7.59444,125.10487,PLDT Home Fiber,64524,14860,64.52,14.86,4,2,2,2
"Santa Fe, Romblon, Philippines",12.1751,122.00418,PLDT,270512,241197,270.51,241.20,46,2,2,2
"Kapalong, Davao del Norte, Philippines",7.82951,125.522,PLDT,76752,220925,76.75,220.93,20,2,1,2
"Lagonoy, Camarines Sur, Philippines",13.86688,123.48319,SpaceX Starlink,39750,20114,39.75,20.11,23,2,1,2
"Dao, Capiz, Philippines",11.38895,122.70684,PLDT Home Fiber,24536,33837,24.54,33.84,9,2,1,1
"Tuy, Batangas, Philippines",14.03435,120.74649,Globe,213470,293123,213.47,293.12,4,2,1,1
"Ligao City, Albay, Philippines",13.17242,123.4944,PLDT Home Fiber,40538,105495,40.54,105.50,29,2,1,2
"Kitaotao, Bukidnon, Philippines",7.59444,125.10487,Converge,245701,198273,245.70,198.27,12,2,1,1
"San Jose de Buenavista, Antique, Philippines",10.74901,121.94128,SpaceX Starlink,92868,22375,92.87,22.38,22,2,1,2
"Atok, Benguet, Philippines",16.59745,120.68901,Converge,34791,40787,34.79,40.79,4,2,1,1
"San Vicente, Palawan, Philippines",10.36167,119.1158,SpaceX Starlink,18998,14054,19.00,14.05,25,2,1,2
"Pasuquin, Ilocos Norte, Philippines",18.33859,120.643,PLDT Home Fiber,60447,33416,60.45,33.42,8,2,1,2
"Candijay, Bohol, Philippines",9.8258,124.48636,PLDT,204687,205440,204.69,205.44,41,2,2,2
"San Vicente, Ilocos Sur, Philippines",17.61825,120.36085,Converge,49906,68977,49.91,68.98,10,2,2,2
"Sasmuan, Pampanga, Philippines",14.88764,120.61424,Converge,418253,254545,418.25,254.55,3,2,1,1
"San Vicente, Ilocos Sur, Philippines",17.61825,120.36085,PLDT,518792,438360,518.79,438.36,18,2,1,2
"Santo Tomas, Pampanga, Philippines",14.99601,120.70407,Globe,424965,458411,424.97,458.41,8,2,1,2
"Santa Ignacia, Tarlac, Philippines",15.61667,120.43556,Converge,9471,13294,9.47,13.29,5,2,1,1
"Polangui, Albay, Philippines",13.29368,123.48542,Globe,329299,306107,329.30,306.11,21,2,1,1
"Suyo, Ilocos Sur, Philippines",16.96582,120.56245,SpaceX Starlink,3885,154,3.89,0.15,52,2,1,1
"Ocampo, Camarines Sur, Philippines",13.58198,123.37106,SpaceX Starlink,17958,15588,17.96,15.59,25,2,1,1
"Las Nieves, Agusan del Norte, Philippines",8.70689,125.41244,SpaceX Starlink,7282,7317,7.28,7.32,55,2,1,1
"Buenavista, Bohol, Philippines",10.04477,124.16432,PLDT,218039,251890,218.04,251.89,6,2,1,1
"Barcelona, Sorsogon, Philippines",12.84149,124.11981,SpaceX Starlink,22212,8765,22.21,8.77,18,2,1,1
"Altavas, Aklan, Philippines",11.51893,122.45805,SpaceX Starlink,10157,4230,10.16,4.23,35,2,1,1
"Sipocot, Camarines Sur, Philippines",13.83785,123.01136,PLDT Home Fiber,5881,6220,5.88,6.22,36,2,1,1
"Mogpog, Marinduque, Philippines",13.50444,121.89041,PLDT,193146,39643,193.15,39.64,6,2,1,1
"Mabini, Batangas, Philippines",13.72355,120.9073,Globe,19321,38264,19.32,38.26,5,2,1,1
"Burgos, Ilocos Sur, Philippines",17.31148,120.51639,SpaceX Starlink,167990,51007,167.99,51.01,29,2,1,1
"Galimuyod, Ilocos Sur, Philippines",17.18896,120.52215,PLDT Home Fiber,18549,19757,18.55,19.76,10,2,1,2
"Magarao, Camarines Sur, Philippines",13.67027,123.15202,SpaceX Starlink,73698,26778,73.70,26.78,24,2,1,1
"Cuenca, Batangas, Philippines",13.9144,121.05071,Converge,194305,199439,194.31,199.44,23,2,1,1
"San Agustin, Surigao del Sur, Philippines",8.70562,126.11108,PLDT,18513,25677,18.51,25.68,36,2,1,1
"Braulio E. Dujali, Davao del Norte, Philippines",7.45884,125.68607,SpaceX Starlink,64065,34574,64.07,34.57,47,2,1,1
"Pio Duran, Albay, Philippines",13.0473,123.46077,SpaceX Starlink,83200,7476,83.20,7.48,36,2,2,2
"Enrile, Cagayan, Philippines",17.56886,121.65113,PLDT Home Fiber,197145,96360,197.15,96.36,13,2,1,2
"Kapangan, Benguet, Philippines",16.61238,120.59698,SpaceX Starlink,38444,31173,38.44,31.17,24,2,1,1
"Penarrubia, Abra, Philippines",17.54195,120.6545,SpaceX Starlink,119861,51105,119.86,51.11,22,2,1,1
"Tanjay City, Negros Oriental, Philippines",9.49579,122.9663,SpaceX Starlink,18009,21630,18.01,21.63,35,2,1,2
"Castilla, Sorsogon, Philippines",12.95518,123.8188,PLDT,142347,72479,142.35,72.48,24,2,2,2
"Magdiwang, Romblon, Philippines",12.46739,122.52596,PLDT,7842,9376,7.84,9.38,94,2,1,1
"Gubat, Sorsogon, Philippines",12.92415,124.09755,Converge,228876,167761,228.88,167.76,8,2,2,2
"Bangui, Ilocos Norte, Philippines",18.49205,120.735,PLDT Home Fiber,53969,44799,53.97,44.80,8,2,2,2
"Laua-an, Antique, Philippines",11.16376,122.11783,PLDT Home Fiber,323649,349800,323.65,349.80,9,2,1,2
"Badiangan, Iloilo, Philippines",10.98659,122.5367,Converge,14825,15239,14.83,15.24,12,2,1,1
"Sorsogon City, Sorsogon, Philippines",12.97888,123.98477,SpaceX Starlink,127416,26778,127.42,26.78,30,2,2,2
"Jones, Isabela, Philippines",16.58262,121.78792,PLDT Home Fiber,321118,296805,321.12,296.81,12,2,2,2
"Alcala, Pangasinan, Philippines",15.8546,120.53942,PLDT,47450,85511,47.45,85.51,11,2,2,2
"San Manuel, Isabela, Philippines",17.02596,121.63115,Converge,50232,57734,50.23,57.73,7,2,2,2
"Tolosa, Leyte, Philippines",11.03883,125.02229,Globe,2693,40360,2.69,40.36,10,2,1,2
"Matalom, Leyte, Philippines",10.27173,124.8293,SpaceX Starlink,158630,10468,158.63,10.47,46,2,1,1
"Kiangan, Ifugao, Philippines",16.77302,121.09083,Converge,92123,98759,92.12,98.76,14,2,1,1
"Corcuera, Romblon, Philippines",12.80748,122.05533,SpaceX Starlink,11001,2169,11.00,2.17,22,2,1,2
"San Antonio, Zambales, Philippines",14.92751,120.08963,Converge,101738,119822,101.74,119.82,6,2,2,2
"Kananga, Leyte, Philippines",11.16036,124.57499,Globe,251950,308783,251.95,308.78,23,2,1,2
"Pinukpuk, Kalinga, Philippines",17.60829,121.30841,SpaceX Starlink,121633,26424,121.63,26.42,27,2,1,2
"Ternate, Cavite, Philippines",14.25401,120.6545,Converge,24382,22875,24.38,22.88,5,2,1,1
"Magsaysay, Occidental Mindoro, Philippines",12.34908,121.19395,PLDT,92108,94037,92.11,94.04,13,2,1,2
"Botolan, Zambales, Philippines",15.26625,120.20511,PLDT,57113,57237,57.11,57.24,18,2,2,2
"Sabangan, Mountain Province, Philippines",16.94693,120.93026,SpaceX Starlink,40493,24939,40.49,24.94,28,2,1,1
"Naval, Biliran, Philippines",11.56681,124.44201,PLDT,534890,479549,534.89,479.55,15,2,1,2
"Siquijor, Philippines",9.19621,123.53921,PLDT,19754,7116,19.75,7.12,7,2,1,2
"Lemery, Iloilo, Philippines",11.21441,122.92123,Converge,50272,51225,50.27,51.23,13,2,2,2
"Marabut, Samar, Philippines",11.1996,125.22584,SpaceX Starlink,30937,18210,30.94,18.21,39,2,1,1
"Sison, Pangasinan, Philippines",16.14981,120.59698,PLDT,46213,49941,46.21,49.94,12,2,1,2
"Subic, Zambales, Philippines",14.83066,120.18202,SpaceX Starlink,360155,28767,360.16,28.77,22,2,1,2
"Borbon, Cebu, Philippines",10.84627,123.9973,SpaceX Starlink,89769,20201,89.77,20.20,37,2,1,1
"Culasi, Antique, Philippines",11.43312,122.10647,PLDT Home Fiber,174205,162947,174.21,162.95,13,2,2,2
"Milaor, Camarines Sur, Philippines",13.59634,123.17451,Globe,118948,109796,118.95,109.80,11,2,1,2
"Santa Margarita, Samar, Philippines",12.03787,124.70777,SpaceX Starlink,72892,17646,72.89,17.65,30,2,2,2
"Balaoan, La Union, Philippines",16.80225,120.40119,PLDT Home Fiber,192015,206815,192.02,206.82,3,2,2,2
"Sogod, Cebu, Philippines",10.77419,123.9527,Globe,252542,314424,252.54,314.42,20,2,2,2
"La Libertad, Negros Oriental, Philippines",10.08304,123.15764,Globe,2783,2600,2.78,2.60,30,2,1,1
"Lopez Jaena, Misamis Occidental, Philippines",8.55109,123.76857,PLDT Home Fiber,198857,48727,198.86,48.73,7,2,1,1
"Lakewood, Zamboanga del Sur, Philippines",7.88264,123.1464,SpaceX Starlink,1658,1077,1.66,1.08,39,2,1,2
"Pugo, La Union, Philippines",16.32133,120.47609,PLDT,302569,195660,302.57,195.66,5,2,1,1
"Isulan, Sultan Kudarat, Philippines",6.6318,124.44201,PLDT Home Fiber,52289,33751,52.29,33.75,10,2,1,2
"Mangaldan, Pangasinan, Philippines",16.06513,120.40474,Globe,322304,289159,322.30,289.16,4,2,1,2
"Jasaan, Misamis Oriental, Philippines",8.65161,124.78513,Converge,2688,5788,2.69,5.79,11,2,1,1
"Manaoag, Pangasinan, Philippines",16.04627,120.4876,PLDT,151421,160185,151.42,160.19,71,2,1,1
"Alitagtag, Batangas, Philippines",13.87214,121.02204,PLDT Home Fiber,237965,145573,237.97,145.57,4,2,1,2
"Isulan, Sultan Kudarat, Philippines",6.6318,124.44201,SpaceX Starlink,57888,6976,57.89,6.98,50,2,1,2
"Marcos, Ilocos Norte, Philippines",18.02095,120.7005,PLDT,32333,86654,32.33,86.65,7,2,1,2
"Carmen, Cotabato, Philippines",7.38261,124.81826,SpaceX Starlink,247177,15606,247.18,15.61,27,2,1,1
"Lagangilang, Abra, Philippines",17.62406,120.79246,PLDT Home Fiber,164070,87809,164.07,87.81,9,2,1,1
"Buluan, Maguindanao, Philippines",6.70802,124.79065,SpaceX Starlink,67782,21205,67.78,21.21,42,2,1,1
"Pola, Oriental Mindoro, Philippines",13.1196,121.43419,PLDT Home Fiber,415330,384189,415.33,384.19,10,2,1,1
"Santa Fe, Cebu, Philippines",11.16913,123.79088,PLDT Home Fiber,39397,40288,39.40,40.29,40,2,1,1
"Sergio Osmena Sr., Zamboanga del Norte, Philippines",8.30009,123.5059,Globe,69667,70266,69.67,70.27,14,2,1,1
"San Pablo, Isabela, Philippines",17.47886,122.03829,SpaceX Starlink,29300,8580,29.30,8.58,43,2,2,2
"Marogong, Lanao del Sur, Philippines",7.6051,124.17544,PLDT Home Fiber,278179,429915,278.18,429.92,34,2,2,2
"Loay, Bohol, Philippines",9.60753,124.01401,PLDT Home Fiber,300268,219649,300.27,219.65,5,2,2,2
"Abulug, Cagayan, Philippines",18.36771,121.42276,SpaceX Starlink,487962,36897,487.96,36.90,21,2,1,1
"Panay, Capiz, Philippines",11.54148,122.83102,SpaceX Starlink,193863,27359,193.86,27.36,22,2,2,2
"Paranas, Samar, Philippines",11.87482,125.17087,Converge,506101,556750,506.10,556.75,8,2,1,1
"Mansalay, Oriental Mindoro, Philippines",12.52158,121.441,PLDT Home Fiber,123852,37343,123.85,37.34,9,2,2,2
"Zaragoza, Nueva Ecija, Philippines",15.46003,120.79246,Globe,57911,40936,57.91,40.94,5,2,2,2
"Talisayan, Misamis Oriental, Philippines",8.95565,124.91758,SpaceX Starlink,167992,26495,167.99,26.50,40,2,1,1
"Cuenca, Batangas, Philippines",13.9144,121.05071,PLDT,362522,280947,362.52,280.95,5,2,1,2
"Legazpi City, Albay, Philippines",13.11288,123.76295,PLDT Home Fiber,280739,308854,280.74,308.85,19,2,1,2
"Hindang, Leyte, Philippines",10.44667,124.80722,Globe,44925,197226,44.93,197.23,22,2,2,2
"Bacolor, Pampanga, Philippines",14.99692,120.65235,Globe,284581,305331,284.58,305.33,5,2,1,1
"Rizal, Laguna, Philippines",14.08408,121.41133,Globe,330245,278793,330.25,278.79,11,2,1,1
"Quezon, Bukidnon, Philippines",7.71645,125.17087,SpaceX Starlink,163325,24766,163.33,24.77,31,2,1,2
"Bangar, La Union, Philippines",16.88295,120.42424,PLDT Home Fiber,208466,171863,208.47,171.86,4,2,2,2
"Villaverde, Nueva Vizcaya, Philippines",16.60616,121.14813,Globe,112730,105049,112.73,105.05,4,2,1,1
"Mauban, Quezon, Philippines",14.23756,121.69674,PLDT,80888,80596,80.89,80.60,9,2,2,2
"Llanera, Nueva Ecija, Philippines",15.66623,121.01057,PLDT Home Fiber,63748,90180,63.75,90.18,9,2,2,2
"Prosperidad, Agusan del Sur, Philippines",8.67623,125.87161,Converge,181950,169499,181.95,169.50,14,2,1,1
"Aliaga, Nueva Ecija, Philippines",15.51204,120.86138,PLDT,14348,12970,14.35,12.97,14,2,1,2
"Maimbung, Sulu, Philippines",5.94932,120.9991,SpaceX Starlink,41445,12798,41.45,12.80,100,2,1,2
"Oras, Eastern Samar, Philippines",12.17696,125.36857,SpaceX Starlink,210972,20766,210.97,20.77,32,2,1,1
"Kananga, Leyte, Philippines",11.16036,124.57499,PLDT,68996,43362,69.00,43.36,6,2,2,2
"Clarin, Misamis Occidental, Philippines",8.19969,123.86237,Globe,27285,34072,27.29,34.07,27,2,1,1
"Pila, Laguna, Philippines",14.23461,121.3656,PLDT,166021,208304,166.02,208.30,21,2,2,2
"Barugo, Leyte, Philippines",11.30023,124.76303,PLDT Home Fiber,485310,376645,485.31,376.65,6,2,1,1
"Luna, La Union, Philippines",16.83085,120.35508,Converge,14175,13837,14.18,13.84,4,2,2,2
"Ballesteros, Cagayan, Philippines",18.35099,121.51416,PLDT Home Fiber,159468,352621,159.47,352.62,14,2,1,2
"Mapanas, Northern Samar, Philippines",12.43695,125.19286,SpaceX Starlink,37690,17485,37.69,17.49,31,2,2,2
"Matag-ob, Leyte, Philippines",11.12491,124.47527,Converge,55039,53816,55.04,53.82,6,2,1,1
"Imelda, Zamboanga Sibugay, Philippines",7.62787,122.95503,PLDT,93246,93391,93.25,93.39,26,2,1,2
"Caluya, Antique, Philippines",12.01176,121.38847,PLDT,11867,5114,11.87,5.11,17,2,1,2
"Calaca, Batangas, Philippines",13.93129,120.80724,Globe,175391,153048,175.39,153.05,8,2,1,2
"Initao, Misamis Oriental, Philippines",8.49098,124.34214,Globe,199308,122553,199.31,122.55,8,2,1,1
"Pinamungahan, Cebu, Philippines",10.26958,123.63996,SpaceX Starlink,52276,6583,52.28,6.58,34,2,2,2
"Delfin Albano, Isabela, Philippines",17.25925,121.74234,PLDT Home Fiber,43404,30994,43.40,30.99,11,2,1,1
"Mataas Na Kahoy, Batangas, Philippines",13.97995,121.09656,Converge,265877,218318,265.88,218.32,6,2,2,2
"Hinundayan, Southern Leyte, Philippines",10.33731,125.22584,Globe,32552,14778,32.55,14.78,36,2,1,2
"Padada, Davao del Sur, Philippines",6.6593,125.33565,PLDT Home Fiber,214215,220191,214.22,220.19,7,2,2,2
"Sudipen, La Union, Philippines",16.85055,120.49336,Converge,97184,53119,97.18,53.12,4,2,2,2
"Sen. Ninoy Aquino, Sultan Kudarat, Philippines",6.38567,124.35324,PLDT,19923,17465,19.92,17.47,32,2,1,1
"Barili, Cebu, Philippines",10.1254,123.55041,Globe,289481,311342,289.48,311.34,5,2,1,2
"Lopez, Quezon, Philippines",13.80005,122.31075,Globe,125537,111164,125.54,111.16,7,2,1,1
"Cawayan, Masbate, Philippines",12.05579,123.72942,SpaceX Starlink,168594,14833,168.59,14.83,28,2,1,2
"Dinapigue, Isabela, Philippines",16.69596,122.22001,Converge,2689,959,2.69,0.96,32,2,1,1
"Echague, Isabela, Philippines",16.66606,121.78792,Converge,24653,32267,24.65,32.27,7,2,1,2
"Baras, Rizal, Philippines",14.53656,121.27408,SpaceX Starlink,117573,33534,117.57,33.53,27,2,1,1
"Itbayat, Batanes, Philippines",20.77131,121.84487,SpaceX Starlink,92432,22268,92.43,22.27,116,2,1,1
"Impasug-ong, Bukidnon, Philippines",8.38854,125.08286,PLDT Home Fiber,303557,340255,303.56,340.26,4,2,1,1
"Atimonan, Quezon, Philippines",13.96507,121.87903,PLDT,5747,5417,5.75,5.42,4,2,1,1
"Sorsogon City, Sorsogon, Philippines",12.97888,123.98477,Globe,52264,51339,52.26,51.34,21,2,1,1
"Santo Tomas, La Union, Philippines",16.27532,120.40119,PLDT Home Fiber,218038,189427,218.04,189.43,3,2,1,2
"Casiguran, Sorsogon, Philippines",12.843,124.04187,PLDT Home Fiber,6562,21254,6.56,21.25,8,2,1,1
"Sara, Iloilo, Philippines",11.28199,123.01136,PLDT,16076,24414,16.08,24.41,66,2,2,2
"Rizal, Kalinga, Philippines",17.49297,121.60549,PLDT,10773,17553,10.77,17.55,30,2,2,2
"Diplahan, Zamboanga Sibugay, Philippines",7.74854,122.9663,Globe,217353,144667,217.35,144.67,10,2,1,2
"Malvar, Batangas, Philippines",14.04329,121.15875,Globe,331058,316897,331.06,316.90,6,2,1,2
"Bien Unido, Bohol, Philippines",10.13083,124.36989,PLDT,133383,229558,133.38,229.56,6,2,1,1
"San Fernando, Camarines Sur, Philippines",13.52998,123.11266,Converge,262572,166802,262.57,166.80,11,2,1,2
"Goa, Camarines Sur, Philippines",13.73619,123.41593,SpaceX Starlink,18231,8640,18.23,8.64,26,2,2,2
"Bato, Leyte, Philippines",10.32908,124.8293,PLDT Home Fiber,4923,41,4.92,0.04,7,2,1,1
"Palo, Leyte, Philippines",11.15847,124.99191,SpaceX Starlink,46578,38283,46.58,38.28,33,2,1,2
"Angat, Bulacan, Philippines",14.92586,121.02204,PLDT,103996,97924,104.00,97.92,9,2,2,2
"Canlaon City, Negros Oriental, Philippines",10.36048,123.19137,SpaceX Starlink,8209,7440,8.21,7.44,35,2,1,1
"Dapa, Surigao del Norte, Philippines",9.78925,126.0676,SpaceX Starlink,19831,24074,19.83,24.07,60,2,1,2
"Medellin, Cebu, Philippines",11.1491,123.98615,Converge,420329,377648,420.33,377.65,6,2,1,1
"Sikatuna, Bohol, Philippines",9.68225,123.98615,SpaceX Starlink,160346,25393,160.35,25.39,31,2,1,1
"Carmen, Agusan del Norte, Philippines",8.9574,125.24781,Globe,1707,1736,1.71,1.74,13,2,1,1
"Dinalupihan, Bataan, Philippines",14.88605,120.44729,PLDT,70675,91039,70.68,91.04,8,1,1,1
"Victoria, Laguna, Philippines",14.19678,121.34273,Globe,374897,353403,374.90,353.40,5,1,1,1
"Sigma, Capiz, Philippines",11.4398,122.69555,Converge,187188,210910,187.19,210.91,21,1,1,1
"Sebaste, Antique, Philippines",11.58098,122.11783,PLDT Home Fiber,41677,38088,41.68,38.09,11,1,1,1
"Pasuquin, Ilocos Norte, Philippines",18.33859,120.643,Converge,99991,55654,99.99,55.65,10,1,1,1
"San Luis, Batangas, Philippines",13.8406,120.95321,Converge,88133,96245,88.13,96.25,5,1,1,1
"Tigbao, Zamboanga del Sur, Philippines",7.83324,123.28126,PLDT Home Fiber,69086,145958,69.09,145.96,120,1,1,1
"Moises Padilla, Negros Occidental, Philippines",10.26269,123.11266,SpaceX Starlink,277718,40364,277.72,40.36,22,1,1,1
"Lemery, Batangas, Philippines",13.95318,120.88434,Globe,608715,533762,608.72,533.76,4,1,1,1
"San Antonio, Quezon, Philippines",13.89506,121.29697,PLDT,103463,258316,103.46,258.32,9,1,1,1
"Piddig, Ilocos Norte, Philippines",18.18694,120.78097,PLDT Home Fiber,201518,189399,201.52,189.40,11,1,1,1
"Santa Maria, Isabela, Philippines",17.47685,121.69674,PLDT Home Fiber,98581,291023,98.58,291.02,10,1,1,1
"Alicia, Zamboanga Sibugay, Philippines",7.56533,122.92123,PLDT Home Fiber,27232,26194,27.23,26.19,79,1,1,1
"Santol, La Union, Philippines",16.75375,120.50488,PLDT Home Fiber,32486,35570,32.49,35.57,5,1,1,1
"Datu Paglas, Maguindanao, Philippines",6.74106,124.88449,SpaceX Starlink,111299,3486,111.30,3.49,37,1,1,1
"Tangalan, Aklan, Philippines",11.74616,122.23135,PLDT,342180,536436,342.18,536.44,10,1,1,1
"Pantabangan, Nueva Ecija, Philippines",15.79424,121.12521,Converge,243766,242579,243.77,242.58,9,1,1,1
"Alfonso, Cavite, Philippines",14.1214,120.86138,Globe,59475,66435,59.48,66.44,8,1,1,1
"Kabayan, Benguet, Philippines",16.61702,120.82692,PLDT,94170,93803,94.17,93.80,4,1,1,1
"Masinloc, Zambales, Philippines",15.52089,120.04341,PLDT,20182,20055,20.18,20.06,14,1,1,1
"Cabarroguis, Quirino, Philippines",16.41991,121.51416,Globe,290887,314924,290.89,314.92,5,1,1,1
"Maco, Davao de Oro, Philippines",7.40845,125.937,Converge,123245,283425,123.25,283.43,3,1,1,1
"Delfin Albano, Isabela, Philippines",17.25925,121.74234,SpaceX Starlink,238909,26197,238.91,26.20,35,1,1,1
"Palompon, Leyte, Philippines",11.03374,124.43092,SpaceX Starlink,79154,13575,79.15,13.58,35,1,1,1
"Cortes, Bohol, Philippines",9.71134,123.89693,PLDT Home Fiber,592654,610731,592.65,610.73,4,1,1,1
"Magdalena, Laguna, Philippines",14.20408,121.43419,PLDT,54381,57637,54.38,57.64,7,1,1,1
"Pugo, La Union, Philippines",16.32133,120.47609,Converge,97983,106285,97.98,106.29,3,1,1,1
"Datu Saudi Ampatuan, Maguindanao del Sur, Philippines",6.92623,124.41405,Globe,14443,18568,14.44,18.57,12,1,1,1
"Buenavista, Marinduque, Philippines",13.24778,121.98144,PLDT Home Fiber,176986,87504,176.99,87.50,15,1,1,1
"Currimao, Ilocos Norte, Philippines",18.00626,120.51064,SpaceX Starlink,28902,24539,28.90,24.54,31,1,1,1
"Merida, Leyte, Philippines",10.96425,124.5196,SpaceX Starlink,18012,19553,18.01,19.55,83,1,1,1
"Calintaan, Occidental Mindoro, Philippines",12.60409,121.10229,SpaceX Starlink,146629,17819,146.63,17.82,26,1,1,1
"Santander, Cebu, Philippines",9.44684,123.33739,PLDT,7404,4331,7.40,4.33,21,1,1,1
"Ibaan, Batangas, Philippines",13.81895,121.13082,Globe,367497,290810,367.50,290.81,6,1,1,1
"Luna, Isabela, Philippines",16.97872,121.73095,Converge,189661,234072,189.66,234.07,14,1,1,1
"Bato, Camarines Sur, Philippines",13.31907,123.31494,Globe,37327,32441,37.33,32.44,14,1,1,1
"Ramos, Tarlac, Philippines",15.67893,120.62574,PLDT Home Fiber,78735,96761,78.74,96.76,17,1,1,1
"Mambusao, Capiz, Philippines",11.44257,122.59383,SpaceX Starlink,211655,40808,211.66,40.81,23,1,1,1
"Camiling, Tarlac, Philippines",15.67495,120.41272,PLDT,194400,362034,194.40,362.03,7,1,1,1
"Orani, Bataan, Philippines",14.80086,120.53616,SpaceX Starlink,273655,11498,273.66,11.50,20,1,1,1
"Tugunan, Cotabato, Philippines",7.04169,124.61309,PLDT Home Fiber,13612,14588,13.61,14.59,17,1,1,1
"Candelaria, Quezon, Philippines",13.94899,121.42276,Globe,84208,103966,84.21,103.97,10,1,1,1
"Plaridel, Quezon, Philippines",13.9569,122.01723,Globe,39310,33835,39.31,33.84,9,1,1,1
"Sara, Iloilo, Philippines",11.28199,123.01136,SpaceX Starlink,6135,6929,6.14,6.93,33,1,1,1
"Paranas, Samar, Philippines",11.87482,125.17087,SpaceX Starlink,90879,11550,90.88,11.55,24,1,1,1
"Mabini, Pangasinan, Philippines",15.94144,120.04341,PLDT Home Fiber,166639,183548,166.64,183.55,5,1,1,1
"Aloguinsan, Cebu, Philippines",10.19171,123.56161,Globe,137470,101326,137.47,101.33,8,1,1,1
"Santa Magdalena, Sorsogon, Philippines",12.64979,124.07528,SpaceX Starlink,22375,27958,22.38,27.96,34,1,1,1
"Mapandan, Pangasinan, Philippines",16.02726,120.45379,Converge,241227,280045,241.23,280.05,5,1,1,1
"Tamparan, Lanao del Sur, Philippines",7.87252,124.33659,SpaceX Starlink,38931,11651,38.93,11.65,40,1,1,1
"Parang, Maguindanao, Philippines",7.34766,124.2755,Globe,121195,43174,121.20,43.17,9,1,1,1
"Sirawai, Zamboanga del Norte, Philippines",7.55062,122.19731,SpaceX Starlink,1891,2089,1.89,2.09,42,1,1,1
"Jala-jala, Rizal, Philippines",14.36149,121.34273,PLDT,53967,64973,53.97,64.97,4,1,1,1
"Bontoc, Mountain Province, Philippines",17.09126,121.01057,Converge,306517,340337,306.52,340.34,5,1,1,1
"Socorro, Surigao del Norte, Philippines",9.61761,125.937,Globe,7677,7531,7.68,7.53,21,1,1,1
"Aritao, Nueva Vizcaya, Philippines",16.2515,121.01057,Converge,150681,184373,150.68,184.37,10,1,1,1
"Himamaylan, Negros Occidental, Philippines",10.10162,122.86995,SpaceX Starlink,22633,13938,22.63,13.94,22,1,1,1
"Kapalawan, Cotabato, Philippines",7.21567,124.75942,SpaceX Starlink,2535,9155,2.54,9.16,35,1,1,1
"Samal, Bataan, Philippines",14.77188,120.51639,Globe,449712,382860,449.71,382.86,6,1,1,1
"Santa Maria (Imelda), Romblon, Philippines",12.40149,122.07806,SpaceX Starlink,6429,19297,6.43,19.30,23,1,1,1
"Lianga, Surigao del Sur, Philippines",8.60446,126.02409,PLDT,119969,77343,119.97,77.34,7,1,1,1
"Masinloc, Zambales, Philippines",15.52089,120.04341,PLDT Home Fiber,86175,19159,86.18,19.16,18,1,1,1
"Pantukan, Davao de Oro, Philippines",7.20012,126.04584,Converge,7074,9173,7.07,9.17,10,1,1,1
"Maria Aurora, Aurora, Philippines",15.75061,121.3999,SpaceX Starlink,183779,16568,183.78,16.57,24,1,1,1
"Libacao, Aklan, Philippines",11.41093,122.28807,SpaceX Starlink,76039,31718,76.04,31.72,23,1,1,1
"Hernani, Eastern Samar, Philippines",11.32206,125.59861,Globe,119066,108152,119.07,108.15,25,1,1,1
"Dinalupihan, Bataan, Philippines",14.88605,120.44729,Globe,59923,52125,59.92,52.13,8,1,1,1
"Tabuelan, Cebu, Philippines",10.85738,123.90809,PLDT,18684,21132,18.68,21.13,28,1,1,1
"Balaoan, La Union, Philippines",16.80225,120.40119,SpaceX Starlink,198465,48621,198.47,48.62,23,1,1,1
"Zarraga, Iloilo, Philippines",10.82405,122.60846,PLDT,309746,348067,309.75,348.07,8,1,1,1
"San Enrique, Negros Occidental, Philippines",10.42735,122.86485,PLDT Home Fiber,93012,100747,93.01,100.75,7,1,1,1
"Alfonso Lista, Ifugao, Philippines",16.98852,121.49132,Converge,266727,119718,266.73,119.72,8,1,1,1
"Sapang Dalaga, Misamis Occidental, Philippines",8.52815,123.584,PLDT,787,3999,0.79,4.00,106,1,1,1
"Dupax Del Norte, Nueva Vizcaya, Philippines",16.21435,121.23974,SpaceX Starlink,852,1938,0.85,1.94,59,1,1,1
"Banga, Aklan, Philippines",11.57556,122.32209,PLDT,36207,27541,36.21,27.54,10,1,1,1
"Burgos, Ilocos Norte, Philippines",18.50848,120.643,PLDT,216552,469799,216.55,469.80,19,1,1,1
"Payao, Zamboanga Sibugay, Philippines",7.61035,122.83102,SpaceX Starlink,171722,29320,171.72,29.32,51,1,1,1
"San Joaquin, Iloilo, Philippines",10.64155,122.10647,Globe,193022,287026,193.02,287.03,3,1,1,1
"Balingasag, Misamis Oriental, Philippines",8.72993,124.84034,Converge,75502,77819,75.50,77.82,8,1,1,1
"Concepcion, Romblon, Philippines",12.92287,121.72525,SpaceX Starlink,6835,6832,6.84,6.83,32,1,1,1
"Luna, Isabela, Philippines",16.97872,121.73095,PLDT Home Fiber,91493,73018,91.49,73.02,11,1,1,1
"Cordova, Cebu, Philippines",10.25278,123.9494,SpaceX Starlink,139819,1174,139.82,1.17,31,1,1,1
"Lopez Jaena, Misamis Occidental, Philippines",8.55109,123.76857,PLDT,54469,57665,54.47,57.67,21,1,1,1
"Malalag, Davao del Sur, Philippines",6.54894,125.2588,PLDT,132951,112380,132.95,112.38,8,1,1,1
"Dinalungan, Aurora, Philippines",16.1585,121.83349,Converge,316059,165614,316.06,165.61,13,1,1,1
"Pinamalayan, Oriental Mindoro, Philippines",13.01533,121.37703,Converge,488405,454481,488.41,454.48,8,1,1,1
"Cavinti, Laguna, Philippines",14.24907,121.54842,Converge,24001,49244,24.00,49.24,9,1,1,1
"Balungao, Pangasinan, Philippines",15.88371,120.68901,Converge,45384,35290,45.38,35.29,7,1,1,1
"Lal-lo, Cagayan, Philippines",18.15767,121.87903,Globe,120127,107314,120.13,107.31,15,1,1,1
"Claver, Surigao del Norte, Philippines",9.50458,125.78435,PLDT Home Fiber,278853,174871,278.85,174.87,47,1,1,1
"San Pascual, Batangas, Philippines",13.81044,121.02204,PLDT,318922,238955,318.92,238.96,6,1,1,1
"City of Mati, Davao Oriental, Philippines",6.95722,126.15454,Converge,255620,194988,255.62,194.99,4,1,1,1
"Barotac Viejo, Iloilo, Philippines",11.10187,122.87613,SpaceX Starlink,9650,1927,9.65,1.93,19,1,1,1
"Hinabangan, Samar, Philippines",11.7358,125.19286,PLDT,31048,26768,31.05,26.77,42,1,1,1
"Moncada, Tarlac, Philippines",15.73756,120.55094,Converge,56937,63750,56.94,63.75,4,1,1,1
"Currimao, Ilocos Norte, Philippines",18.00626,120.51064,PLDT Home Fiber,191831,48183,191.83,48.18,9,1,1,1
"Buenavista, Bohol, Philippines",10.04477,124.16432,PLDT Home Fiber,107144,205307,107.14,205.31,7,1,1,1
"Quezon, Isabela, Philippines",17.31045,121.60523,Globe,144561,254138,144.56,254.14,15,1,1,1
"Tacloban City, Leyte, Philippines",11.22238,124.99221,SpaceX Starlink,162543,8800,162.54,8.80,33,1,1,1
"Jose Panganiban, Camarines Norte, Philippines",14.25107,122.69555,SpaceX Starlink,57,116,0.06,0.12,26,1,1,1
"Cabangan, Zambales, Philippines",15.17178,120.13583,PLDT,250294,510943,250.29,510.94,2,1,1,1
"Paoay, Ilocos Norte, Philippines",18.07424,120.51639,PLDT,16841,30092,16.84,30.09,8,1,1,1
"Gainza, Camarines Sur, Philippines",13.61146,123.14078,Converge,152723,200499,152.72,200.50,2,1,1,1
"Kapatagan, Lanao del Norte, Philippines",7.86776,123.72942,Globe,225227,66055,225.23,66.06,6,1,1,1
"Solsona, Ilocos Norte, Philippines",18.10219,120.78097,PLDT Home Fiber,35099,36531,35.10,36.53,5,1,1,1
"Sinait, Ilocos Sur, Philippines",17.85347,120.50488,Converge,42734,65294,42.73,65.29,7,1,1,1
"Mabini (Dona Alicia), Davao de Oro, Philippines",7.3001,125.937,Globe,302100,313238,302.10,313.24,33,1,1,1
"Barugo, Leyte, Philippines",11.30023,124.76303,PLDT,19595,19054,19.60,19.05,15,1,1,1
"Mayorga, Leyte, Philippines",10.88505,124.98373,PLDT,43750,92160,43.75,92.16,32,1,1,1
"Abucay, Bataan, Philippines",14.73361,120.49336,PLDT,75539,71450,75.54,71.45,4,1,1,1
"Basista, Pangasinan, Philippines",15.86113,120.39543,PLDT Home Fiber,23288,21689,23.29,21.69,57,1,1,1
"Lebak, Sultan Kudarat, Philippines",6.63314,124.06624,PLDT Home Fiber,17067,19722,17.07,19.72,158,1,1,1
"Pilar, Bataan, Philippines",14.60553,120.51639,PLDT,320636,283195,320.64,283.20,7,1,1,1
"Alabat, Quezon, Philippines",14.11714,122.02692,SpaceX Starlink,29193,31225,29.19,31.23,24,1,1,1
"Maasin, Southern Leyte, Philippines",10.13272,124.84081,SpaceX Starlink,119346,4415,119.35,4.42,36,1,1,1
"Pinabacdao, Samar, Philippines",11.52967,125.07185,PLDT Home Fiber,31385,36240,31.39,36.24,12,1,1,1
"Pinabacdao, Samar, Philippines",11.52967,125.07185,SpaceX Starlink,56,358,0.06,0.36,32,1,1,1
"Lugus, Sulu, Philippines",5.68239,120.83841,SpaceX Starlink,91126,36274,91.13,36.27,24,1,1,1
"Sudipen, La Union, Philippines",16.85055,120.49336,PLDT Home Fiber,172494,196064,172.49,196.06,3,1,1,1
"South Upi, Maguindanao, Philippines",6.85103,124.19769,SpaceX Starlink,63671,5706,63.67,5.71,31,1,1,1
"Penarrubia, Abra, Philippines",17.54195,120.6545,PLDT Home Fiber,42413,43570,42.41,43.57,11,1,1,1
"Lila, Bohol, Philippines",9.61254,124.09755,PLDT,115133,104704,115.13,104.70,11,1,1,1
"Infanta, Pangasinan, Philippines",15.87303,120.00874,PLDT Home Fiber,14110,1224,14.11,1.22,14,1,1,1
"Kawit, Cavite, Philippines",14.44588,120.90871,SpaceX Starlink,270800,11862,270.80,11.86,26,1,1,1
"Remedios T. Romualdez, Agusan del Norte, Philippines",9.06074,125.66422,PLDT Home Fiber,97382,104518,97.38,104.52,10,1,1,1
"Santa Ana, Cagayan, Philippines",18.36702,122.22001,SpaceX Starlink,30562,16967,30.56,16.97,77,1,1,1
"Dupax Del Norte, Nueva Vizcaya, Philippines",16.21435,121.23974,Converge,178288,247105,178.29,247.11,21,1,1,1
"Talugtug, Nueva Ecija, Philippines",15.7698,120.81544,Converge,7893,368934,7.89,368.93,6,1,1,1
"Balatan, Camarines Sur, Philippines",13.34908,123.24756,PLDT Home Fiber,15853,47099,15.85,47.10,9,1,1,1
"Buenavista, Marinduque, Philippines",13.24778,121.98144,SpaceX Starlink,34776,12488,34.78,12.49,26,1,1,1
"Baclayon, Bohol, Philippines",9.63237,123.91925,PLDT,76434,84901,76.43,84.90,4,1,1,1
"Asipulo, Ifugao, Philippines",16.66328,121.05644,SpaceX Starlink,7411,10934,7.41,10.93,23,1,1,1
"Paniqui, Tarlac, Philippines",15.66603,120.53942,PLDT,14512,19681,14.51,19.68,11,1,1,1
"Mondragon, Northern Samar, Philippines",12.41696,124.79617,Globe,18070,19962,18.07,19.96,15,1,1,1
"Pulupandan, Negros Occidental, Philippines",10.51892,122.80429,SpaceX Starlink,88803,8770,88.80,8.77,13,1,1,1
"Mariveles, Bataan, Philippines",14.4354,120.49003,SpaceX Starlink,116200,16368,116.20,16.37,19,1,1,1
"Masinloc, Zambales, Philippines",15.52089,120.04341,SpaceX Starlink,118759,30952,118.76,30.95,20,1,1,1
"President Roxas, Capiz, Philippines",11.40588,122.9663,PLDT,48704,27585,48.70,27.59,8,1,1,1
"Dagami, Leyte, Philippines",11.04826,124.84034,Globe,9460,13700,9.46,13.70,10,1,1,1
"Paracelis, Mountain Province, Philippines",17.15622,121.49132,PLDT,36433,39038,36.43,39.04,30,1,1,1
"Mendez, Cavite, Philippines",14.12941,120.90511,Globe,119160,117103,119.16,117.10,7,1,1,1
"Bacnotan, La Union, Philippines",16.73397,120.36661,Globe,61319,52244,61.32,52.24,5,1,1,1
"Calatrava, Negros Occidental, Philippines",10.62843,123.39349,SpaceX Starlink,34821,5854,34.82,5.85,31,1,1,1
"Lupon, Davao Oriental, Philippines",7.09663,126.19798,SpaceX Starlink,130492,42781,130.49,42.78,27,1,1,1
"Loreto, Agusan del Sur, Philippines",8.14642,125.65328,SpaceX Starlink,158561,23410,158.56,23.41,34,1,1,1
"Santo Domingo, Albay, Philippines",13.25265,123.76295,SpaceX Starlink,136959,24730,136.96,24.73,32,1,1,1
"Balagtas, Bulacan, Philippines",14.81784,120.90646,PLDT,99035,55123,99.04,55.12,6,1,1,1
"Esperanza, Sultan Kudarat, Philippines",6.70074,124.48636,SpaceX Starlink,408843,30874,408.84,30.87,107,1,1,1
"Salay, Misamis Oriental, Philippines",8.8714,124.8293,Converge,258326,273060,258.33,273.06,24,1,1,1
"Bacuag, Surigao del Norte, Philippines",9.57881,125.63142,PLDT,44999,5379,45.00,5.38,95,1,1,1
"Bunawan, Agusan del Sur, Philippines",8.21647,126.04584,Converge,198277,236932,198.28,236.93,4,1,1,1
"Maslog, Eastern Samar, Philippines",12.10834,125.17087,SpaceX Starlink,159073,19015,159.07,19.02,27,1,1,1
"Bayawan City, Negros Oriental, Philippines",9.53644,122.7633,PLDT Home Fiber,13425,13384,13.43,13.38,8,1,1,1
"Bayawan City, Negros Oriental, Philippines",9.53644,122.7633,SpaceX Starlink,38405,10154,38.41,10.15,38,1,1,1
"Basista, Pangasinan, Philippines",15.86113,120.39543,Converge,17419,25207,17.42,25.21,5,1,1,1
"Ilagan City, Isabela, Philippines",17.12845,122.12918,Globe,54227,51938,54.23,51.94,7,1,1,1
"Malinao, Aklan, Philippines",11.61528,122.2427,SpaceX Starlink,211663,16058,211.66,16.06,26,1,1,1
"Dinas, Zamboanga del Sur, Philippines",7.64262,123.32617,PLDT Home Fiber,195816,46076,195.82,46.08,6,1,1,1
"Anao, Tarlac, Philippines",15.7435,120.61424,PLDT Home Fiber,214101,192617,214.10,192.62,9,1,1,1
"Gerona, Tarlac, Philippines",15.60489,120.59698,SpaceX Starlink,73581,28170,73.58,28.17,30,1,1,1
"Salcedo, Ilocos Sur, Philippines",17.13472,120.56245,Converge,22754,2973,22.75,2.97,14,1,1,1
"Shariff Aguak, Maguindanao del Sur, Philippines",6.86632,124.44158,Globe,79583,26426,79.58,26.43,9,1,1,1
"Alicia, Isabela, Philippines",16.80691,121.69674,Globe,58834,52399,58.83,52.40,7,1,1,1
"San Narciso, Quezon, Philippines",13.49997,122.5599,PLDT Home Fiber,816792,769032,816.79,769.03,5,1,1,1
"Moncada, Tarlac, Philippines",15.73756,120.55094,PLDT,53468,47853,53.47,47.85,10,1,1,1
"Gamu, Isabela, Philippines",17.06905,121.85725,Converge,148944,179582,148.94,179.58,7,1,1,1
"Roxas, Oriental Mindoro, Philippines",12.62617,121.47989,PLDT,44638,50020,44.64,50.02,7,1,1,1
"San Mateo, Rizal, Philippines",14.69539,121.11767,SpaceX Starlink,454,409,0.45,0.41,23,1,1,1
"Quezon, Bukidnon, Philippines",7.71645,125.17087,Globe,171,918,0.17,0.92,546,1,1,1
"San Francisco, Agusan del Sur, Philippines",8.44573,125.95878,Globe,42525,4781,42.53,4.78,9,1,1,1
"Bangued, Abra, Philippines",17.58818,120.63149,PLDT,103592,95118,103.59,95.12,13,1,1,1
"Balilihan, Bohol, Philippines",9.76704,123.9973,PLDT Home Fiber,319539,114040,319.54,114.04,8,1,1,1
"Santa Cruz, Occidental Mindoro, Philippines",13.10577,120.84989,SpaceX Starlink,10294,8769,10.29,8.77,18,1,1,1
"Murcia, Negros Occidental, Philippines",10.60643,123.03944,SpaceX Starlink,109855,36539,109.86,36.54,27,1,1,1
"Tomas Oppus, Southern Leyte, Philippines",10.27733,124.93964,SpaceX Starlink,325887,33820,325.89,33.82,36,1,1,1
"Bantayan, Cebu, Philippines",11.18041,123.7406,SpaceX Starlink,871,220,0.87,0.22,44,1,1,1
"Mauban, Quezon, Philippines",14.23756,121.69674,SpaceX Starlink,73645,10809,73.65,10.81,35,1,1,1
"Ronda, Cebu, Philippines",9.99214,123.44956,SpaceX Starlink,169366,27207,169.37,27.21,27,1,1,1
"Almeria, Biliran, Philippines",11.63959,124.40873,SpaceX Starlink,73843,23515,73.84,23.52,38,1,1,1
"Agno, Pangasinan, Philippines",16.10329,119.81208,Converge,88835,127036,88.84,127.04,6,1,1,1
"Basud, Camarines Norte, Philippines",14.00663,122.9663,SpaceX Starlink,16518,770,16.52,0.77,25,1,1,1
"City of Tabuk, Kalinga, Philippines",17.42402,121.3999,SpaceX Starlink,42156,2359,42.16,2.36,33,1,1,1
"Majayjay, Laguna, Philippines",14.14491,121.46983,Globe,312639,342502,312.64,342.50,7,1,1,1
"Lila, Bohol, Philippines",9.61254,124.09755,Globe,127731,125021,127.73,125.02,4,1,1,1
"Gutalac, Zamboanga del Norte, Philippines",7.95003,122.37876,PLDT,5742,23869,5.74,23.87,51,1,1,1
"San Isidro, Davao del Norte, Philippines",7.74798,125.72938,SpaceX Starlink,164369,39099,164.37,39.10,37,1,1,1
"Padada, Davao del Sur, Philippines",6.6593,125.33565,SpaceX Starlink,363023,19398,363.02,19.40,30,1,1,1
"Diffun, Quirino, Philippines",16.55288,121.46847,PLDT,50573,53426,50.57,53.43,17,1,1,1
"Del Carmen, Surigao del Norte, Philippines",9.87498,125.98055,PLDT Home Fiber,8221,33418,8.22,33.42,244,1,1,1
"Mawab, Davao de Oro, Philippines",7.51701,125.937,SpaceX Starlink,38985,8337,38.99,8.34,41,1,1,1
"Abucay, Bataan, Philippines",14.73361,120.49336,Globe,177205,170757,177.21,170.76,7,1,1,1
"Olongapo City, Zambales, Philippines",14.88739,120.36661,SpaceX Starlink,275,481,0.28,0.48,26,1,1,1
"Bingawan, Iloilo, Philippines",11.16855,122.57121,SpaceX Starlink,68124,23038,68.12,23.04,19,1,1,1
"Burgos, Isabela, Philippines",17.09164,121.70272,PLDT Home Fiber,232,24429,0.23,24.43,11,1,1,1
"City of Tandag, Surigao del Sur, Philippines",9.08041,126.0676,PLDT,290866,432122,290.87,432.12,10,1,1,1
"Basud, Camarines Norte, Philippines",14.00663,122.9663,Globe,38729,35994,38.73,35.99,12,1,1,1
"Bay, Laguna, Philippines",14.14064,121.26836,Converge,73668,89317,73.67,89.32,5,1,1,1
"San Ildefonso, Ilocos Sur, Philippines",17.623,120.39543,PLDT,223260,181760,223.26,181.76,15,1,1,1
"Paniqui, Tarlac, Philippines",15.66603,120.53942,Globe,121614,82969,121.61,82.97,2,1,1,1
"General Luna, Surigao del Norte, Philippines",9.78375,126.15657,PLDT,43452,47645,43.45,47.65,22,1,1,1
"Gerona, Tarlac, Philippines",15.60489,120.59698,Globe,351979,394842,351.98,394.84,2,1,1,1
"Tampilisan, Zamboanga del Norte, Philippines",7.97248,122.66165,PLDT,39016,79804,39.02,79.80,18,1,1,1
"Mahayag, Zamboanga del Sur, Philippines",8.15835,123.41593,PLDT,61143,313743,61.14,313.74,6,1,1,1
"Dumalag, Capiz, Philippines",11.32106,122.61644,PLDT,19264,19278,19.26,19.28,10,1,1,1
"Pola, Oriental Mindoro, Philippines",13.1196,121.43419,Globe,348350,221520,348.35,221.52,10,1,1,1
"Carmen, Bohol, Philippines",9.81991,124.19656,Globe,214190,156680,214.19,156.68,5,1,1,1
"Sinacaban, Misamis Occidental, Philippines",8.28494,123.84293,PLDT Home Fiber,11392,8708,11.39,8.71,10,1,1,1
"Tuy, Batangas, Philippines",14.03435,120.74649,SpaceX Starlink,298750,23391,298.75,23.39,23,1,1,1
"Quezon, Philippines",14.06282,122.11783,PLDT Home Fiber,4005,46144,4.01,46.14,11,1,1,1
"Gloria, Oriental Mindoro, Philippines",12.93397,121.37703,Converge,514600,771533,514.60,771.53,10,1,1,1
"Sibagat, Agusan del Sur, Philippines",8.98225,125.78435,Globe,275096,58942,275.10,58.94,7,1,1,1
"San Pablo, Isabela, Philippines",17.47886,122.03829,Globe,144606,167738,144.61,167.74,8,1,1,1
"Agno, Pangasinan, Philippines",16.10329,119.81208,Globe,47191,48784,47.19,48.78,12,1,1,1
"Santa Elena, Camarines Norte, Philippines",14.13615,122.37876,Converge,67678,57737,67.68,57.74,5,1,1,1
"Norzagaray, Bulacan, Philippines",14.89659,121.14813,Globe,280625,249327,280.63,249.33,7,1,1,1
"Vintar, Ilocos Norte, Philippines",18.31413,120.78097,SpaceX Starlink,7983,7855,7.98,7.86,26,1,1,1
"San Francisco, Agusan del Sur, Philippines",8.44573,125.95878,SpaceX Starlink,158653,15866,158.65,15.87,39,1,1,1
"Tabontabon, Leyte, Philippines",11.03934,124.94515,PLDT,288268,304502,288.27,304.50,31,1,1,1
"Digos, Davao del Sur, Philippines",6.74347,125.35515,SpaceX Starlink,277595,23932,277.60,23.93,32,1,1,1
"Piat, Cagayan, Philippines",17.75315,121.55983,Converge,641621,501811,641.62,501.81,11,1,1,1
"San Jose, Tarlac, Philippines",15.42002,120.29742,Converge,207020,99785,207.02,99.79,10,1,1,1
"Magsingal, Ilocos Sur, Philippines",17.6831,120.44729,PLDT,8262,6743,8.26,6.74,90,1,1,1
"Santa Cruz, Marinduque, Philippines",13.45623,122.01555,PLDT Home Fiber,52527,83231,52.53,83.23,7,1,1,1
"Luna, Apayao, Philippines",18.29953,121.21685,PLDT,214603,190912,214.60,190.91,13,1,1,1
"Ragay, Camarines Sur, Philippines",13.83123,122.78588,Globe,4992,4782,4.99,4.78,23,1,1,1
"Northern Kabuntalan, Maguindanao, Philippines",7.17762,124.44201,SpaceX Starlink,12221,16425,12.22,16.43,31,1,1,1
"Valenzuela, Metro Manila, Philippines",14.69247,120.96991,SpaceX Starlink,45363,3139,45.36,3.14,22,1,1,1
"Morong, Rizal, Philippines",14.51286,121.23855,Globe,827758,670198,827.76,670.20,7,1,1,1
"Pikit, Cotabato, Philippines",7.05314,124.61927,Globe,571968,542242,571.97,542.24,7,1,1,1
"San Nicolas, Ilocos Norte, Philippines",18.14708,120.58547,PLDT Home Fiber,44422,50376,44.42,50.38,12,1,1,1
"Datu Paglas, Maguindanao, Philippines",6.74106,124.88449,PLDT,42173,41634,42.17,41.63,21,1,1,1
"Mondragon, Northern Samar, Philippines",12.41696,124.79617,PLDT Home Fiber,518408,959556,518.41,959.56,9,1,1,1
"Bilar, Bohol, Philippines",9.71375,124.13094,PLDT Home Fiber,296677,308107,296.68,308.11,6,1,1,1
"Samboan, Cebu, Philippines",9.50436,123.33739,Globe,2266,16843,2.27,16.84,8,1,1,1
"Tagapul-an, Samar, Philippines",12.06184,124.18657,SpaceX Starlink,239215,20583,239.22,20.58,27,1,1,1
"Lapuyan, Zamboanga del Sur, Philippines",7.69162,123.19137,SpaceX Starlink,90738,34871,90.74,34.87,41,1,1,1
"Pamplona, Camarines Sur, Philippines",13.59715,123.06765,Converge,117112,111980,117.11,111.98,14,1,1,1
"Kalawit, Zamboanga del Norte, Philippines",7.93821,122.51464,PLDT Home Fiber,2721,2860,2.72,2.86,14,1,1,1
"Bantayan, Cebu, Philippines",11.18041,123.7406,PLDT Home Fiber,109615,194800,109.62,194.80,31,1,1,1
"Plaridel, Misamis Occidental, Philippines",8.61148,123.69588,PLDT,24969,25396,24.97,25.40,10,1,1,1
"San Marcelino, Zambales, Philippines",15.02605,120.27435,PLDT Home Fiber,122484,124745,122.48,124.75,13,1,1,1
"Batan, Aklan, Philippines",11.5473,122.54859,PLDT Home Fiber,238209,278484,238.21,278.48,9,1,1,1
"Liliw, Laguna, Philippines",14.12617,121.4399,Converge,28810,47485,28.81,47.49,5,1,1,1
"Samal, Davao del Norte, Philippines",7.08352,125.70578,Converge,90421,84059,90.42,84.06,5,1,1,1
"Presentacion, Camarines Sur, Philippines",13.76858,123.72942,Converge,24467,24977,24.47,24.98,26,1,1,1
"Lagonglong, Misamis Oriental, Philippines",8.81524,124.8293,PLDT,107235,105605,107.24,105.61,19,1,1,1
"Mobo, Masbate, Philippines",12.33588,123.65879,SpaceX Starlink,96043,16411,96.04,16.41,28,1,1,1
"Baungon, Bukidnon, Philippines",8.21754,124.75198,SpaceX Starlink,195450,31707,195.45,31.71,38,1,1,1
"Alubijid, Misamis Oriental, Philippines",8.53597,124.4531,Converge,117466,126163,117.47,126.16,9,1,1,1
"Dauis, Bohol, Philippines",9.60401,123.82996,SpaceX Starlink,247221,10301,247.22,10.30,38,1,1,1
"City of Borongan, Eastern Samar, Philippines",11.61739,125.34663,SpaceX Starlink,353628,24821,353.63,24.82,33,1,1,1
"Talisay, Camarines Norte, Philippines",14.1394,122.92686,Globe,58338,51729,58.34,51.73,13,1,1,1
"Lopez, Quezon, Philippines",13.80005,122.31075,PLDT Home Fiber,92123,92732,92.12,92.73,10,1,1,1
"Bauan, Batangas, Philippines",13.79627,120.97616,Globe,736302,423449,736.30,423.45,6,1,1,1
"Pinamungahan, Cebu, Philippines",10.26958,123.63996,PLDT Home Fiber,100737,69313,100.74,69.31,5,1,1,1
"Sablayan, Occidental Mindoro, Philippines",12.88349,120.98763,PLDT,979637,414934,979.64,414.93,14,1,1,1
"Marikina, Metro Manila, Philippines",14.63493,121.10195,SpaceX Starlink,111287,23847,111.29,23.85,25,1,1,1
"Dingalan, Aurora, Philippines",15.43523,121.42276,Converge,246035,303434,246.04,303.43,6,1,1,1
"Biñan, Laguna, Philippines",14.31456,121.08316,SpaceX Starlink,18930,4261,18.93,4.26,19,1,1,1
"Candelaria, Zambales, Philippines",15.63998,120.08963,Globe,320812,332705,320.81,332.71,7,1,1,1
"Pugo, La Union, Philippines",16.32133,120.47609,Globe,246554,245583,246.55,245.58,7,1,1,1
"Mabini, Batangas, Philippines",13.72355,120.9073,PLDT,61150,54564,61.15,54.56,8,1,1,1
"Maramag, Bukidnon, Philippines",7.82687,124.97271,SpaceX Starlink,315909,15976,315.91,15.98,39,1,1,1
"San Vicente, Camarines Norte, Philippines",14.07278,122.86485,Converge,70350,45735,70.35,45.74,14,1,1,1
"Kinoguitan, Misamis Oriental, Philippines",8.96102,124.82378,PLDT,46931,49066,46.93,49.07,4,1,1,1
"Baliangao, Misamis Occidental, Philippines",8.61809,123.62877,PLDT Home Fiber,101280,197256,101.28,197.26,10,1,1,1
"Tubay, Agusan del Norte, Philippines",9.20362,125.55484,PLDT Home Fiber,32388,42058,32.39,42.06,7,1,1,1
"Boljoon, Cebu, Philippines",9.64574,123.44956,Converge,6933,4753,6.93,4.75,27,1,1,1
"Jimenez, Misamis Occidental, Philippines",8.33504,123.83977,PLDT,48475,49021,48.48,49.02,5,1,1,1
"Talakag, Bukidnon, Philippines",8.05293,124.72988,Converge,49634,149,49.63,0.15,7,1,1,1
"Don Victoriano Chiongbian (Don Mariano Marcos), Misamis Occidental, Philippines",8.25424,123.59519,PLDT Home Fiber,857,31745,0.86,31.75,51,1,1,1
"Lantapan, Bukidnon, Philippines",8.04797,124.97271,SpaceX Starlink,202441,16647,202.44,16.65,42,1,1,1
"City of El Salvador, Misamis Oriental, Philippines",8.47767,124.47527,PLDT,100308,276137,100.31,276.14,6,1,1,1
"Lambunao, Iloilo, Philippines",11.12265,122.37876,Globe,346121,319857,346.12,319.86,5,1,1,1
"Manjuyod, Negros Oriental, Philippines",9.71246,123.10141,PLDT,68709,82483,68.71,82.48,11,1,1,1
"Socorro, Oriental Mindoro, Philippines",13.09119,121.34273,PLDT,79756,60516,79.76,60.52,13,1,1,1
"Jasaan, Misamis Oriental, Philippines",8.65161,124.78513,Globe,13128,722,13.13,0.72,12,1,1,1
"Danao, Cebu, Philippines",10.52013,124.02712,SpaceX Starlink,17634,10175,17.63,10.18,33,1,1,1
"Buenavista, Bohol, Philippines",10.04477,124.16432,SpaceX Starlink,10616,7020,10.62,7.02,34,1,1,1
"Alcantara, Cebu, Philippines",9.97245,123.41032,Globe,556203,550090,556.20,550.09,7,1,1,1
"San Rafael, Iloilo, Philippines",11.17902,122.82752,Converge,30695,22962,30.70,22.96,12,1,1,1
"Tagkawayan, Quezon, Philippines",13.96843,122.53376,SpaceX Starlink,270129,34388,270.13,34.39,20,1,1,1
"Pio Duran, Albay, Philippines",13.0473,123.46077,PLDT Home Fiber,11309,6215,11.31,6.22,75,1,1,1
"Pinili, Ilocos Norte, Philippines",17.94294,120.53942,Converge,247939,278326,247.94,278.33,8,1,1,1
"Macalelon, Quezon, Philippines",13.7674,122.18596,PLDT Home Fiber,244124,246005,244.12,246.01,10,1,1,1
"San Andres, Romblon, Philippines",12.53099,122.04965,PLDT,2475,2770,2.48,2.77,11,1,1,1
"Bayog, Zamboanga del Sur, Philippines",7.8946,123.01136,SpaceX Starlink,52309,18438,52.31,18.44,38,1,1,1
"Canaman, Camarines Sur, Philippines",13.64758,123.13515,Globe,366403,365023,366.40,365.02,12,1,1,1
"Pugo, La Union, Philippines",16.32133,120.47609,PLDT Home Fiber,93034,66693,93.03,66.69,2,1,1,1
"Al-Barka, Basilan, Philippines",6.54039,122.11783,SpaceX Starlink,112381,33440,112.38,33.44,27,1,1,1
"Nueva Era, Ilocos Norte, Philippines",17.94079,120.735,PLDT Home Fiber,68531,77652,68.53,77.65,10,1,1,1
"Juban, Sorsogon, Philippines",12.80476,123.96385,Converge,151214,142206,151.21,142.21,17,1,1,1
"San Nicolas, Batangas, Philippines",13.99452,120.99337,Converge,59843,35745,59.84,35.75,12,1,1,1
"Lumbayanague, Lanao del Sur, Philippines",7.7748,124.29216,SpaceX Starlink,725,4908,0.73,4.91,43,1,1,1
"Mina, Iloilo, Philippines",10.93111,122.5735,Converge,240086,225020,240.09,225.02,11,1,1,1
"Urbiztondo, Pangasinan, Philippines",15.82012,120.35508,Globe,51990,51601,51.99,51.60,5,1,1,1
"Carigara, Leyte, Philippines",11.25914,124.70777,PLDT,53852,55537,53.85,55.54,14,1,1,1
"Guinobatan, Albay, Philippines",13.15419,123.55041,SpaceX Starlink,217301,27993,217.30,27.99,34,1,1,1
"Tupi, South Cotabato, Philippines",6.33849,124.97271,SpaceX Starlink,59696,1876,59.70,1.88,44,1,1,1
"Sultan Sa Barongis (Lambayong), Maguindanao, Philippines",6.89766,124.63034,PLDT Home Fiber,39376,42463,39.38,42.46,14,1,1,1
"Tunga, Leyte, Philippines",11.2477,124.75751,Converge,405898,308934,405.90,308.93,8,1,1,1
"Santa Praxedes, Cagayan, Philippines",18.51876,120.9991,PLDT Home Fiber,244108,308601,244.11,308.60,11,1,1,1
"Datu Piang, Maguindanao del Sur, Philippines",7.02682,124.50538,Globe,26968,15284,26.97,15.28,10,1,1,1
"Cotabato City, Maguindanao del Norte, Philippines",7.20467,124.23104,SpaceX Starlink,165,306,0.17,0.31,29,1,1,1
"San Agustin, Isabela, Philippines",16.49153,121.83349,PLDT Home Fiber,207149,230548,207.15,230.55,14,1,1,1
"Paracelis, Mountain Province, Philippines",17.15622,121.49132,SpaceX Starlink,53095,8419,53.10,8.42,40,1,1,1
"Camalig, Albay, Philippines",13.14101,123.63996,PLDT,49296,331856,49.30,331.86,6,1,1,1
"Magsaysay, Davao del Sur, Philippines",6.75271,125.15221,PLDT Home Fiber,495522,517647,495.52,517.65,7,1,1,1
"Sibunag, Guimaras, Philippines",10.54518,122.60514,PLDT Home Fiber,86228,93308,86.23,93.31,18,1,1,1
"Piat, Cagayan, Philippines",17.75315,121.55983,PLDT Home Fiber,200314,189422,200.31,189.42,14,1,1,1
"Janiuay, Iloilo, Philippines",10.99877,122.42407,Converge,43963,58637,43.96,58.64,10,1,1,1
"Matalom, Leyte, Philippines",10.27173,124.8293,Globe,129567,130201,129.57,130.20,7,1,1,1
"San Isidro, Abra, Philippines",17.48006,120.61424,SpaceX Starlink,31619,24461,31.62,24.46,24,1,1,1
"Agno, Pangasinan, Philippines",16.10329,119.81208,SpaceX Starlink,14610,46847,14.61,46.85,27,1,1,1
"Tigaon, Camarines Sur, Philippines",13.61703,123.47198,Globe,29241,25511,29.24,25.51,13,1,1,1
"Echague, Isabela, Philippines",16.66606,121.78792,SpaceX Starlink,77484,34742,77.48,34.74,26,1,1,1
"Javier, Leyte, Philippines",10.76718,124.92861,PLDT,86931,114299,86.93,114.30,18,1,1,1
"Bacong, Negros Oriental, Philippines",9.24338,123.27003,SpaceX Starlink,413182,35915,413.18,35.92,49,1,1,1
"Pio Duran, Albay, Philippines",13.0473,123.46077,PLDT,55746,85446,55.75,85.45,11,1,1,1
"San Enrique, Iloilo, Philippines",11.10989,122.72943,Converge,17695,8226,17.70,8.23,10,1,1,1
"Balete, Batangas, Philippines",14.0092,121.10802,Converge,14155,750,14.16,0.75,7,1,1,1
"Mabuhay, Zamboanga Sibugay, Philippines",7.38904,122.90995,PLDT,92798,79962,92.80,79.96,12,1,1,1
"Caoayan, Ilocos Sur, Philippines",17.53822,120.39543,SpaceX Starlink,84682,41600,84.68,41.60,23,1,1,1
"San Sebastian, Samar, Philippines",11.69094,125.0278,Converge,76747,108808,76.75,108.81,8,1,1,1
"Magsaysay, Occidental Mindoro, Philippines",12.34908,121.19395,Converge,56175,52389,56.18,52.39,10,1,1,1
"Buldon, Maguindanao, Philippines",7.47483,124.39764,SpaceX Starlink,1468,2637,1.47,2.64,264,1,1,1
"Gitagum, Misamis Oriental, Philippines",8.56139,124.38654,PLDT,105331,234338,105.33,234.34,2,1,1,1
"Basista, Pangasinan, Philippines",15.86113,120.39543,Globe,114784,103638,114.78,103.64,4,1,1,1
"Diffun, Quirino, Philippines",16.55288,121.46847,Converge,43424,240855,43.42,240.86,8,1,1,1
"Cavinti, Laguna, Philippines",14.24907,121.54842,PLDT,305076,305955,305.08,305.96,5,1,1,1
"Lupon, Davao Oriental, Philippines",7.09663,126.19798,PLDT,93837,91440,93.84,91.44,9,1,1,1
"New Lucena, Iloilo, Philippines",10.87841,122.59781,Globe,156831,113420,156.83,113.42,13,1,1,1
"Allen, Northern Samar, Philippines",12.49588,124.31993,PLDT,51106,50255,51.11,50.26,220,1,1,1
"Mahinog, Camiguin, Philippines",9.17901,124.76303,PLDT,101818,115305,101.82,115.31,16,1,1,1
"Pilar, Capiz, Philippines",11.46783,123.02262,PLDT Home Fiber,159179,139344,159.18,139.34,10,1,1,1
"Carmen, Bohol, Philippines",9.81991,124.19656,PLDT Home Fiber,195595,614375,195.60,614.38,8,1,1,1
"Oas, Albay, Philippines",13.14041,123.37106,SpaceX Starlink,15295,5599,15.30,5.60,30,1,1,1
"Mina, Iloilo, Philippines",10.93111,122.5735,PLDT Home Fiber,61064,19065,61.06,19.07,7,1,1,1
"Libungan, Cotabato, Philippines",7.31637,124.53068,Globe,60600,80337,60.60,80.34,27,1,1,1
"Kabacan, Cotabato, Philippines",7.10719,124.84034,SpaceX Starlink,258308,42771,258.31,42.77,47,1,1,1
"Palauig, Zambales, Philippines",15.46513,120.13583,PLDT,68872,61151,68.87,61.15,10,1,1,1
"Talaingod, Davao del Norte, Philippines",7.68339,125.522,PLDT Home Fiber,510442,179399,510.44,179.40,39,1,1,1
"Victorias, Negros Occidental, Philippines",10.901,123.07045,SpaceX Starlink,70492,19997,70.49,20.00,20,1,1,1
"Padada, Davao del Sur, Philippines",6.6593,125.33565,PLDT,58245,58375,58.25,58.38,8,1,1,1
"Santa Fe, Cebu, Philippines",11.16913,123.79088,Converge,9732,9442,9.73,9.44,6,1,1,1
"Tagudin, Ilocos Sur, Philippines",16.93875,120.47033,PLDT,132129,47930,132.13,47.93,3,1,1,1
"Taytay, Palawan, Philippines",10.66876,119.46436,PLDT Home Fiber,76660,64584,76.66,64.58,20,1,1,1
"Magpet, Cotabato, Philippines",7.1332,125.17087,SpaceX Starlink,8044,7793,8.04,7.79,41,1,1,1
"San Jose City, Nueva Ecija, Philippines",15.79188,120.99008,Globe,339384,300804,339.38,300.80,5,1,1,1
"San Isidro, Davao Oriental, Philippines",6.78235,126.11108,PLDT Home Fiber,18217,15843,18.22,15.84,16,1,1,1
"Rizal, Nueva Ecija, Philippines",15.69357,121.10229,Globe,75329,34849,75.33,34.85,5,1,1,1
"Caoayan, Ilocos Sur, Philippines",17.53822,120.39543,PLDT,24712,16395,24.71,16.40,45,1,1,1
"Alburquerque, Bohol, Philippines",9.62742,123.96385,PLDT Home Fiber,373350,196106,373.35,196.11,5,1,1,1
"Mangudadatu, Maguindanao, Philippines",6.70535,124.82378,PLDT Home Fiber,462475,307334,462.48,307.33,19,1,1,1
"Sogod, Cebu, Philippines",10.77419,123.9527,PLDT,167095,202335,167.10,202.34,8,1,1,1
"Gen. S. K. Pendatun, Maguindanao, Philippines",6.81786,124.71882,PLDT,30843,14301,30.84,14.30,18,1,1,1
"Majayjay, Laguna, Philippines",14.14491,121.46983,Converge,285421,230916,285.42,230.92,9,1,1,1
"Burgos, Ilocos Sur, Philippines",17.31148,120.51639,PLDT Home Fiber,89345,68275,89.35,68.28,5,1,1,1
"Patnongon, Antique, Philippines",10.92303,122.06102,PLDT,320302,293447,320.30,293.45,9,1,1,1
"Makilala, Cotabato, Philippines",6.92343,125.08286,PLDT,7454,4012,7.45,4.01,40,1,1,1
"Mandaluyong City, Metro Manila, Philippines",14.57627,121.03924,SpaceX Starlink,74128,12543,74.13,12.54,25,1,1,1
"Zamboanguita, Negros Oriental, Philippines",9.13189,123.1464,PLDT,84760,81839,84.76,81.84,7,1,1,1
"Magallanes, Cavite, Philippines",14.15828,120.74649,Converge,367071,199990,367.07,199.99,8,1,1,1
"Torrijos, Marinduque, Philippines",13.33435,122.01555,SpaceX Starlink,59517,14605,59.52,14.61,19,1,1,1
"Mulondo, Lanao del Sur, Philippines",7.92808,124.38654,Globe,23283,6598,23.28,6.60,20,1,1,1
"Palayan City, Nueva Ecija, Philippines",15.53906,121.09083,Globe,61092,51949,61.09,51.95,5,1,1,1
"Macalelon, Quezon, Philippines",13.7674,122.18596,Converge,72106,30313,72.11,30.31,9,1,1,1
"Kabacan, Cotabato, Philippines",7.10719,124.84034,PLDT,54116,192590,54.12,192.59,10,1,1,1
"Mataas Na Kahoy, Batangas, Philippines",13.97995,121.09656,PLDT,196632,294981,196.63,294.98,5,1,1,1
"Abuyog, Leyte, Philippines",10.67348,125.06084,PLDT,11523,37008,11.52,37.01,72,1,1,1
"Guiuan, Eastern Samar, Philippines",10.79308,125.68607,SpaceX Starlink,917,408,0.92,0.41,36,1,1,1
"San Francisco (Anao-aon), Surigao del Norte, Philippines",9.77652,125.42187,PLDT Home Fiber,294622,322426,294.62,322.43,6,1,1,1
"Don Carlos, Bukidnon, Philippines",7.67895,124.99652,PLDT,8736,8051,8.74,8.05,71,1,1,1
"Matnog, Sorsogon, Philippines",12.60511,124.04187,Converge,80393,52169,80.39,52.17,15,1,1,1
"Padre Burgos, Southern Leyte, Philippines",10.07868,125.00577,PLDT,339175,189454,339.18,189.45,5,1,1,1
"Roxas, Palawan, Philippines",10.42746,119.46436,SpaceX Starlink,8002,12794,8.00,12.79,19,1,1,1
"Naguilian, Isabela, Philippines",16.99684,121.86765,PLDT,15350,18925,15.35,18.93,13,1,1,1
"Brooke's Point, Palawan, Philippines",8.78617,117.83817,SpaceX Starlink,350175,47525,350.18,47.53,43,1,1,1
"Goa, Camarines Sur, Philippines",13.73619,123.41593,PLDT Home Fiber,34944,25104,34.94,25.10,16,1,1,1
"Tampakan, South Cotabato, Philippines",6.49121,125.08286,PLDT,204415,237059,204.42,237.06,10,1,1,1
"Lagayan, Abra, Philippines",17.77143,120.735,PLDT Home Fiber,161208,70781,161.21,70.78,5,1,1,1
"Glan, Sarangani, Philippines",5.82205,125.20413,SpaceX Starlink,232127,15921,232.13,15.92,24,1,1,1
"Cauayan, Negros Occidental, Philippines",9.92601,122.5599,PLDT,154157,162172,154.16,162.17,7,1,1,1
"Sison, Pangasinan, Philippines",16.14981,120.59698,Globe,121125,109250,121.13,109.25,5,1,1,1
"Sablan, Benguet, Philippines",16.49609,120.48794,PLDT,95340,35679,95.34,35.68,11,1,1,1
"Bato, Camarines Sur, Philippines",13.31907,123.31494,SpaceX Starlink,20257,15418,20.26,15.42,18,1,1,1
"Talisay, Camarines Norte, Philippines",14.1394,122.92686,PLDT Home Fiber,47662,30638,47.66,30.64,8,1,1,1
"Minalabac, Camarines Sur, Philippines",13.52836,123.19137,SpaceX Starlink,324603,20820,324.60,20.82,19,1,1,1
"Dauis, Bohol, Philippines",9.60401,123.82996,PLDT,255078,146525,255.08,146.53,3,1,1,1
"Loboc, Bohol, Philippines",9.64737,124.04187,PLDT,15322,12015,15.32,12.02,6,1,1,1
"Lagonglong, Misamis Oriental, Philippines",8.81524,124.8293,PLDT Home Fiber,208631,48024,208.63,48.02,3,1,1,1
"Dulag, Leyte, Philippines",10.95915,125.00577,Globe,45271,50444,45.27,50.44,28,1,1,1
"Amadeo, Cavite, Philippines",14.18985,120.92452,SpaceX Starlink,94133,28780,94.13,28.78,25,1,1,1
"Salvador, Lanao del Norte, Philippines",7.90112,123.87462,SpaceX Starlink,4163,4251,4.16,4.25,47,1,1,1
"Macrohon, Southern Leyte, Philippines",10.084,124.96169,PLDT Home Fiber,683080,654377,683.08,654.38,10,1,1,1
"Lambunao, Iloilo, Philippines",11.12265,122.37876,SpaceX Starlink,88524,13523,88.52,13.52,31,1,1,1
"Cabugao, Ilocos Sur, Philippines",17.78518,120.47033,Globe,491813,424192,491.81,424.19,8,1,1,1
"Lumba-bayabao (Maguing), Lanao del Sur, Philippines",7.78212,124.46418,SpaceX Starlink,149435,31343,149.44,31.34,50,1,1,1
"Bolinao, Pangasinan, Philippines",16.30742,119.85838,Globe,56556,35794,56.56,35.79,7,1,1,1
"Rizal, Nueva Ecija, Philippines",15.69357,121.10229,Converge,459615,476103,459.62,476.10,6,1,1,1
"Botolan, Zambales, Philippines",15.26625,120.20511,PLDT Home Fiber,77341,408088,77.34,408.09,9,1,1,1
"Alcantara, Cebu, Philippines",9.97245,123.41032,SpaceX Starlink,257838,19768,257.84,19.77,37,1,1,1
