Location Name,Latitude,Longitude,Provider,Download Speed,Upload Speed,Download Speed Mbps,Upload Speed Mbps,Minimum Latency,Test Count,Sample Count,Device Count
"Cotabato City, Maguindanao del Norte, Philippines",7.20467,124.23104,Globe,26212,12460,26.21,12.46,22,1642,25,29
"Zamboanga City, Zamboanga del Sur, Philippines",6.90437,122.07612,Globe,40447,8772,40.45,8.77,30,941,19,32
"Tagum, Davao del Norte, Philippines",7.44742,125.80246,Globe,33654,14931,33.65,14.93,23,787,10,14
"Quezon City, Metro Manila, Philippines",14.64879,121.05094,Smart,58872,6137,58.87,6.14,15,604,141,379
"Dolores, Eastern Samar, Philippines",12.10552,125.32468,Globe,53092,30656,53.09,30.66,31,513,2,4
"Quezon City, Metro Manila, Philippines",14.64879,121.05094,Globe,69444,7571,69.44,7.57,15,513,137,342
"Tacloban City, Leyte, Philippines",11.22238,124.99221,Globe,41927,19421,41.93,19.42,28,469,17,24
"Cebu City, Cebu, Philippines",10.29261,123.90219,Smart,86560,7470,86.56,7.47,13,434,70,244
"Pavia, Iloilo, Philippines",10.7748,122.54261,Globe,152506,15872,152.51,15.87,27,384,4,6
"Manila, Metro Manila, Philippines",14.59951,120.98423,Smart,69695,8743,69.70,8.74,16,349,97,209
"Cebu City, Cebu, Philippines",10.29261,123.90219,DITO,104201,7165,104.20,7.17,23,280,22,143
"Oras, Eastern Samar, Philippines",12.17696,125.36857,Globe,32568,2289,32.57,2.29,36,277,1,3
"Cagayan De Oro City, Misamis Oriental, Philippines",8.48029,124.64975,Globe,81962,11676,81.96,11.68,19,275,34,75
"Iligan City, Lanao del Norte, Philippines",8.22707,124.46418,Globe,21558,7842,21.56,7.84,22,270,7,15
"Cebu City, Cebu, Philippines",10.29261,123.90219,Globe,34902,7426,34.90,7.43,24,265,49,146
"Makati City, Metro Manila, Philippines",14.55474,121.02444,Smart,113873,10515,113.87,10.52,14,265,74,167
"Taft, Eastern Samar, Philippines",11.87235,125.32468,Globe,69822,23162,69.82,23.16,31,261,5,6
"Pilar, Bohol, Philippines",9.84115,124.35324,Globe,125182,19345,125.18,19.35,27,251,2,2
"Maramag, Bukidnon, Philippines",7.82687,124.97271,Globe,26334,8296,26.33,8.30,25,250,4,149
"Mandaue, Cebu, Philippines",10.3279,123.94273,Globe,55904,7834,55.90,7.83,22,250,17,33
"Bacolod, Negros Occidental, Philippines",10.66764,122.94556,Globe,60579,8518,60.58,8.52,24,248,32,110
"Cagayan De Oro City, Misamis Oriental, Philippines",8.48029,124.64975,Smart,62200,15085,62.20,15.09,18,244,12,116
"Davao City, Davao del Sur, Philippines",7.06475,125.60884,Smart,68605,6175,68.61,6.18,18,232,44,151
"Taguig, Metro Manila, Philippines",14.53063,121.05755,Smart,72450,10751,72.45,10.75,17,231,70,157
"Angeles, Pampanga, Philippines",15.16061,120.60908,Smart,61538,4141,61.54,4.14,18,226,29,126
"Manila, Metro Manila, Philippines",14.59951,120.98423,Globe,81371,9488,81.37,9.49,15,202,83,130
"Iloilo City, Iloilo, Philippines",10.73019,122.55911,Smart,143866,10853,143.87,10.85,13,202,25,123
"Taguig, Metro Manila, Philippines",14.53063,121.05755,Globe,86735,10772,86.74,10.77,16,201,80,123
"San Juan City, Metro Manila, Philippines",14.60196,121.0355,Globe,66497,9142,66.50,9.14,14,201,11,113
"Manila, Metro Manila, Philippines",14.59951,120.98423,DITO,67472,20068,67.47,20.07,19,201,22,120
"Pasig, Metro Manila, Philippines",14.56082,121.0776,DITO,44349,6518,44.35,6.52,19,197,22,95
"San Policarpo, Eastern Samar, Philippines",12.203,125.45628,Globe,45261,32856,45.26,32.86,32,195,2,2
"Davao City, Davao del Sur, Philippines",7.06475,125.60884,Globe,56045,7748,56.05,7.75,22,188,50,132
"Parañaque, Metro Manila, Philippines",14.47929,121.01985,Smart,72368,9649,72.37,9.65,17,188,51,123
"Angeles, Pampanga, Philippines",15.16061,120.60908,DITO,27044,11340,27.04,11.34,19,187,12,108
"Bacoor, Cavite, Philippines",14.43122,120.96567,Globe,46080,9526,46.08,9.53,18,186,23,68
"Pasig, Metro Manila, Philippines",14.56082,121.0776,Smart,97460,12154,97.46,12.15,15,186,76,130
"Iloilo City, Iloilo, Philippines",10.73019,122.55911,Globe,21627,3611,21.63,3.61,30,184,14,84
"General Trias, Cavite, Philippines",14.38159,120.87915,Globe,43779,9912,43.78,9.91,16,164,13,72
"Makati City, Metro Manila, Philippines",14.55474,121.02444,Globe,72717,11626,72.72,11.63,16,161,67,106
"Batangas City, Batangas, Philippines",13.75641,121.05833,Globe,52711,4712,52.71,4.71,22,157,5,89
"Caloocan, Metro Manila, Philippines",14.65136,120.99022,Globe,33044,4790,33.04,4.79,16,155,33,97
"Abuyog, Leyte, Philippines",10.67348,125.06084,Globe,63116,25706,63.12,25.71,33,151,3,3
"Davao City, Davao del Sur, Philippines",7.06475,125.60884,DITO,74501,6228,74.50,6.23,29,145,30,73
"Pasig, Metro Manila, Philippines",14.56082,121.0776,Globe,66582,6846,66.58,6.85,15,144,60,84
"Bacoor, Cavite, Philippines",14.43122,120.96567,DITO,26990,3168,26.99,3.17,24,135,15,87
"Pasay City, Metro Manila, Philippines",14.53767,121.00081,Smart,64152,9693,64.15,9.69,16,135,58,91
"Dasmariñas, Cavite, Philippines",14.33385,120.95423,Globe,55841,7933,55.84,7.93,19,133,14,74
"Pasay City, Metro Manila, Philippines",14.53767,121.00081,Globe,93130,13023,93.13,13.02,15,130,52,78
"Quezon City, Metro Manila, Philippines",14.64879,121.05094,DITO,57695,8310,57.70,8.31,18,129,44,68
"Muntinlupa, Metro Manila, Philippines",14.39453,121.04483,Smart,63048,8721,63.05,8.72,17,121,51,68
"Cainta, Rizal, Philippines",14.58056,121.11565,DITO,63987,13166,63.99,13.17,27,117,3,66
"Tarlac City, Tarlac, Philippines",15.48808,120.58719,Globe,76815,11619,76.82,11.62,19,117,10,76
"Muntinlupa, Metro Manila, Philippines",14.39453,121.04483,DITO,38321,5283,38.32,5.28,23,115,13,19
"Marikina, Metro Manila, Philippines",14.63493,121.10195,Globe,59361,8702,59.36,8.70,15,114,29,34
"Santo Domingo, Nueva Ecija, Philippines",15.61284,120.88434,Globe,83065,6627,83.07,6.63,28,113,1,75
"Concepcion, Tarlac, Philippines",15.324,120.65596,Globe,69815,19484,69.82,19.48,22,113,2,4
"Muntinlupa, Metro Manila, Philippines",14.39453,121.04483,Globe,69938,11487,69.94,11.49,17,111,30,45
"Lucena City, Quezon, Philippines",13.94139,121.62345,Smart,18211,6368,18.21,6.37,15,110,4,63
"Caloocan, Metro Manila, Philippines",14.65136,120.99022,Smart,43231,6969,43.23,6.97,16,102,33,56
"Tuguegarao City, Cagayan, Philippines",17.60306,121.75374,Globe,32728,10112,32.73,10.11,27,101,6,78
"Caluya, Antique, Philippines",12.01176,121.38847,Globe,3035,4587,3.04,4.59,39,101,3,3
"Calamba, Laguna, Philippines",14.19488,121.15974,Smart,23356,3168,23.36,3.17,20,100,16,57
"Baguio, Benguet, Philippines",16.41297,120.5914,Smart,28987,1593,28.99,1.59,22,98,19,58
"Parañaque, Metro Manila, Philippines",14.47929,121.01985,Globe,74522,7787,74.52,7.79,16,93,41,62
"Talavera, Nueva Ecija, Philippines",15.58575,120.9197,Globe,25917,14522,25.92,14.52,16,92,7,7
"Imus, Cavite, Philippines",14.42764,120.93724,Globe,47962,6304,47.96,6.30,17,91,23,31
"Libona, Bukidnon, Philippines",8.32895,124.75198,Globe,30866,1781,30.87,1.78,20,89,1,4
"Butuan City, Agusan del Norte, Philippines",8.94753,125.54063,Globe,31477,9464,31.48,9.46,27,88,5,60
"Dumaguete City, Negros Oriental, Philippines",9.29841,123.29249,Globe,32588,11776,32.59,11.78,30,88,8,13
"Mandaluyong City, Metro Manila, Philippines",14.57627,121.03924,Smart,69876,7161,69.88,7.16,16,87,39,61
"Cabanatuan City, Nueva Ecija, Philippines",15.49943,121.01057,Smart,42427,2621,42.43,2.62,27,85,5,55
"Taguig, Metro Manila, Philippines",14.53063,121.05755,DITO,28714,5194,28.71,5.19,24,84,36,49
"San Juan City, Metro Manila, Philippines",14.60196,121.0355,Smart,85597,24670,85.60,24.67,13,79,8,47
"Antipolo, Rizal, Philippines",14.58584,121.17569,Globe,50622,5649,50.62,5.65,15,77,31,38
"Silay, Negros Occidental, Philippines",10.79968,122.97605,Globe,22114,20970,22.11,20.97,25,76,1,2
"Bacolod, Negros Occidental, Philippines",10.66764,122.94556,Smart,44145,12497,44.15,12.50,21,75,28,49
"San Fernando, Pampanga, Philippines",15.02781,120.69349,Smart,68452,5390,68.45,5.39,18,75,13,46
"Lipa City, Batangas, Philippines",13.94047,121.19395,Smart,34648,3615,34.65,3.62,19,74,18,46
"Mandaluyong City, Metro Manila, Philippines",14.57627,121.03924,Globe,61156,7198,61.16,7.20,14,72,25,50
"Antipolo, Rizal, Philippines",14.58584,121.17569,Smart,86290,7042,86.29,7.04,14,72,28,42
"Mandaluyong City, Metro Manila, Philippines",14.57627,121.03924,DITO,37298,28426,37.30,28.43,19,71,9,17
"Toledo, Cebu, Philippines",10.38705,123.65017,Globe,57522,16218,57.52,16.22,26,69,4,9
"Mahaplag, Leyte, Philippines",10.58605,124.99475,Globe,62987,24919,62.99,24.92,35,69,2,2
"Baguio, Benguet, Philippines",16.41297,120.5914,Globe,18309,5686,18.31,5.69,22,67,22,36
"Cagayan De Oro City, Misamis Oriental, Philippines",8.48029,124.64975,DITO,173798,4587,173.80,4.59,25,56,7,42
"Dumangas, Iloilo, Philippines",10.82109,122.71167,Globe,44474,14515,44.47,14.52,29,50,3,6
"Alimodian, Iloilo, Philippines",10.85495,122.39009,Globe,257611,40750,257.61,40.75,25,48,1,1
"Zamboanga City, Zamboanga del Sur, Philippines",6.90437,122.07612,Smart,31052,10073,31.05,10.07,26,48,11,24
"Las Piñas, Metro Manila, Philippines",14.44934,120.98186,Globe,50036,6603,50.04,6.60,16,48,24,32
"Meycauayan, Bulacan, Philippines",14.73772,120.96077,Smart,29761,2019,29.76,2.02,20,47,11,17
"Lapu-Lapu, Cebu, Philippines",10.31838,123.96395,Smart,62131,7311,62.13,7.31,18,47,17,23
"General Santos City (Dadiangas), South Cotabato, Philippines",6.14327,125.19286,Smart,35664,15087,35.66,15.09,29,45,21,32
"Parañaque, Metro Manila, Philippines",14.47929,121.01985,DITO,40401,9114,40.40,9.11,23,43,18,24
"Imus, Cavite, Philippines",14.42764,120.93724,Smart,53473,5281,53.47,5.28,26,43,11,20
"Calamba, Laguna, Philippines",14.19488,121.15974,Globe,30267,4816,30.27,4.82,21,42,20,30
"SJDM, Bulacan, Philippines",14.82867,121.04324,Smart,34873,2682,34.87,2.68,17,40,18,24
"Angeles, Pampanga, Philippines",15.16061,120.60908,Globe,31828,5624,31.83,5.62,21,40,18,27
"City of Santa Rosa, Laguna, Philippines",14.31471,121.11232,Globe,54224,4826,54.22,4.83,23,40,13,28
"Naga City, Camarines Sur, Philippines",13.6475,123.27003,Globe,79637,10323,79.64,10.32,23,39,11,12
"Cabuyao City, Laguna, Philippines",14.27433,121.11961,Smart,18991,3618,18.99,3.62,24,38,10,13
"Valenzuela, Metro Manila, Philippines",14.69247,120.96991,Smart,65452,4879,65.45,4.88,13,38,19,31
"SJDM, Bulacan, Philippines",14.82867,121.04324,Globe,37528,7377,37.53,7.38,24,38,14,23
"Bacoor, Cavite, Philippines",14.43122,120.96567,Smart,60984,4279,60.98,4.28,23,38,14,30
"City of Santa Rosa, Laguna, Philippines",14.31471,121.11232,Smart,50434,7466,50.43,7.47,22,36,15,23
"Caloocan, Metro Manila, Philippines",14.65136,120.99022,DITO,36737,14170,36.74,14.17,20,36,17,26
"Dasmariñas, Cavite, Philippines",14.33385,120.95423,Smart,19744,4812,19.74,4.81,24,36,19,27
"Silang, Cavite, Philippines",14.22025,120.96469,Smart,26795,2610,26.80,2.61,26,36,18,26
"Camiling, Tarlac, Philippines",15.67495,120.41272,Globe,65845,13168,65.85,13.17,16,35,2,3
"Antipolo, Rizal, Philippines",14.58584,121.17569,DITO,28807,5918,28.81,5.92,21,35,10,14
"General Santos City (Dadiangas), South Cotabato, Philippines",6.14327,125.19286,DITO,18653,2920,18.65,2.92,43,35,12,18
"Lapu-Lapu, Cebu, Philippines",10.31838,123.96395,Globe,79435,15178,79.44,15.18,25,35,15,25
"Silang, Cavite, Philippines",14.22025,120.96469,Globe,31131,4972,31.13,4.97,18,34,19,24
"Mandaue, Cebu, Philippines",10.3279,123.94273,Smart,152437,17557,152.44,17.56,14,34,10,26
"Bago, Negros Occidental, Philippines",10.53757,122.83609,Globe,40597,5136,40.60,5.14,30,34,11,14
"Makati City, Metro Manila, Philippines",14.55474,121.02444,DITO,40939,13500,40.94,13.50,18,33,16,25
"Meycauayan, Bulacan, Philippines",14.73772,120.96077,Globe,36879,5407,36.88,5.41,27,33,16,26
"Batangas City, Batangas, Philippines",13.75641,121.05833,Smart,61799,5061,61.80,5.06,16,33,5,23
"Bacolod, Negros Occidental, Philippines",10.66764,122.94556,DITO,16396,3869,16.40,3.87,37,33,17,26
"Naga City, Camarines Sur, Philippines",13.6475,123.27003,Smart,155396,12811,155.40,12.81,21,32,10,14
"Legazpi City, Albay, Philippines",13.11288,123.76295,Smart,80377,4323,80.38,4.32,23,32,12,16
"SJDM, Bulacan, Philippines",14.82867,121.04324,DITO,41004,8221,41.00,8.22,27,32,11,15
"Koronadal, South Cotabato, Philippines",6.50044,124.84333,Smart,128843,20045,128.84,20.05,19,32,6,8
"San Pedro, Laguna, Philippines",14.36443,121.06192,Smart,35456,3278,35.46,3.28,17,31,18,25
"Iloilo City, Iloilo, Philippines",10.73019,122.55911,DITO,51925,11204,51.93,11.20,22,30,8,10
"Santo Tomas, Batangas, Philippines",14.08754,121.17764,Smart,20867,1428,20.87,1.43,22,30,16,19
"Las Piñas, Metro Manila, Philippines",14.44934,120.98186,Smart,104811,8497,104.81,8.50,19,30,14,23
"Muñoz, Nueva Ecija, Philippines",15.70664,120.9029,Globe,36783,18673,36.78,18.67,17,30,1,2
"Biñan, Laguna, Philippines",14.31456,121.08316,DITO,16400,2282,16.40,2.28,28,29,11,12
"Valenzuela, Metro Manila, Philippines",14.69247,120.96991,Globe,44561,6627,44.56,6.63,16,29,13,22
"Cainta, Rizal, Philippines",14.58056,121.11565,Smart,69491,17457,69.49,17.46,14,29,13,20
"San Fernando, Pampanga, Philippines",15.02781,120.69349,DITO,36632,4507,36.63,4.51,23,28,9,11
"City of Tacurong, Sultan Kudarat, Philippines",6.6866,124.66353,Smart,55452,8587,55.45,8.59,24,28,4,6
"San Mateo, Rizal, Philippines",14.69539,121.11767,Smart,182677,16946,182.68,16.95,12,27,8,13
"Dipolog City, Zamboanga del Norte, Philippines",8.58717,123.34035,Smart,18821,2492,18.82,2.49,29,27,5,6
"General Santos City (Dadiangas), South Cotabato, Philippines",6.14327,125.19286,Globe,39605,9007,39.61,9.01,24,27,14,21
"City of Santa Rosa, Laguna, Philippines",14.31471,121.11232,DITO,42183,1732,42.18,1.73,20,27,10,15
"Lipa City, Batangas, Philippines",13.94047,121.19395,Globe,32514,10652,32.51,10.65,19,26,13,19
"City of Baybay, Leyte, Philippines",10.66858,124.80409,Globe,66500,9516,66.50,9.52,33,26,3,4
"Talisay, Negros Occidental, Philippines",10.74828,122.98012,Globe,107692,16010,107.69,16.01,26,26,3,6
"Marilao, Bulacan, Philippines",14.77237,120.96001,Smart,25967,3261,25.97,3.26,18,26,11,14
"Iligan City, Lanao del Norte, Philippines",8.22707,124.46418,Smart,20294,2882,20.29,2.88,23,26,7,12
"Taytay, Rizal, Philippines",14.55288,121.12571,Smart,94729,2794,94.73,2.79,15,26,13,17
"Talisay, Cebu, Philippines",10.25859,123.82413,Globe,77751,4508,77.75,4.51,22,25,11,14
"Dasmariñas, Cavite, Philippines",14.33385,120.95423,DITO,15090,4529,15.09,4.53,31,25,11,17
"Lucena City, Quezon, Philippines",13.94139,121.62345,Globe,28962,6519,28.96,6.52,21,24,8,9
"Puerto Princesa City, Palawan, Philippines",9.78563,118.62648,Smart,83961,6776,83.96,6.78,21,24,12,20
"Paombong, Bulacan, Philippines",14.83781,120.78406,Smart,172383,19207,172.38,19.21,13,24,2,2
"Jamindan, Capiz, Philippines",11.39423,122.42407,Smart,12733,801,12.73,0.80,10,24,1,1
"Cauayan City, Isabela, Philippines",16.91662,121.78792,Globe,77021,12117,77.02,12.12,24,23,6,9
"General Trias, Cavite, Philippines",14.38159,120.87915,Smart,15445,4533,15.45,4.53,24,23,9,18
"Malolos, Bulacan, Philippines",14.86049,120.80916,Smart,28508,3134,28.51,3.13,19,23,10,17
"Lipa City, Batangas, Philippines",13.94047,121.19395,DITO,41503,6929,41.50,6.93,22,23,11,14
"Pigkawayan, Cotabato, Philippines",7.27922,124.43092,Globe,16089,9398,16.09,9.40,29,23,2,3
"Cainta, Rizal, Philippines",14.58056,121.11565,Globe,56337,4207,56.34,4.21,17,23,9,17
"Mexico, Pampanga, Philippines",15.06457,120.72033,Globe,83202,8204,83.20,8.20,18,22,5,9
"City of El Salvador, Misamis Oriental, Philippines",8.47767,124.47527,Globe,37461,10822,37.46,10.82,25,22,2,2
"Biñan, Laguna, Philippines",14.31456,121.08316,Smart,30153,7405,30.15,7.41,19,22,13,17
"San Pedro, Laguna, Philippines",14.36443,121.06192,Globe,71375,6454,71.38,6.45,22,21,7,15
"Dumaguete City, Negros Oriental, Philippines",9.29841,123.29249,Smart,101448,7885,101.45,7.89,17,21,9,15
"Puerto Princesa City, Palawan, Philippines",9.78563,118.62648,Globe,53972,10520,53.97,10.52,30,21,7,12
"Biñan, Laguna, Philippines",14.31456,121.08316,Globe,61448,6423,61.45,6.42,16,21,13,19
"Capas, Tarlac, Philippines",15.34633,120.59344,Smart,71819,4671,71.82,4.67,28,21,6,8
"Marikina, Metro Manila, Philippines",14.63493,121.10195,Smart,149096,15900,149.10,15.90,16,20,10,15
"Tanza, Cavite, Philippines",14.34293,120.85032,Smart,42245,4528,42.25,4.53,18,20,8,11
"Meycauayan, Bulacan, Philippines",14.73772,120.96077,DITO,34484,8589,34.48,8.59,30,20,8,9
"Malabon, Metro Manila, Philippines",14.65793,120.95118,Globe,188691,16835,188.69,16.84,14,20,10,14
"Tanza, Cavite, Philippines",14.34293,120.85032,Globe,107876,20726,107.88,20.73,14,20,4,11
"Zamboanga City, Zamboanga del Sur, Philippines",6.90437,122.07612,DITO,46655,3691,46.66,3.69,25,19,8,11
"Daraga, Albay, Philippines",13.12278,123.69588,Smart,44705,2963,44.71,2.96,52,19,2,5
"San Fernando, Pampanga, Philippines",15.02781,120.69349,Globe,35053,3143,35.05,3.14,22,19,9,17
"Mandaue, Cebu, Philippines",10.3279,123.94273,DITO,60011,6564,60.01,6.56,27,19,12,15
"Tagaytay City, Cavite, Philippines",14.11541,120.96202,Globe,32805,9273,32.81,9.27,18,19,5,8
"Santa Maria, Bulacan, Philippines",14.82898,120.97616,Smart,76398,8795,76.40,8.80,18,19,8,14
"Malay, Aklan, Philippines",11.93033,121.95191,Globe,137369,16362,137.37,16.36,32,19,8,10
"Pasay City, Metro Manila, Philippines",14.53767,121.00081,DITO,255357,6916,255.36,6.92,21,19,7,14
"Tagaytay City, Cavite, Philippines",14.11541,120.96202,Smart,42802,4073,42.80,4.07,24,18,6,7
"Puerto Princesa City, Palawan, Philippines",9.78563,118.62648,DITO,27108,11179,27.11,11.18,33,18,4,8
"Baguio, Benguet, Philippines",16.41297,120.5914,DITO,25865,5790,25.87,5.79,21,18,10,14
"Malalag, Davao del Sur, Philippines",6.54894,125.2588,Globe,37167,8325,37.17,8.33,21,18,1,1
"Bangar, La Union, Philippines",16.88295,120.42424,Smart,51312,12320,51.31,12.32,18,18,1,2
"Rodriguez, Rizal, Philippines",14.73202,121.14516,Smart,30741,2486,30.74,2.49,16,18,4,11
"Gapan City, Nueva Ecija, Philippines",15.29121,121.01057,Smart,26885,6159,26.89,6.16,30,18,3,6
"Taytay, Rizal, Philippines",14.55288,121.12571,Globe,177899,8328,177.90,8.33,13,18,8,13
"Legazpi City, Albay, Philippines",13.11288,123.76295,Globe,84481,6759,84.48,6.76,31,18,6,10
"Mabalacat City, Pampanga, Philippines",15.24525,120.56567,Smart,70549,12266,70.55,12.27,18,17,10,12
"Cabanatuan City, Nueva Ecija, Philippines",15.49943,121.01057,Globe,13941,3857,13.94,3.86,20,17,7,14
"Calasiao, Pangasinan, Philippines",16.00949,120.35759,Globe,48572,12369,48.57,12.37,18,17,3,4
"Baclayon, Bohol, Philippines",9.63237,123.91925,Globe,17932,1429,17.93,1.43,19,17,1,2
"Dagupan City, Pangasinan, Philippines",16.03375,120.33202,Smart,38402,1975,38.40,1.98,22,17,5,10
"Talibon, Bohol, Philippines",10.11933,124.26439,Globe,11561,2712,11.56,2.71,44,16,3,4
"Imus, Cavite, Philippines",14.42764,120.93724,DITO,52071,2969,52.07,2.97,28,16,4,8
"Valenzuela, Metro Manila, Philippines",14.69247,120.96991,DITO,132350,10456,132.35,10.46,18,16,7,11
"Malay, Aklan, Philippines",11.93033,121.95191,Smart,63877,9589,63.88,9.59,19,16,8,16
"Santo Tomas, La Union, Philippines",16.27532,120.40119,Globe,47948,20492,47.95,20.49,18,16,2,2
"Navotas, Metro Manila, Philippines",14.65819,120.94743,Smart,58452,9527,58.45,9.53,14,16,10,12
"Lian, Batangas, Philippines",14.00589,120.6545,Smart,5906,619,5.91,0.62,21,15,1,2
"Kalibo, Aklan, Philippines",11.70734,122.36986,Smart,33086,4690,33.09,4.69,29,15,4,5
"Las Piñas, Metro Manila, Philippines",14.44934,120.98186,DITO,61317,6523,61.32,6.52,21,15,4,10
"Butuan City, Agusan del Norte, Philippines",8.94753,125.54063,DITO,20094,5112,20.09,5.11,36,15,6,6
"Tarlac City, Tarlac, Philippines",15.48808,120.58719,Smart,37977,5558,37.98,5.56,18,15,8,11
"Tanauan City, Batangas, Philippines",14.08354,121.14762,Globe,68975,8843,68.98,8.84,16,15,10,12
"Catarman, Northern Samar, Philippines",12.44271,124.61927,Globe,138829,5734,138.83,5.73,32,14,5,9
"Daet, Camarines Norte, Philippines",14.10303,122.9325,Smart,51411,6104,51.41,6.10,24,14,4,8
"Tanauan City, Batangas, Philippines",14.08354,121.14762,Smart,31768,10242,31.77,10.24,21,14,7,10
"Kidapawan, Cotabato, Philippines",7.02127,125.09019,Globe,17296,3145,17.30,3.15,33,14,7,8
"Ormoc City, Leyte, Philippines",11.03843,124.61927,Smart,51397,7992,51.40,7.99,20,14,5,10
"Malabon, Metro Manila, Philippines",14.65793,120.95118,Smart,33063,3723,33.06,3.72,16,14,7,10
"Sultan Mastura, Maguindanao del Norte, Philippines",7.2986,124.25883,Smart,25856,18068,25.86,18.07,34,14,1,1
"San Jose de Buenavista, Antique, Philippines",10.74901,121.94128,Smart,3422,506,3.42,0.51,42,14,1,1
"Carmen, Cotabato, Philippines",7.38261,124.81826,Globe,11958,6730,11.96,6.73,31,13,9,9
"Lucena City, Quezon, Philippines",13.94139,121.62345,DITO,31559,3757,31.56,3.76,28,13,4,9
"Batangas City, Batangas, Philippines",13.75641,121.05833,DITO,44888,6847,44.89,6.85,20,13,7,11
"Narra, Palawan, Philippines",9.229,118.33047,Smart,24382,1616,24.38,1.62,26,13,1,2
"Daraga, Albay, Philippines",13.12278,123.69588,Globe,56351,5603,56.35,5.60,35,13,4,8
"Norzagaray, Bulacan, Philippines",14.89659,121.14813,Smart,51952,3288,51.95,3.29,18,13,2,3
"Digos, Davao del Sur, Philippines",6.74347,125.35515,Globe,13939,5465,13.94,5.47,26,13,2,5
"Balanga City, Bataan, Philippines",14.67454,120.47033,Globe,23366,7923,23.37,7.92,32,13,8,8
"Olongapo City, Zambales, Philippines",14.88739,120.36661,Smart,34424,1417,34.42,1.42,21,13,8,9
"Cauayan City, Isabela, Philippines",16.91662,121.78792,DITO,329760,25846,329.76,25.85,24,12,2,3
"San Fernando City, La Union, Philippines",16.61592,120.32102,Smart,28991,3464,28.99,3.46,22,12,6,9
"Roxas City, Capiz, Philippines",11.55288,122.74072,Globe,20899,4513,20.90,4.51,40,12,6,9
"Marilao, Bulacan, Philippines",14.77237,120.96001,Globe,34819,12252,34.82,12.25,22,12,8,10
"General Trias, Cavite, Philippines",14.38159,120.87915,DITO,50553,773,50.55,0.77,19,12,5,12
"Kidapawan, Cotabato, Philippines",7.02127,125.09019,Smart,105418,10180,105.42,10.18,22,12,7,10
"Subic Bay Freeport Zone, Philippines",14.80319,120.30033,Globe,27574,780,27.57,0.78,28,12,6,7
"City of Batac, Ilocos Norte, Philippines",18.04961,120.59698,Smart,6892,395,6.89,0.40,44,12,1,3
"Balanga City, Bataan, Philippines",14.67454,120.47033,Smart,84938,2702,84.94,2.70,19,12,4,6
"Plaridel, Bulacan, Philippines",14.88591,120.85932,Smart,41405,3610,41.41,3.61,19,12,5,8
"Malolos, Bulacan, Philippines",14.86049,120.80916,Globe,91846,10759,91.85,10.76,20,12,7,11
"Santa Maria, Bulacan, Philippines",14.82898,120.97616,Globe,51677,6422,51.68,6.42,25,12,7,10
"Penaranda, Nueva Ecija, Philippines",15.36229,121.02204,Smart,9545,23434,9.55,23.43,25,12,1,2
"City of Batac, Ilocos Norte, Philippines",18.04961,120.59698,DITO,19167,2868,19.17,2.87,23,12,1,2
"Malaybalay City, Bukidnon, Philippines",8.15775,125.17087,Globe,19009,10007,19.01,10.01,19,12,10,10
"Jaen, Nueva Ecija, Philippines",15.39558,120.87286,Smart,72648,14813,72.65,14.81,23,12,1,1
"Bugasong, Antique, Philippines",11.10163,122.14054,DITO,8909,1072,8.91,1.07,29,12,1,2
"Rosario, Cavite, Philippines",14.41672,120.85471,Smart,17723,1455,17.72,1.46,23,12,3,4
"Bugallon, Pangasinan, Philippines",15.92022,120.18202,Globe,18530,3085,18.53,3.09,17,11,4,6
"Marikina, Metro Manila, Philippines",14.63493,121.10195,DITO,19874,795,19.87,0.80,28,11,5,8
"Santa Ana, Pampanga, Philippines",15.09442,120.76623,DITO,10953,5412,10.95,5.41,23,11,3,3
"Tanza, Cavite, Philippines",14.34293,120.85032,DITO,22076,3139,22.08,3.14,24,11,6,8
"Butuan City, Agusan del Norte, Philippines",8.94753,125.54063,Smart,82211,25974,82.21,25.97,19,11,3,8
"Urdaneta City, Pangasinan, Philippines",15.98194,120.59698,DITO,71748,20752,71.75,20.75,24,11,4,4
"Tacloban City, Leyte, Philippines",11.22238,124.99221,Smart,109943,5641,109.94,5.64,23,11,7,10
"Rosario, Cavite, Philippines",14.41672,120.85471,Globe,17380,4986,17.38,4.99,27,11,8,8
"Inabanga, Bohol, Philippines",10.01418,124.09755,Smart,96401,3704,96.40,3.70,16,11,1,1
"San Miguel, Iloilo, Philippines",10.78017,122.46653,Smart,285352,31879,285.35,31.88,8,11,2,3
"Bocaue, Bulacan, Philippines",14.7943,120.93073,Smart,80656,2912,80.66,2.91,20,11,5,7
"Siocon, Zamboanga del Norte, Philippines",7.66356,122.19731,Globe,22611,10154,22.61,10.15,36,11,1,1
"City of Batac, Ilocos Norte, Philippines",18.04961,120.59698,Globe,36686,1331,36.69,1.33,32,11,1,2
"Santa Barbara, Pangasinan, Philippines",15.9774,120.42424,DITO,49754,15396,49.75,15.40,25,11,3,3
"Talisay, Batangas, Philippines",14.11598,121.04498,Globe,41734,8364,41.73,8.36,18,11,2,7
"Cabanatuan City, Nueva Ecija, Philippines",15.49943,121.01057,DITO,42859,7508,42.86,7.51,19,11,4,7
"Capas, Tarlac, Philippines",15.34633,120.59344,Globe,45050,2650,45.05,2.65,20,11,5,5
"Cabiao, Nueva Ecija, Philippines",15.25221,120.85957,Smart,104381,16067,104.38,16.07,29,11,3,3
"Carmona, Cavite, Philippines",14.3135,121.05712,Smart,41004,1137,41.00,1.14,27,11,7,9
"Kapatagan, Lanao del Norte, Philippines",7.86776,123.72942,DITO,6293,8264,6.29,8.26,23,10,1,2
"Mexico, Pampanga, Philippines",15.06457,120.72033,Smart,39720,3079,39.72,3.08,20,10,7,9
"San Pablo City, Laguna, Philippines",14.06422,121.32326,Smart,98889,8517,98.89,8.52,18,10,6,9
"Tagoloan, Misamis Oriental, Philippines",8.51877,124.80722,Smart,65082,27072,65.08,27.07,15,10,1,1
"Rosario, Cavite, Philippines",14.41672,120.85471,DITO,8873,896,8.87,0.90,25,10,3,4
"Plaridel, Bulacan, Philippines",14.88591,120.85932,Globe,9572,8126,9.57,8.13,45,10,1,4
"Lapu-Lapu, Cebu, Philippines",10.31838,123.96395,DITO,19536,990,19.54,0.99,24,10,6,9
"Cabuyao City, Laguna, Philippines",14.27433,121.11961,Globe,78832,8066,78.83,8.07,26,10,5,9
"Limasawa, Southern Leyte, Philippines",9.93028,125.0746,Smart,80387,11674,80.39,11.67,26,10,1,2
"Cotabato City, Maguindanao del Norte, Philippines",7.20467,124.23104,Smart,22198,1096,22.20,1.10,38,10,4,6
"Carigara, Leyte, Philippines",11.25914,124.70777,Smart,152428,3939,152.43,3.94,19,10,2,3
"Bataraza, Palawan, Philippines",8.5878,117.43215,Globe,59301,29387,59.30,29.39,43,10,2,2
"Santo Tomas, Batangas, Philippines",14.08754,121.17764,Globe,87990,15316,87.99,15.32,18,10,6,9
"Concepcion, Tarlac, Philippines",15.324,120.65596,Smart,63453,3157,63.45,3.16,21,10,3,5
"Surigao, Surigao del Norte, Philippines",9.79022,125.49311,Globe,30387,7051,30.39,7.05,28,10,5,9
"Cauayan, Negros Occidental, Philippines",9.92601,122.5599,DITO,21423,922,21.42,0.92,33,10,1,4
"Carmona, Cavite, Philippines",14.3135,121.05712,Globe,26276,4020,26.28,4.02,21,10,4,8
"Laoag City, Ilocos Norte, Philippines",18.21075,120.58547,DITO,79386,14243,79.39,14.24,26,10,2,3
"Valencia, Negros Oriental, Philippines",9.28494,123.1464,Smart,14169,6863,14.17,6.86,17,10,4,6
"Ozamiz, Misamis Occidental, Philippines",8.15,123.85033,Smart,28327,5464,28.33,5.46,18,10,5,8
"Midsayap, Cotabato, Philippines",7.19181,124.53474,DITO,38927,24409,38.93,24.41,42,10,1,1
"Marawi City, Lanao del Sur, Philippines",8.0292,124.29772,Globe,11865,5310,11.87,5.31,22,10,2,3
"Koronadal, South Cotabato, Philippines",6.50044,124.84333,Globe,12765,13834,12.77,13.83,33,10,4,9
"Angono, Rizal, Philippines",14.52592,121.15321,Smart,92966,3503,92.97,3.50,11,9,2,3
"Bocaue, Bulacan, Philippines",14.7943,120.93073,Globe,22357,1629,22.36,1.63,31,9,7,9
"Naic, Cavite, Philippines",14.29649,120.79246,Globe,30046,1877,30.05,1.88,18,9,1,1
"Malabon, Metro Manila, Philippines",14.65793,120.95118,DITO,63037,6557,63.04,6.56,20,9,4,4
"T'boli, South Cotabato, Philippines",6.14683,124.90655,Smart,92189,2785,92.19,2.79,25,9,3,4
"Perez, Quezon, Philippines",14.18861,121.95869,Smart,87634,8592,87.63,8.59,16,9,1,1
"Tagbilaran City, Bohol, Philippines",9.6534,123.86703,Smart,46945,4618,46.95,4.62,19,9,5,7
"Pres. Manuel A. Roxas, Zamboanga del Norte, Philippines",8.51832,123.23278,Smart,50866,13928,50.87,13.93,22,9,1,2
"San Pablo City, Laguna, Philippines",14.06422,121.32326,DITO,28321,3003,28.32,3.00,26,9,5,5
"Baliwag, Bulacan, Philippines",14.96569,120.89431,Globe,75173,7123,75.17,7.12,24,9,6,6
"Arakan, Cotabato, Philippines",7.35122,125.17087,Smart,81830,14201,81.83,14.20,30,9,2,3
"Rodriguez, Rizal, Philippines",14.73202,121.14516,Globe,18923,4399,18.92,4.40,16,9,4,8
"Jose Abad Santos (Trinidad), Davao Occidental, Philippines",5.83407,125.5439,Smart,1372,226,1.37,0.23,32,9,1,1
"Malita, Davao Occidental, Philippines",6.41184,125.61321,Smart,150846,4311,150.85,4.31,23,9,3,4
"Cabuyao City, Laguna, Philippines",14.27433,121.11961,DITO,12122,1445,12.12,1.45,22,9,6,8
"San Pablo City, Laguna, Philippines",14.06422,121.32326,Globe,23520,4432,23.52,4.43,21,9,6,9
"Santa Magdalena, Sorsogon, Philippines",12.64979,124.07528,Globe,5125,3834,5.13,3.83,48,9,1,1
"Danao, Cebu, Philippines",10.52013,124.02712,Smart,26894,15143,26.89,15.14,20,9,4,4
"Tagbilaran City, Bohol, Philippines",9.6534,123.86703,Globe,87111,8697,87.11,8.70,24,9,6,9
"Compostela, Cebu, Philippines",10.45408,124.013,Smart,129694,10001,129.69,10.00,12,9,1,1
"Mabalacat City, Pampanga, Philippines",15.24525,120.56567,Globe,10797,6295,10.80,6.30,23,9,3,7
"Cordova, Cebu, Philippines",10.25278,123.9494,Smart,69113,7516,69.11,7.52,13,9,2,2
"Pagadian City, Zamboanga del Sur, Philippines",7.86265,123.37106,Smart,27351,7189,27.35,7.19,19,9,7,8
"Calapan City, Oriental Mindoro, Philippines",13.36643,121.19395,Smart,46284,16993,46.28,16.99,22,9,2,4
"Kawit, Cavite, Philippines",14.44588,120.90871,Globe,14387,2485,14.39,2.49,17,8,2,6
"Trece Martires City, Cavite, Philippines",14.28222,120.86837,Globe,42735,8641,42.74,8.64,15,8,5,6
"Amadeo, Cavite, Philippines",14.18985,120.92452,Globe,37870,8513,37.87,8.51,17,8,5,5
"General Luna, Surigao del Norte, Philippines",9.78375,126.15657,Globe,13318,10924,13.32,10.92,31,8,4,6
"Subic Bay Freeport Zone, Philippines",14.80319,120.30033,Smart,117098,1148,117.10,1.15,15,8,3,7
"San Juan City, Metro Manila, Philippines",14.60196,121.0355,DITO,254028,20782,254.03,20.78,19,8,2,3
"San Ildefonso, Bulacan, Philippines",15.07717,120.94171,Globe,15728,13396,15.73,13.40,22,8,2,2
"Tagbilaran City, Bohol, Philippines",9.6534,123.86703,DITO,473213,9830,473.21,9.83,18,8,1,3
"Daraga, Albay, Philippines",13.12278,123.69588,DITO,20997,981,21.00,0.98,33,8,3,4
"La Castellana, Negros Occidental, Philippines",10.33198,123.10141,Smart,45177,3922,45.18,3.92,24,8,2,3
"Bogo City, Cebu, Philippines",11.04623,124.00287,Globe,23452,9620,23.45,9.62,35,8,4,5
"Panglao, Bohol, Philippines",9.56947,123.78721,Smart,123103,9531,123.10,9.53,22,8,3,5
"Tuba, Benguet, Philippines",16.39277,120.56034,Smart,19059,10110,19.06,10.11,20,8,2,2
"Roxas, Oriental Mindoro, Philippines",12.62617,121.47989,DITO,22729,3849,22.73,3.85,26,8,1,1
"Pulilan, Bulacan, Philippines",14.90243,120.8459,Smart,34859,4984,34.86,4.98,18,8,4,6
"Batad, Iloilo, Philippines",11.40014,123.09015,Smart,1215,1399,1.22,1.40,18,8,1,1
"Banisilan, Cotabato, Philippines",7.53701,124.72988,Globe,19917,2177,19.92,2.18,31,8,1,1
"Santo Tomas, Batangas, Philippines",14.08754,121.17764,DITO,140381,1991,140.38,1.99,21,8,5,5
"Baliwag, Bulacan, Philippines",14.96569,120.89431,Smart,100381,18724,100.38,18.72,16,8,3,6
"Liloy, Zamboanga del Norte, Philippines",8.07325,122.69555,Smart,25927,877,25.93,0.88,24,8,3,3
"Talisay, Cebu, Philippines",10.25859,123.82413,Smart,80043,12673,80.04,12.67,15,8,4,6
"Cotabato City, Maguindanao del Norte, Philippines",7.20467,124.23104,DITO,28543,4470,28.54,4.47,34,8,2,2
"Iba, Zambales, Philippines",15.39495,120.04341,Globe,83574,18823,83.57,18.82,29,8,4,7
"Coron, Palawan, Philippines",12.0673,120.18202,Globe,21225,11930,21.23,11.93,24,8,2,3
"Bacong, Negros Oriental, Philippines",9.24338,123.27003,Globe,577,4695,0.58,4.70,68,8,1,2
"Makato, Aklan, Philippines",11.70061,122.27673,Smart,7072,1692,7.07,1.69,27,8,1,1
"Santa Cruz, Laguna, Philippines",14.26911,121.41133,Smart,29988,1499,29.99,1.50,28,8,4,6
"Polillo, Quezon, Philippines",14.73052,121.97006,Smart,36049,1304,36.05,1.30,20,8,2,4
"Olongapo City, Zambales, Philippines",14.88739,120.36661,Globe,63962,10668,63.96,10.67,23,8,4,7
"Calamba, Laguna, Philippines",14.19488,121.15974,DITO,24776,4551,24.78,4.55,24,7,4,6
"La Carlota City, Negros Occidental, Philippines",10.41437,122.97757,Smart,99650,11558,99.65,11.56,23,7,2,3
"Tacloban City, Leyte, Philippines",11.22238,124.99221,DITO,179104,44899,179.10,44.90,20,7,2,4
"Navotas, Metro Manila, Philippines",14.65819,120.94743,DITO,78876,14350,78.88,14.35,24,7,5,5
"Capas, Tarlac, Philippines",15.34633,120.59344,DITO,57620,28297,57.62,28.30,22,7,3,4
"San Agustin, Romblon, Philippines",12.56219,122.11783,Smart,150840,7028,150.84,7.03,20,7,3,4
"Sagay City, Negros Occidental, Philippines",10.84555,123.37106,Smart,58976,10566,58.98,10.57,19,7,4,4
"Ormoc City, Leyte, Philippines",11.03843,124.61927,Globe,29263,21368,29.26,21.37,24,7,5,6
"San Carlos City, Negros Occidental, Philippines",10.48344,123.30371,Smart,27802,12614,27.80,12.61,25,7,3,4
"Panglao, Bohol, Philippines",9.56947,123.78721,Globe,8120,772,8.12,0.77,47,7,1,4
"Tagum, Davao del Norte, Philippines",7.44742,125.80246,Smart,67728,11092,67.73,11.09,21,7,5,7
"Kawayan, Biliran, Philippines",11.68428,124.40318,Globe,6467,8464,6.47,8.46,52,7,1,3
"Olongapo City, Zambales, Philippines",14.88739,120.36661,DITO,42604,4445,42.60,4.45,21,7,3,5
"Magalang, Pampanga, Philippines",15.21394,120.66181,Smart,102052,5316,102.05,5.32,19,7,3,4
"Mataas Na Kahoy, Batangas, Philippines",13.97995,121.09656,DITO,17510,7339,17.51,7.34,22,7,2,2
"Alaminos City, Pangasinan, Philippines",16.15053,119.98562,Globe,6972,3363,6.97,3.36,55,7,1,5
"Candelaria, Quezon, Philippines",13.94899,121.42276,Smart,68727,1889,68.73,1.89,17,7,3,6
"Masbate City, Masbate, Philippines",12.31777,123.55041,Smart,22592,2824,22.59,2.82,36,7,3,4
"Tarlac City, Tarlac, Philippines",15.48808,120.58719,DITO,89436,13874,89.44,13.87,24,7,3,7
"Consolacion, Cebu, Philippines",10.37581,123.95694,Smart,39535,4379,39.54,4.38,14,7,3,3
"Trece Martires City, Cavite, Philippines",14.28222,120.86837,Smart,36733,2476,36.73,2.48,23,7,4,7
"Calasiao, Pangasinan, Philippines",16.00949,120.35759,Smart,44144,1823,44.14,1.82,22,7,3,4
"Sorsogon City, Sorsogon, Philippines",12.97888,123.98477,Globe,162885,12870,162.89,12.87,32,7,4,5
"Maasin, Southern Leyte, Philippines",10.13272,124.84081,Globe,35565,4069,35.57,4.07,43,7,1,2
"Magalang, Pampanga, Philippines",15.21394,120.66181,Globe,10426,4321,10.43,4.32,23,7,3,5
"Surigao, Surigao del Norte, Philippines",9.79022,125.49311,Smart,58454,4495,58.45,4.50,45,7,5,6
"Catarman, Northern Samar, Philippines",12.44271,124.61927,Smart,67119,8007,67.12,8.01,38,7,1,2
"Naga City, Camarines Sur, Philippines",13.6475,123.27003,DITO,10107,3474,10.11,3.47,26,7,5,5
"Naic, Cavite, Philippines",14.29649,120.79246,Smart,21976,2486,21.98,2.49,19,7,4,5
"Isabela, Basilan, Philippines",6.70387,121.9799,Globe,9317,11537,9.32,11.54,36,7,4,6
"Garchitorena, Camarines Sur, Philippines",13.86281,123.63996,Globe,8744,8894,8.74,8.89,38,7,1,1
"Binangonan, Rizal, Philippines",14.48441,121.1869,Smart,69176,5307,69.18,5.31,15,7,5,7
"San Mateo, Rizal, Philippines",14.69539,121.11767,Globe,25176,4149,25.18,4.15,17,7,3,3
"Trento, Agusan del Sur, Philippines",8.05257,126.21969,Smart,166500,17644,166.50,17.64,23,7,2,2
"Laoag City, Ilocos Norte, Philippines",18.21075,120.58547,Globe,57287,20800,57.29,20.80,30,7,3,5
"San Pedro, Laguna, Philippines",14.36443,121.06192,DITO,10721,2118,10.72,2.12,25,7,3,6
"City of Mati, Davao Oriental, Philippines",6.95722,126.15454,Globe,64708,8670,64.71,8.67,35,6,5,6
"Dagupan City, Pangasinan, Philippines",16.03375,120.33202,Globe,94417,16046,94.42,16.05,12,6,3,6
"Calumpit, Bulacan, Philippines",14.91518,120.7662,Smart,203537,4102,203.54,4.10,21,6,3,4
"City of Borongan, Eastern Samar, Philippines",11.61739,125.34663,Globe,16095,12476,16.10,12.48,41,6,3,5
"Apalit, Pampanga, Philippines",14.95255,120.76688,Smart,101171,10840,101.17,10.84,16,6,4,4
"San Juan, Batangas, Philippines",13.75044,121.37703,Globe,99734,11826,99.73,11.83,53,6,2,5
"Tagum, Davao del Norte, Philippines",7.44742,125.80246,DITO,49393,18567,49.39,18.57,35,6,5,6
"Taytay, Rizal, Philippines",14.55288,121.12571,DITO,64492,4364,64.49,4.36,16,6,2,3
"Candon City, Ilocos Sur, Philippines",17.19612,120.44729,Globe,30667,11630,30.67,11.63,20,6,4,4
"Palayan City, Nueva Ecija, Philippines",15.53906,121.09083,Globe,19067,3472,19.07,3.47,23,6,3,4
"Pagadian City, Zamboanga del Sur, Philippines",7.86265,123.37106,Globe,13174,5262,13.17,5.26,27,6,5,6
"Taytay, Palawan, Philippines",10.66876,119.46436,DITO,13582,13306,13.58,13.31,29,6,3,3
"Dinalupihan, Bataan, Philippines",14.88605,120.44729,Globe,78800,17652,78.80,17.65,28,6,2,3
"Castillejos, Zambales, Philippines",14.94382,120.19357,DITO,83519,22121,83.52,22.12,26,6,1,2
"Virac, Catanduanes, Philippines",13.61939,124.17544,Smart,73208,20148,73.21,20.15,30,6,1,2
"Malidegao, Cotabato, Philippines",7.12941,124.67431,DITO,16170,15488,16.17,15.49,40,6,1,1
"Mamburao, Occidental Mindoro, Philippines",13.27653,120.643,Smart,34194,1085,34.19,1.09,28,6,2,2
"Balagtas, Bulacan, Philippines",14.81784,120.90646,Globe,62900,11805,62.90,11.81,20,6,3,5
"City of Santiago, Isabela, Philippines",16.69679,121.55865,Smart,56782,2685,56.78,2.69,36,6,4,5
"Malvar, Batangas, Philippines",14.04329,121.15875,Globe,83205,13017,83.21,13.02,11,6,2,4
"San Miguel, Bulacan, Philippines",15.14158,120.9751,Globe,170012,14845,170.01,14.85,24,6,2,2
"San Francisco, Agusan del Sur, Philippines",8.44573,125.95878,Smart,3584,10041,3.58,10.04,67,6,2,3
"Silay, Negros Occidental, Philippines",10.79968,122.97605,Smart,111986,8721,111.99,8.72,17,6,2,6
"Trece Martires City, Cavite, Philippines",14.28222,120.86837,DITO,8644,1509,8.64,1.51,33,6,3,4
"Bayawan City, Negros Oriental, Philippines",9.53644,122.7633,Globe,9450,5683,9.45,5.68,48,6,2,4
"Pinamalayan, Oriental Mindoro, Philippines",13.01533,121.37703,DITO,20059,6419,20.06,6.42,21,6,2,2
"Santa Cruz, Laguna, Philippines",14.26911,121.41133,Globe,39633,6193,39.63,6.19,22,6,3,4
"Bacolor, Pampanga, Philippines",14.99692,120.65235,Smart,30775,6430,30.78,6.43,17,6,2,3
"Manolo Fortich, Bukidnon, Philippines",8.39002,124.88449,Globe,127393,9556,127.39,9.56,21,6,2,3
"Cabiao, Nueva Ecija, Philippines",15.25221,120.85957,Globe,95044,8449,95.04,8.45,17,6,1,2
"Pandi, Bulacan, Philippines",14.87572,120.95941,Smart,88810,4535,88.81,4.54,16,6,2,4
"San Mateo, Rizal, Philippines",14.69539,121.11767,DITO,33000,12690,33.00,12.69,23,6,3,5
"Glan, Sarangani, Philippines",5.82205,125.20413,Globe,12240,7008,12.24,7.01,34,6,3,4
"Candoni, Negros Occidental, Philippines",9.76106,122.65035,Smart,21885,1056,21.89,1.06,46,6,1,1
"Kalibo, Aklan, Philippines",11.70734,122.36986,Globe,20794,5239,20.79,5.24,30,6,3,4
"Pavia, Iloilo, Philippines",10.7748,122.54261,Smart,192630,32418,192.63,32.42,17,6,3,5
"Ozamiz, Misamis Occidental, Philippines",8.15,123.85033,Globe,29394,9983,29.39,9.98,26,6,3,5
"Titay, Zamboanga Sibugay, Philippines",7.84847,122.57121,Globe,8194,4957,8.19,4.96,34,6,1,1
"Vigan City, Ilocos Sur, Philippines",17.56485,120.38781,Globe,10499,4596,10.50,4.60,20,6,3,5
"Masinloc, Zambales, Philippines",15.52089,120.04341,Smart,28216,11622,28.22,11.62,18,6,3,3
"Dipolog City, Zamboanga del Norte, Philippines",8.58717,123.34035,Globe,49338,12955,49.34,12.96,30,6,4,5
"Pinamalayan, Oriental Mindoro, Philippines",13.01533,121.37703,Smart,11151,3797,11.15,3.80,16,6,3,3
"Cavite, Philippines",14.48151,120.90833,Globe,8881,814,8.88,0.81,21,6,3,6
"Silang, Cavite, Philippines",14.22025,120.96469,DITO,9612,2340,9.61,2.34,25,6,4,5
"Aritao, Nueva Vizcaya, Philippines",16.2515,121.01057,Smart,1425,1136,1.43,1.14,65,6,1,1
"Polomolok, South Cotabato, Philippines",6.22451,125.06084,Globe,25006,9846,25.01,9.85,31,6,4,5
"Sariaya, Quezon, Philippines",13.96301,121.52388,Globe,19373,8413,19.37,8.41,22,6,2,4
"Liloan, Cebu, Philippines",10.39926,124.00002,DITO,21365,1355,21.37,1.36,29,6,3,4
"Marawi City, Lanao del Sur, Philippines",8.0292,124.29772,Smart,39668,11137,39.67,11.14,36,6,2,5
"Samal, Davao del Norte, Philippines",7.08352,125.70578,Globe,20782,8529,20.78,8.53,28,6,5,5
"San Fabian, Pangasinan, Philippines",16.14188,120.44729,Globe,145295,11454,145.30,11.45,20,6,3,3
"Sagay City, Negros Occidental, Philippines",10.84555,123.37106,Globe,993,32,0.99,0.03,197,6,1,3
"Pulilan, Bulacan, Philippines",14.90243,120.8459,Globe,27923,20218,27.92,20.22,24,6,2,6
"Polangui, Albay, Philippines",13.29368,123.48542,Smart,288385,45192,288.39,45.19,18,6,1,2
"Minglanilla, Cebu, Philippines",10.24543,123.79599,DITO,15591,5150,15.59,5.15,22,6,3,5
"Kalamansig, Sultan Kudarat, Philippines",6.55401,124.05104,Smart,76528,11680,76.53,11.68,35,6,2,2
"Vigan City, Ilocos Sur, Philippines",17.56485,120.38781,Smart,32132,3205,32.13,3.21,44,6,3,4
"Porac, Pampanga, Philippines",15.06974,120.55007,Globe,150128,13440,150.13,13.44,21,5,3,5
"Amadeo, Cavite, Philippines",14.18985,120.92452,DITO,22051,7148,22.05,7.15,27,5,2,2
"Tanay, Rizal, Philippines",14.61419,121.37703,Smart,9844,1963,9.84,1.96,14,5,1,3
"Dumanjug, Cebu, Philippines",10.02819,123.47198,Globe,48075,4484,48.08,4.48,37,5,2,2
"Magallanes, Agusan del Norte, Philippines",9.01943,125.53295,Globe,46488,6478,46.49,6.48,26,5,1,1
"Miagao, Iloilo, Philippines",10.64201,122.23632,Smart,144697,11318,144.70,11.32,19,5,2,2
"Marawi City, Lanao del Sur, Philippines",8.0292,124.29772,DITO,23630,233,23.63,0.23,53,5,2,2
"Maluso, Basilan, Philippines",6.53796,121.89041,Globe,11367,3599,11.37,3.60,40,5,3,4
"Sariaya, Quezon, Philippines",13.96301,121.52388,DITO,49293,12899,49.29,12.90,26,5,2,2
"Tiaong, Quezon, Philippines",13.92962,121.34273,DITO,54762,2013,54.76,2.01,25,5,1,2
"Valencia City, Bukidnon, Philippines",7.86319,125.17087,Globe,32401,12514,32.40,12.51,24,5,1,3
"Kawit, Cavite, Philippines",14.44588,120.90871,Smart,26692,7867,26.69,7.87,19,5,2,3
"Indang, Cavite, Philippines",14.19204,120.87286,Globe,43671,6993,43.67,6.99,94,5,2,4
"City of Tayabas, Quezon, Philippines",14.01135,121.55983,Globe,4475,2392,4.48,2.39,23,5,1,2
"Imelda, Zamboanga Sibugay, Philippines",7.62787,122.95503,Smart,102075,7437,102.08,7.44,48,5,2,2
"Narra, Palawan, Philippines",9.229,118.33047,Globe,159324,20665,159.32,20.67,28,5,1,2
"Calatagan, Batangas, Philippines",13.88203,120.6545,Smart,75606,2478,75.61,2.48,25,5,2,3
"Isulan, Sultan Kudarat, Philippines",6.6318,124.44201,Globe,2732,7800,2.73,7.80,20,5,1,2
"Malolos, Bulacan, Philippines",14.86049,120.80916,DITO,236429,17693,236.43,17.69,20,5,2,4
"Digos, Davao del Sur, Philippines",6.74347,125.35515,DITO,29593,435,29.59,0.44,31,5,3,4
"Bocaue, Bulacan, Philippines",14.7943,120.93073,DITO,56523,25738,56.52,25.74,25,5,2,4
"Pototan, Iloilo, Philippines",10.94194,122.63874,Smart,16073,11285,16.07,11.29,20,5,1,2
"Digos, Davao del Sur, Philippines",6.74347,125.35515,Smart,73233,4206,73.23,4.21,25,5,3,4
"Guagua, Pampanga, Philippines",14.96374,120.63244,DITO,23726,11376,23.73,11.38,33,5,2,2
"Binangonan, Rizal, Philippines",14.48441,121.1869,Globe,227789,17584,227.79,17.58,13,5,4,4
"Angat, Bulacan, Philippines",14.92586,121.02204,Globe,8683,996,8.68,1.00,26,5,1,3
"San Enrique, Negros Occidental, Philippines",10.42735,122.86485,Smart,9609,4807,9.61,4.81,24,5,1,2
"San Fernando City, La Union, Philippines",16.61592,120.32102,DITO,18730,8352,18.73,8.35,27,5,2,2
"Bugallon, Pangasinan, Philippines",15.92022,120.18202,DITO,12263,4411,12.26,4.41,27,5,3,3
"Liloan, Cebu, Philippines",10.39926,124.00002,Globe,180438,19891,180.44,19.89,22,5,2,3
"Echague, Isabela, Philippines",16.66606,121.78792,Smart,155778,13125,155.78,13.13,26,5,1,5
"Mogpog, Marinduque, Philippines",13.50444,121.89041,Smart,22017,1473,22.02,1.47,24,5,1,1
"City of Lamitan, Basilan, Philippines",6.66152,122.10647,Globe,11770,4823,11.77,4.82,35,5,3,4
"Porac, Pampanga, Philippines",15.06974,120.55007,Smart,58774,12180,58.77,12.18,13,5,2,3
"Calapan City, Oriental Mindoro, Philippines",13.36643,121.19395,Globe,12523,5711,12.52,5.71,26,5,3,3
"Kawit, Cavite, Philippines",14.44588,120.90871,DITO,45957,9673,45.96,9.67,25,5,2,3
"Binalonan, Pangasinan, Philippines",16.05355,120.60848,DITO,1771,8764,1.77,8.76,22,5,1,1
"Carcar, Cebu, Philippines",10.10478,123.64147,Smart,11091,3253,11.09,3.25,17,5,3,4
"Balamban, Cebu, Philippines",10.48585,123.77412,Globe,201901,36387,201.90,36.39,26,5,2,3
"Mabalacat City, Pampanga, Philippines",15.24525,120.56567,DITO,67629,3690,67.63,3.69,21,5,3,5
"San Jose, Occidental Mindoro, Philippines",12.40119,121.10229,Smart,68800,6648,68.80,6.65,38,5,2,4
"Trinidad, Bohol, Philippines",10.04574,124.31993,DITO,17760,9461,17.76,9.46,32,5,1,2
"Alaminos City, Pangasinan, Philippines",16.15053,119.98562,Smart,175313,14956,175.31,14.96,18,5,4,5
"Maasim, Sarangani, Philippines",5.92672,124.99475,Globe,36846,6437,36.85,6.44,27,5,3,3
"Calbayog, Samar, Philippines",12.0685,124.59081,Smart,18349,2842,18.35,2.84,35,5,3,5
"Marilao, Bulacan, Philippines",14.77237,120.96001,DITO,28132,9795,28.13,9.80,24,5,1,4
"Polomolok, South Cotabato, Philippines",6.22451,125.06084,Smart,21508,7128,21.51,7.13,29,5,1,3
"Cauayan City, Isabela, Philippines",16.91662,121.78792,Smart,80843,1718,80.84,1.72,29,5,3,4
"Naujan, Oriental Mindoro, Philippines",13.24381,121.19395,Smart,553,688,0.55,0.69,50,5,1,1
"Malungon, Sarangani, Philippines",6.3343,125.2588,Smart,4198,4305,4.20,4.31,25,5,1,1
"Santa Maria, Bulacan, Philippines",14.82898,120.97616,DITO,18235,23897,18.24,23.90,30,5,2,3
"Guimba, Nueva Ecija, Philippines",15.65641,120.76767,Globe,46012,13792,46.01,13.79,22,5,1,3
"Isabela, Basilan, Philippines",6.70387,121.9799,Smart,7669,1845,7.67,1.85,41,5,2,3
"Minglanilla, Cebu, Philippines",10.24543,123.79599,Smart,7268,1652,7.27,1.65,15,5,3,5
"Nueva Valencia, Guimaras, Philippines",10.46356,122.54859,Smart,37334,22352,37.33,22.35,24,5,1,2
"Unisan, Quezon, Philippines",13.86351,122.01555,Globe,106468,11941,106.47,11.94,19,5,2,3
"Bacolor, Pampanga, Philippines",14.99692,120.65235,Globe,48709,5678,48.71,5.68,17,5,2,2
"Polomolok, South Cotabato, Philippines",6.22451,125.06084,DITO,7689,1553,7.69,1.55,35,5,4,5
"San Jose City, Nueva Ecija, Philippines",15.79188,120.99008,Globe,106685,20987,106.69,20.99,22,5,2,5
"Guiguinto, Bulacan, Philippines",14.82832,120.88429,Globe,62559,16095,62.56,16.10,22,5,2,4
"Angat, Bulacan, Philippines",14.92586,121.02204,Smart,12690,4889,12.69,4.89,36,5,1,2
"Manolo Fortich, Bukidnon, Philippines",8.39002,124.88449,Smart,45977,9895,45.98,9.90,23,5,2,4
"Dagupan City, Pangasinan, Philippines",16.03375,120.33202,DITO,14113,3273,14.11,3.27,29,5,2,4
"Pili, Camarines Sur, Philippines",13.55521,123.28126,Smart,39316,6758,39.32,6.76,26,5,3,5
"Bansud, Oriental Mindoro, Philippines",12.85267,121.37703,Smart,4430,4481,4.43,4.48,21,5,1,2
"Lingayen, Pangasinan, Philippines",16.00973,120.22449,Smart,119181,18204,119.18,18.20,46,5,2,4
"Samal, Davao del Norte, Philippines",7.08352,125.70578,Smart,18185,12501,18.19,12.50,27,5,2,4
"Bustos, Bulacan, Philippines",14.95239,120.91735,Smart,18186,2013,18.19,2.01,18,5,1,4
"Basay, Negros Oriental, Philippines",9.45792,122.68425,Smart,46529,6180,46.53,6.18,21,5,1,1
"Bugallon, Pangasinan, Philippines",15.92022,120.18202,Smart,509,9,0.51,0.01,31,5,1,3
"Rodriguez, Rizal, Philippines",14.73202,121.14516,DITO,8796,6297,8.80,6.30,27,5,4,5
"Aleosan, Cotabato, Philippines",7.18894,124.63034,DITO,2259,1197,2.26,1.20,56,5,1,1
"Talakag, Bukidnon, Philippines",8.05293,124.72988,Globe,12360,5949,12.36,5.95,23,5,1,1
"Maasin, Southern Leyte, Philippines",10.13272,124.84081,Smart,52352,2121,52.35,2.12,18,5,1,2
"Urdaneta City, Pangasinan, Philippines",15.98194,120.59698,Globe,70857,3251,70.86,3.25,40,5,2,4
"Libacao, Aklan, Philippines",11.41093,122.28807,Smart,30187,22399,30.19,22.40,22,5,1,1
"Dumangas, Iloilo, Philippines",10.82109,122.71167,Smart,167830,8310,167.83,8.31,17,4,1,4
"Abra De Ilog, Occidental Mindoro, Philippines",13.36383,120.75798,Globe,55276,21524,55.28,21.52,19,4,1,1
"San Juan, Batangas, Philippines",13.75044,121.37703,Smart,5669,551,5.67,0.55,25,4,2,3
"Pagadian City, Zamboanga del Sur, Philippines",7.86265,123.37106,DITO,35473,12995,35.47,13.00,25,4,3,3
"Sibonga, Cebu, Philippines",10.01547,123.584,Smart,281425,8772,281.43,8.77,16,4,1,2
"Orion, Bataan, Philippines",14.61604,120.56431,Globe,329189,15988,329.19,15.99,21,4,1,2
"Minglanilla, Cebu, Philippines",10.24543,123.79599,Globe,16573,830,16.57,0.83,24,4,2,3
"Hinigaran, Negros Occidental, Philippines",10.27479,122.92123,Globe,8629,10302,8.63,10.30,28,4,2,3
"Pitogo, Quezon, Philippines",13.80951,122.10647,Smart,75827,1304,75.83,1.30,14,4,1,2
"Guiguinto, Bulacan, Philippines",14.82832,120.88429,Smart,29792,6035,29.79,6.04,16,4,2,4
"M'lang, Cotabato, Philippines",6.93822,124.90655,Smart,44656,2971,44.66,2.97,24,4,1,1
"Quinapondan, Eastern Samar, Philippines",11.19733,125.45628,Smart,9913,700,9.91,0.70,32,4,1,1
"San Jacinto, Pangasinan, Philippines",16.07883,120.44729,Globe,77835,1599,77.84,1.60,23,4,2,4
"Tiaong, Quezon, Philippines",13.92962,121.34273,Smart,92215,8226,92.22,8.23,23,4,2,4
"Consolacion, Cebu, Philippines",10.37581,123.95694,Globe,38370,8393,38.37,8.39,16,4,2,4
"Nasugbu, Batangas, Philippines",14.09404,120.68901,Smart,37000,9730,37.00,9.73,26,4,2,4
"Barotac Nuevo, Iloilo, Philippines",10.89705,122.69526,Smart,27757,27744,27.76,27.74,14,4,1,2
"Bago, Negros Occidental, Philippines",10.53757,122.83609,Smart,69540,6241,69.54,6.24,28,4,3,3
"Daet, Camarines Norte, Philippines",14.10303,122.9325,DITO,10915,528,10.92,0.53,33,4,1,2
"San Agustin, Romblon, Philippines",12.56219,122.11783,Globe,40001,9006,40.00,9.01,26,4,1,1
"Calatagan, Batangas, Philippines",13.88203,120.6545,DITO,19281,8294,19.28,8.29,25,4,1,2
"Iba, Zambales, Philippines",15.39495,120.04341,Smart,56855,285,56.86,0.29,252,4,2,3
"General Luna, Surigao del Norte, Philippines",9.78375,126.15657,Smart,193456,17620,193.46,17.62,26,4,1,2
"San Remigio, Cebu, Philippines",10.9601,123.94155,Globe,6490,4775,6.49,4.78,58,4,2,2
"Tuguegarao City, Cagayan, Philippines",17.60306,121.75374,DITO,5790,6347,5.79,6.35,26,4,1,3
"Sablayan, Occidental Mindoro, Philippines",12.88349,120.98763,Smart,85031,15689,85.03,15.69,34,4,2,2
"Urdaneta City, Pangasinan, Philippines",15.98194,120.59698,Smart,42447,13027,42.45,13.03,18,4,2,4
"Alamada, Cotabato, Philippines",7.47945,124.55284,Smart,13548,1006,13.55,1.01,39,4,1,2
"Taal, Batangas, Philippines",13.87826,120.92508,Smart,52593,5889,52.59,5.89,28,4,2,4
"Lingayen, Pangasinan, Philippines",16.00973,120.22449,DITO,31447,3602,31.45,3.60,26,4,2,3
"Echague, Isabela, Philippines",16.66606,121.78792,Globe,23487,3402,23.49,3.40,17,4,2,2
"Lingayen, Pangasinan, Philippines",16.00973,120.22449,Globe,111413,11716,111.41,11.72,16,4,2,3
"Liloan, Cebu, Philippines",10.39926,124.00002,Smart,34606,11662,34.61,11.66,21,4,4,4
"Patikul, Sulu, Philippines",6.06302,121.10229,Smart,33499,8604,33.50,8.60,28,4,3,3
"Ibaan, Batangas, Philippines",13.81895,121.13082,Smart,29862,5516,29.86,5.52,19,4,3,4
"Buhi, Camarines Sur, Philippines",13.40951,123.51681,Smart,82116,6766,82.12,6.77,19,4,1,3
"Tuburan, Cebu, Philippines",10.66879,123.86345,Smart,18805,11352,18.81,11.35,15,4,1,2
"Candon City, Ilocos Sur, Philippines",17.19612,120.44729,Smart,34043,2334,34.04,2.33,22,4,2,2
"Magarao, Camarines Sur, Philippines",13.67027,123.15202,DITO,15736,9341,15.74,9.34,26,4,2,3
"Lebak, Sultan Kudarat, Philippines",6.63314,124.06624,Smart,37149,1333,37.15,1.33,36,4,1,1
"Oton, Iloilo, Philippines",10.69251,122.47868,Smart,51886,10654,51.89,10.65,11,4,3,4
"City of Tandag, Surigao del Sur, Philippines",9.08041,126.0676,Smart,346404,11152,346.40,11.15,15,4,3,3
"Leganes, Iloilo, Philippines",10.78605,122.5888,Globe,16808,18820,16.81,18.82,27,4,1,1
"Moncada, Tarlac, Philippines",15.73756,120.55094,Globe,77936,22194,77.94,22.19,28,4,1,2
"Tangub City, Misamis Occidental, Philippines",8.09592,123.6847,Smart,194550,6438,194.55,6.44,20,4,2,3
"Gloria, Oriental Mindoro, Philippines",12.93397,121.37703,DITO,37563,140,37.56,0.14,23,4,1,1
"San Rafael, Bulacan, Philippines",15.00184,120.93141,DITO,8998,3159,9.00,3.16,30,4,2,2
"Numancia, Aklan, Philippines",11.71767,122.33909,Smart,84078,2443,84.08,2.44,20,4,1,2
"Abra De Ilog, Occidental Mindoro, Philippines",13.36383,120.75798,Smart,64300,10104,64.30,10.10,32,4,1,1
"Sariaya, Quezon, Philippines",13.96301,121.52388,Smart,78291,13693,78.29,13.69,17,4,3,4
"Candelaria, Quezon, Philippines",13.94899,121.42276,DITO,7249,4710,7.25,4.71,21,4,1,1
"San Fernando City, La Union, Philippines",16.61592,120.32102,Globe,311300,14716,311.30,14.72,30,4,1,4
"Datu Odin Sinsuat (Dinaig), Maguindanao del Norte, Philippines",7.08286,124.26439,Smart,76574,19991,76.57,19.99,27,4,2,3
"Santa Fe, Cebu, Philippines",11.16913,123.79088,Smart,215963,16724,215.96,16.72,16,4,1,3
"Dauin, Negros Oriental, Philippines",9.20373,123.19137,Smart,46641,5268,46.64,5.27,27,4,3,3
"Mansalay, Oriental Mindoro, Philippines",12.52158,121.441,Smart,320543,24537,320.54,24.54,33,4,1,3
"Cadiz City, Negros Occidental, Philippines",10.86192,123.23632,Smart,228618,22377,228.62,22.38,20,4,2,3
"Calbayog, Samar, Philippines",12.0685,124.59081,DITO,6965,1213,6.97,1.21,67,4,2,3
"San Jose, Occidental Mindoro, Philippines",12.40119,121.10229,Globe,6783,6838,6.78,6.84,20,4,1,2
"Dumaguete City, Negros Oriental, Philippines",9.29841,123.29249,DITO,36379,1158,36.38,1.16,28,4,2,2
"San Nicolas, Ilocos Norte, Philippines",18.14708,120.58547,Globe,84909,14670,84.91,14.67,25,4,2,3
"Malita, Davao Occidental, Philippines",6.41184,125.61321,Globe,7435,4851,7.44,4.85,24,4,2,4
"Kitaotao, Bukidnon, Philippines",7.59444,125.10487,Globe,20471,3923,20.47,3.92,31,4,4,4
"Sibulan, Negros Oriental, Philippines",9.35972,123.28476,Globe,33287,21981,33.29,21.98,32,4,3,4
"Daet, Camarines Norte, Philippines",14.10303,122.9325,Globe,63150,16362,63.15,16.36,29,4,3,3
"Kabankalan City, Negros Occidental, Philippines",9.91341,122.85358,Smart,3783,1560,3.78,1.56,41,4,1,2
"Kalilangan, Bukidnon, Philippines",7.8149,124.70777,Smart,46907,8518,46.91,8.52,21,4,2,2
"Sipalay City, Negros Occidental, Philippines",9.71979,122.49201,Globe,13814,5844,13.81,5.84,22,4,2,3
"Tuy, Batangas, Philippines",14.03435,120.74649,Globe,18448,4836,18.45,4.84,24,4,2,3
"City of Santiago, Isabela, Philippines",16.69679,121.55865,Globe,73303,30423,73.30,30.42,19,4,3,4
"San Jose de Buenavista, Antique, Philippines",10.74901,121.94128,Globe,31607,15994,31.61,15.99,30,4,2,3
"Miagao, Iloilo, Philippines",10.64201,122.23632,Globe,38680,11042,38.68,11.04,27,4,2,2
"Kabankalan City, Negros Occidental, Philippines",9.91341,122.85358,Globe,33094,16820,33.09,16.82,24,4,3,4
"Danao, Cebu, Philippines",10.52013,124.02712,Globe,10032,5486,10.03,5.49,33,4,1,2
"San Juan, La Union, Philippines",16.6711,120.33844,Globe,67650,6166,67.65,6.17,24,4,1,3
"Santa Rosa, Nueva Ecija, Philippines",15.42502,120.93838,Smart,46482,4287,46.48,4.29,23,4,2,3
"Pintuyan, Southern Leyte, Philippines",9.99513,125.22584,Smart,23378,2731,23.38,2.73,20,4,2,3
"Tanauan City, Batangas, Philippines",14.08354,121.14762,DITO,38347,2224,38.35,2.22,37,4,2,3
"La Trinidad, Benguet, Philippines",16.44844,120.59047,Globe,128251,8909,128.25,8.91,16,4,2,4
"Albuera, Leyte, Philippines",10.90539,124.75198,Smart,168446,16052,168.45,16.05,21,4,2,3
"San Jose, Batangas, Philippines",13.87868,121.09942,Smart,129124,14186,129.12,14.19,19,4,2,2
"Pandi, Bulacan, Philippines",14.87572,120.95941,DITO,9496,4369,9.50,4.37,32,4,2,3
"M'lang, Cotabato, Philippines",6.93822,124.90655,Globe,16920,11242,16.92,11.24,31,4,2,3
"Baler, Aurora, Philippines",15.73361,121.57125,Globe,16195,10262,16.20,10.26,26,4,3,3
"Kabacan, Cotabato, Philippines",7.10719,124.84034,Globe,6129,655,6.13,0.66,40,4,1,2
"Nasugbu, Batangas, Philippines",14.09404,120.68901,Globe,12039,4855,12.04,4.86,23,4,2,4
"Bangar, La Union, Philippines",16.88295,120.42424,DITO,79779,2537,79.78,2.54,24,4,1,2
"Tabaco City, Albay, Philippines",13.36138,123.72876,Globe,71215,9302,71.22,9.30,33,4,2,4
"Valencia City, Bukidnon, Philippines",7.86319,125.17087,Smart,38167,3198,38.17,3.20,26,4,4,4
"El Nido, Palawan, Philippines",11.19892,119.42317,Smart,2101,6071,2.10,6.07,25,4,3,4
"Bongao, Tawi-Tawi, Philippines",5.09323,119.8468,Globe,562,51,0.56,0.05,119,4,1,1
"Botolan, Zambales, Philippines",15.26625,120.20511,Smart,47897,3607,47.90,3.61,23,4,3,3
"Hermosa, Bataan, Philippines",14.83566,120.47709,Globe,14171,11798,14.17,11.80,51,4,1,3
"Alicia, Isabela, Philippines",16.80691,121.69674,Smart,27381,8200,27.38,8.20,29,4,1,1
"Angono, Rizal, Philippines",14.52592,121.15321,Globe,305916,33150,305.92,33.15,18,4,1,4
"San Antonio, Nueva Ecija, Philippines",15.31921,120.82692,DITO,8078,2309,8.08,2.31,28,4,1,1
"San Ildefonso, Bulacan, Philippines",15.07717,120.94171,Smart,8197,3133,8.20,3.13,20,4,1,4
"Balagtas, Bulacan, Philippines",14.81784,120.90646,Smart,79751,2723,79.75,2.72,18,4,3,4
"Naval, Biliran, Philippines",11.56681,124.44201,Smart,46471,4091,46.47,4.09,26,3,1,2
"Paracale, Camarines Norte, Philippines",14.23721,122.78588,Smart,340078,16535,340.08,16.54,13,3,1,3
"Manito, Albay, Philippines",13.12578,123.86797,Smart,10636,1473,10.64,1.47,27,3,1,1
"Madridejos, Cebu, Philippines",11.25859,123.7406,Globe,23545,5080,23.55,5.08,21,3,1,2
"Passi City, Iloilo, Philippines",11.1688,122.65035,Smart,12230,2140,12.23,2.14,38,3,1,2
"San Leonardo, Nueva Ecija, Philippines",15.37285,120.95321,Smart,390369,32682,390.37,32.68,18,3,1,2
"Mariveles, Bataan, Philippines",14.4354,120.49003,Globe,14088,3675,14.09,3.68,22,3,2,3
"Siquijor, Philippines",9.19621,123.53921,Smart,19607,13029,19.61,13.03,18,3,1,2
"Maramag, Bukidnon, Philippines",7.82687,124.97271,Smart,6706,416,6.71,0.42,32,3,3,3
"Alicia, Isabela, Philippines",16.80691,121.69674,Globe,79592,8558,79.59,8.56,21,3,2,3
"Siaton, Negros Oriental, Philippines",9.12425,123.03388,Globe,1308,17610,1.31,17.61,43,3,1,2
"Del Carmen, Surigao del Norte, Philippines",9.87498,125.98055,Globe,11744,19992,11.74,19.99,34,3,1,1
"Pandi, Bulacan, Philippines",14.87572,120.95941,Globe,133174,22323,133.17,22.32,25,3,2,3
"San Jose de Buenavista, Antique, Philippines",10.74901,121.94128,DITO,10133,607,10.13,0.61,32,3,3,3
"Palayan City, Nueva Ecija, Philippines",15.53906,121.09083,Smart,64971,6723,64.97,6.72,27,3,2,3
"Padre Garcia, Batangas, Philippines",13.87668,121.24547,Smart,140622,4033,140.62,4.03,19,3,2,2
"Santa Ana, Pampanga, Philippines",15.09442,120.76623,Globe,62016,10593,62.02,10.59,21,3,1,2
"Santa Cruz, Marinduque, Philippines",13.45623,122.01555,Smart,4772,303,4.77,0.30,33,3,2,3
"Mexico, Pampanga, Philippines",15.06457,120.72033,DITO,9841,2947,9.84,2.95,24,3,2,3
"Bolinao, Pangasinan, Philippines",16.30742,119.85838,Smart,118921,8549,118.92,8.55,14,3,1,2
"Cavite, Philippines",14.48151,120.90833,Smart,11410,1164,11.41,1.16,24,3,1,2
"Mariveles, Bataan, Philippines",14.4354,120.49003,DITO,37771,10748,37.77,10.75,27,3,3,3
"Samal, Bataan, Philippines",14.77188,120.51639,Globe,42828,10487,42.83,10.49,20,3,3,3
"Bumbaran, Lanao del Sur, Philippines",7.74529,124.66353,Smart,40006,26214,40.01,26.21,25,3,1,1
"Bolinao, Pangasinan, Philippines",16.30742,119.85838,DITO,22167,5011,22.17,5.01,25,3,1,1
"Calbayog, Samar, Philippines",12.0685,124.59081,Globe,10482,14795,10.48,14.80,30,3,1,2
"Buluan, Maguindanao, Philippines",6.70802,124.79065,Smart,16460,3882,16.46,3.88,29,3,1,2
"Minalabac, Camarines Sur, Philippines",13.52836,123.19137,Smart,7666,791,7.67,0.79,34,3,1,1
"Patnongon, Antique, Philippines",10.92303,122.06102,Smart,130624,20986,130.62,20.99,19,3,2,2
"Odiongan, Romblon, Philippines",12.36445,122.01555,Smart,49662,16839,49.66,16.84,21,3,1,3
"Agoo, La Union, Philippines",16.3247,120.35508,Smart,22843,3645,22.84,3.65,15,3,1,2
"Tanay, Rizal, Philippines",14.61419,121.37703,Globe,36964,12497,36.96,12.50,20,3,2,3
"Salug, Zamboanga del Norte, Philippines",8.06518,122.78588,Globe,46608,10740,46.61,10.74,31,3,2,2
"Prosperidad, Agusan del Sur, Philippines",8.67623,125.87161,Smart,376123,52656,376.12,52.66,12,3,1,2
"Subic, Zambales, Philippines",14.83066,120.18202,Globe,65747,8648,65.75,8.65,21,3,1,2
"Mauban, Quezon, Philippines",14.23756,121.69674,Smart,83164,2148,83.16,2.15,15,3,2,2
"Pasacao, Camarines Sur, Philippines",13.54666,123.0001,Smart,935,32,0.94,0.03,34,3,1,1
"Dumanjug, Cebu, Philippines",10.02819,123.47198,Smart,210555,37821,210.56,37.82,20,3,2,2
"Maco, Davao de Oro, Philippines",7.40845,125.937,Globe,63342,8046,63.34,8.05,42,3,2,2
"Labason, Zamboanga del Norte, Philippines",8.01373,122.51464,Globe,9563,1413,9.56,1.41,28,3,2,2
"Virac, Catanduanes, Philippines",13.61939,124.17544,Globe,41428,20574,41.43,20.57,52,3,2,3
"Legazpi City, Albay, Philippines",13.11288,123.76295,DITO,21944,3472,21.94,3.47,31,3,1,3
"San Fernando, Romblon, Philippines",12.30382,122.6014,Smart,27534,18575,27.53,18.58,28,3,1,2
"Kapalong, Davao del Norte, Philippines",7.82951,125.522,DITO,18615,10649,18.62,10.65,41,3,2,2
"Bayombong, Nueva Vizcaya, Philippines",16.48042,121.14813,Globe,37831,12025,37.83,12.03,23,3,3,3
"Aparri, Cagayan, Philippines",18.33423,121.60549,Smart,99529,7935,99.53,7.94,24,3,2,2
"Calatrava, Romblon, Philippines",12.60853,122.07238,Smart,78696,4232,78.70,4.23,20,3,1,2
"San Manuel, Tarlac, Philippines",15.82906,120.60273,DITO,23182,21749,23.18,21.75,20,3,1,1
"Tuguegarao City, Cagayan, Philippines",17.60306,121.75374,Smart,68784,30296,68.78,30.30,34,3,2,2
"Los Baños, Laguna, Philippines",14.17731,121.22161,Globe,33898,6862,33.90,6.86,19,3,2,2
"Sibulan, Negros Oriental, Philippines",9.35972,123.28476,DITO,7084,1037,7.08,1.04,30,3,3,3
"Jasaan, Misamis Oriental, Philippines",8.65161,124.78513,Globe,6765,4073,6.77,4.07,27,3,1,1
"Luisiana, Laguna, Philippines",14.19077,121.52558,DITO,21728,2421,21.73,2.42,23,3,1,1
"Navotas, Metro Manila, Philippines",14.65819,120.94743,Globe,80164,12078,80.16,12.08,12,3,2,3
"La Carlota City, Negros Occidental, Philippines",10.41437,122.97757,DITO,41677,1210,41.68,1.21,29,3,2,2
"Panabo, Davao del Norte, Philippines",7.30822,125.68662,Smart,126357,10743,126.36,10.74,14,3,2,3
"Sual, Pangasinan, Philippines",16.06783,120.04341,DITO,2171,2141,2.17,2.14,32,3,1,1
"Valladolid, Negros Occidental, Philippines",10.46898,122.8423,Smart,102595,31180,102.60,31.18,18,3,2,2
"Candelaria, Quezon, Philippines",13.94899,121.42276,Globe,332763,43903,332.76,43.90,14,3,1,1
"Roxas City, Capiz, Philippines",11.55288,122.74072,Smart,24727,434,24.73,0.43,42,3,1,3
"Zarraga, Iloilo, Philippines",10.82405,122.60846,Globe,49267,7940,49.27,7.94,24,3,1,2
"Nabunturan, Davao de Oro, Philippines",7.54501,126.02409,DITO,26028,7186,26.03,7.19,42,3,1,1
"Obando, Bulacan, Philippines",14.70986,120.93674,Globe,36700,3792,36.70,3.79,22,3,2,2
"Santa Cruz, Marinduque, Philippines",13.45623,122.01555,Globe,24710,5202,24.71,5.20,25,3,2,3
"Ibaan, Batangas, Philippines",13.81895,121.13082,Globe,17477,8260,17.48,8.26,22,3,2,2
"Mendez, Cavite, Philippines",14.12941,120.90511,Globe,21268,7401,21.27,7.40,16,3,3,3
"Guagua, Pampanga, Philippines",14.96374,120.63244,Globe,10064,1850,10.06,1.85,16,3,1,3
"Currimao, Ilocos Norte, Philippines",18.00626,120.51064,Smart,54208,6977,54.21,6.98,25,3,1,1
"Puerto Galera, Oriental Mindoro, Philippines",13.44475,120.91878,Globe,38876,1846,38.88,1.85,25,3,2,3
"Aborlan, Palawan, Philippines",9.43994,118.54785,Smart,13291,1103,13.29,1.10,41,3,3,3
"San Isidro, Nueva Ecija, Philippines",15.29656,120.9073,DITO,72384,22225,72.38,22.23,25,3,2,2
"San Antonio, Zambales, Philippines",14.92751,120.08963,Smart,76069,10504,76.07,10.50,16,3,2,3
"Bulakan, Bulacan, Philippines",14.79484,120.87889,Globe,60690,7471,60.69,7.47,28,3,2,2
"Santa Barbara, Iloilo, Philippines",10.82707,122.53265,Smart,46004,25176,46.00,25.18,15,3,1,2
"San Francisco, Cebu, Philippines",10.64719,124.35324,Globe,11342,11552,11.34,11.55,29,3,2,2
"Sibalom, Antique, Philippines",10.76502,122.06102,Globe,17622,4303,17.62,4.30,33,3,2,2
"Alcoy, Cebu, Philippines",9.71173,123.46077,Smart,3161,2600,3.16,2.60,21,3,1,1
"Impasug-ong, Bukidnon, Philippines",8.38854,125.08286,Smart,34415,543,34.42,0.54,32,3,1,2
"Kidapawan, Cotabato, Philippines",7.02127,125.09019,DITO,13256,2860,13.26,2.86,31,3,2,3
"Subic, Zambales, Philippines",14.83066,120.18202,Smart,195992,2276,195.99,2.28,16,3,1,2
"Hermosa, Bataan, Philippines",14.83566,120.47709,Smart,41640,1826,41.64,1.83,20,3,1,2
"Jolo, Sulu, Philippines",6.04533,121.01631,Smart,155865,32717,155.87,32.72,28,3,1,2
"San Quintin, Pangasinan, Philippines",15.9754,120.83841,DITO,4382,7998,4.38,8.00,21,3,1,1
"Siquijor, Philippines",9.19621,123.53921,Globe,53243,13432,53.24,13.43,30,3,1,2
"Talisay, Cebu, Philippines",10.25859,123.82413,DITO,477459,24804,477.46,24.80,16,3,3,3
"Tadian, Mountain Province, Philippines",16.96608,120.81544,Globe,22801,1321,22.80,1.32,28,3,1,1
"Daanbantayan, Cebu, Philippines",11.22134,124.03072,Globe,39325,12405,39.33,12.41,470,3,2,3
"Basud, Camarines Norte, Philippines",14.00663,122.9663,DITO,11071,56,11.07,0.06,23,3,1,2
"Gandara, Samar, Philippines",12.06444,124.79617,Smart,123080,13865,123.08,13.87,40,3,2,3
"San Remigio, Cebu, Philippines",10.9601,123.94155,DITO,10279,2811,10.28,2.81,37,3,1,1
"Tambulig, Zamboanga del Sur, Philippines",8.04386,123.53921,Smart,71872,5759,71.87,5.76,26,3,2,2
"Lemery, Batangas, Philippines",13.95318,120.88434,Globe,47444,11177,47.44,11.18,28,3,1,1
"Los Baños, Laguna, Philippines",14.17731,121.22161,Smart,36127,713,36.13,0.71,31,3,1,2
"Boac, Marinduque, Philippines",13.39413,121.87903,Smart,22002,366,22.00,0.37,25,3,1,1
"Sagada, Mountain Province, Philippines",17.09814,120.9073,Globe,19889,2497,19.89,2.50,27,3,2,3
"San Rafael, Bulacan, Philippines",15.00184,120.93141,Globe,75760,7457,75.76,7.46,30,3,2,2
"Alburquerque, Bohol, Philippines",9.62742,123.96385,DITO,25204,1331,25.20,1.33,23,3,1,1
"Mariveles, Bataan, Philippines",14.4354,120.49003,Smart,60247,2125,60.25,2.13,25,3,2,3
"Cuenca, Batangas, Philippines",13.9144,121.05071,DITO,42699,5705,42.70,5.71,24,3,1,1
"Bustos, Bulacan, Philippines",14.95239,120.91735,DITO,12743,9605,12.74,9.61,26,3,2,2
"Catmon, Cebu, Philippines",10.65242,123.9973,Smart,4813,837,4.81,0.84,22,3,1,1
"Limay, Bataan, Philippines",14.53661,120.56245,Smart,46334,337,46.33,0.34,57,3,1,2
"San Carlos City, Pangasinan, Philippines",15.92589,120.34827,Globe,29922,1737,29.92,1.74,15,3,3,3
"Estancia, Iloilo, Philippines",11.45356,123.13515,Smart,14422,3471,14.42,3.47,19,3,2,3
"Malay, Aklan, Philippines",11.93033,121.95191,DITO,432378,7703,432.38,7.70,35,3,1,2
"Lubao, Pampanga, Philippines",14.92678,120.58795,Smart,10236,172,10.24,0.17,53,3,2,3
"Dinalupihan, Bataan, Philippines",14.88605,120.44729,Smart,72499,3701,72.50,3.70,19,3,3,3
"Tanjay City, Negros Oriental, Philippines",9.49579,122.9663,DITO,50152,7064,50.15,7.06,23,3,2,2
"Ferrol, Romblon, Philippines",12.3216,121.95869,Globe,48712,10697,48.71,10.70,24,3,1,1
"Panabo, Davao del Norte, Philippines",7.30822,125.68662,DITO,22166,8554,22.17,8.55,38,3,2,3
"Dapitan City, Zamboanga del Norte, Philippines",8.58118,123.42714,Globe,14788,7280,14.79,7.28,29,3,2,2
"City of Bayugan, Agusan del Sur, Philippines",8.71381,125.74865,Smart,19824,35575,19.82,35.58,13,3,1,3
"General Emilio Aguinaldo, Cavite, Philippines",14.19312,120.79246,DITO,47937,11255,47.94,11.26,26,3,1,1
"Cuenca, Batangas, Philippines",13.9144,121.05071,Globe,87617,13307,87.62,13.31,14,3,1,1
"Enrique B. Magalona, Negros Occidental, Philippines",10.87695,122.98281,Smart,163044,25689,163.04,25.69,20,3,2,2
"Bogo City, Cebu, Philippines",11.04623,124.00287,Smart,63072,17405,63.07,17.41,19,3,2,3
"Malalag, Davao del Sur, Philippines",6.54894,125.2588,Smart,11538,2666,11.54,2.67,26,3,1,1
"Taytay, Palawan, Philippines",10.66876,119.46436,Globe,42786,10641,42.79,10.64,30,2,1,1
"San Antonio, Nueva Ecija, Philippines",15.31921,120.82692,Smart,203760,7171,203.76,7.17,35,2,1,2
"Carmen, Davao del Norte, Philippines",7.35492,125.704,Globe,13688,7277,13.69,7.28,29,2,1,2
"Oroquieta City, Misamis Occidental, Philippines",8.48597,123.79825,Smart,114927,6488,114.93,6.49,43,2,2,2
"Bataraza, Palawan, Philippines",8.5878,117.43215,Smart,2498,750,2.50,0.75,27,2,1,2
"Talisay, Negros Occidental, Philippines",10.74828,122.98012,Smart,1466,533,1.47,0.53,32,2,1,2
"Mabini, Pangasinan, Philippines",15.94144,120.04341,DITO,16192,14485,16.19,14.49,22,2,1,1
"City of Tayabas, Quezon, Philippines",14.01135,121.55983,DITO,17784,1304,17.78,1.30,39,2,1,2
"Magallanes, Sorsogon, Philippines",12.78308,123.90809,Globe,23762,11879,23.76,11.88,37,2,1,1
"Bato, Catanduanes, Philippines",13.60687,124.31993,Smart,21155,1119,21.16,1.12,25,2,1,1
"Mambajao, Camiguin, Philippines",9.22153,124.71882,Globe,41031,15148,41.03,15.15,25,2,1,1
"Catubig, Northern Samar, Philippines",12.41734,125.06084,Globe,41819,5103,41.82,5.10,41,2,2,2
"Rosario, Batangas, Philippines",13.80433,121.28552,Globe,6677,3787,6.68,3.79,20,2,1,2
"Tinoc, Ifugao, Philippines",16.72045,120.96469,Globe,5156,4438,5.16,4.44,33,2,1,1
"Rizal, Zamboanga del Norte, Philippines",8.57025,123.53921,Globe,12040,6724,12.04,6.72,31,2,2,2
"Compostela, Davao de Oro, Philippines",7.67742,126.15454,Globe,59683,10053,59.68,10.05,28,2,2,2
"Santa Cruz, Ilocos Sur, Philippines",17.06168,120.49336,Smart,245944,26170,245.94,26.17,18,2,1,1
"Gapan City, Nueva Ecija, Philippines",15.29121,121.01057,Globe,23829,9126,23.83,9.13,23,2,1,2
"Manukan, Zamboanga del Norte, Philippines",8.45173,123.10141,Smart,125124,13809,125.12,13.81,20,2,1,1
"Surallah, South Cotabato, Philippines",6.3195,124.75198,Smart,74657,28000,74.66,28.00,20,2,1,1
"San Isidro, Nueva Ecija, Philippines",15.29656,120.9073,Smart,73235,32666,73.24,32.67,27,2,2,2
"Villasis, Pangasinan, Philippines",15.90523,120.55094,Smart,5474,1183,5.47,1.18,28,2,1,1
"Bokod, Benguet, Philippines",16.45641,120.78097,Globe,4964,900,4.96,0.90,27,2,2,2
"San Manuel, Isabela, Philippines",17.02596,121.63115,Smart,64153,3718,64.15,3.72,32,2,1,2
"Candaba, Pampanga, Philippines",15.09289,120.8277,Globe,61273,14127,61.27,14.13,31,2,1,1
"Sablan, Benguet, Philippines",16.49609,120.48794,DITO,2740,884,2.74,0.88,30,2,1,1
"Ragay, Camarines Sur, Philippines",13.83123,122.78588,Smart,25636,9163,25.64,9.16,38,2,2,2
"Lubao, Pampanga, Philippines",14.92678,120.58795,DITO,7193,404,7.19,0.40,105,2,1,1
"Dauin, Negros Oriental, Philippines",9.20373,123.19137,DITO,13929,915,13.93,0.92,29,2,1,2
"Rizal, Palawan, Philippines",8.85568,117.57306,Smart,11921,437,11.92,0.44,31,2,1,1
"San Joaquin, Iloilo, Philippines",10.64155,122.10647,Smart,479878,49984,479.88,49.98,11,2,1,1
"Dolores, Quezon, Philippines",14.00193,121.41133,DITO,19263,1247,19.26,1.25,23,2,1,1
"Laoag City, Ilocos Norte, Philippines",18.21075,120.58547,Smart,33471,16099,33.47,16.10,54,2,2,2
"Pakil, Laguna, Philippines",14.3694,121.39418,Smart,108876,7968,108.88,7.97,22,2,1,2
"Balaoan, La Union, Philippines",16.80225,120.40119,Globe,19805,4809,19.81,4.81,21,2,1,1
"Magalang, Pampanga, Philippines",15.21394,120.66181,DITO,6877,5577,6.88,5.58,28,2,2,2
"Santo Domingo, Albay, Philippines",13.25265,123.76295,Smart,102731,4632,102.73,4.63,20,2,2,2
"San Narciso, Quezon, Philippines",13.49997,122.5599,Smart,28607,2720,28.61,2.72,98,2,1,1
"Subic Bay Freeport Zone, Philippines",14.80319,120.30033,DITO,279440,22908,279.44,22.91,22,2,2,2
"Sapi-an, Capiz, Philippines",11.49917,122.61644,Smart,58594,1516,58.59,1.52,24,2,1,1
"Naguilian, Isabela, Philippines",16.99684,121.86765,DITO,6490,5154,6.49,5.15,29,2,1,1
"Candaba, Pampanga, Philippines",15.09289,120.8277,Smart,40273,5368,40.27,5.37,28,2,1,2
"Pandan, Antique, Philippines",11.75185,122.10647,DITO,17487,3,17.49,0.00,42,2,1,2
"Medina, Misamis Oriental, Philippines",8.90294,124.97271,Globe,13854,4108,13.85,4.11,27,2,1,2
"Maasin, Iloilo, Philippines",10.9199,122.42407,Smart,44305,1798,44.31,1.80,18,2,1,1
"Alaminos, Laguna, Philippines",14.0454,121.25119,Smart,978,1026,0.98,1.03,19,2,1,1
"San Carlos City, Negros Occidental, Philippines",10.48344,123.30371,Globe,12732,7937,12.73,7.94,32,2,1,1
"Del Carmen, Surigao del Norte, Philippines",9.87498,125.98055,Smart,1332,1331,1.33,1.33,33,2,1,1
"Naujan, Oriental Mindoro, Philippines",13.24381,121.19395,Globe,5143,1133,5.14,1.13,24,2,2,2
"Bagabag, Nueva Vizcaya, Philippines",16.58337,121.28552,Globe,3841,1358,3.84,1.36,33,2,1,1
"Malaybalay City, Bukidnon, Philippines",8.15775,125.17087,DITO,155459,52621,155.46,52.62,34,2,1,1
"Cagdianao, Dinagat Islands, Philippines",10.10655,125.63142,Smart,92876,58361,92.88,58.36,46,2,1,1
"Bulakan, Bulacan, Philippines",14.79484,120.87889,Smart,79441,3113,79.44,3.11,16,2,1,2
"Opol, Misamis Oriental, Philippines",8.52263,124.57239,DITO,16403,2188,16.40,2.19,20,2,1,1
"General Mariano Alvarez, Cavite, Philippines",14.29525,121.0071,Globe,13018,6244,13.02,6.24,25,2,2,2
"Lopez, Quezon, Philippines",13.80005,122.31075,Smart,9100,2245,9.10,2.25,19,2,1,2
"Panabo, Davao del Norte, Philippines",7.30822,125.68662,Globe,282537,16043,282.54,16.04,16,2,1,1
"San Fernando, Cebu, Philippines",10.16316,123.70738,Smart,6357,1413,6.36,1.41,18,2,1,2
"Mapandan, Pangasinan, Philippines",16.02726,120.45379,Smart,7900,1392,7.90,1.39,28,2,2,2
"Itogon, Benguet, Philippines",16.36116,120.6787,Smart,20626,738,20.63,0.74,28,2,1,1
"Cavinti, Laguna, Philippines",14.24907,121.54842,Globe,9098,4899,9.10,4.90,14,2,1,1
"Pandan, Antique, Philippines",11.75185,122.10647,Globe,1816,11656,1.82,11.66,39,2,1,1
"Binangonan, Rizal, Philippines",14.48441,121.1869,DITO,1143,15,1.14,0.02,26,2,1,2
"El Nido, Palawan, Philippines",11.19892,119.42317,Globe,36598,8174,36.60,8.17,32,2,1,1
"Lingig, Surigao del Sur, Philippines",8.05531,126.37148,Globe,7863,4259,7.86,4.26,29,2,1,1
"Salcedo, Ilocos Sur, Philippines",17.13472,120.56245,Globe,31266,11907,31.27,11.91,13,2,1,1
"Carcar, Cebu, Philippines",10.10478,123.64147,Globe,8598,8456,8.60,8.46,34,2,2,2
"San Enrique, Negros Occidental, Philippines",10.42735,122.86485,Globe,11853,3314,11.85,3.31,26,2,2,2
"Vigan City, Ilocos Sur, Philippines",17.56485,120.38781,DITO,59131,3851,59.13,3.85,45,2,1,2
"Jose Dalman (Ponot), Zamboanga del Norte, Philippines",8.38031,123.05639,Globe,4200,446,4.20,0.45,39,2,1,1
"Toledo, Cebu, Philippines",10.38705,123.65017,Smart,5501,2281,5.50,2.28,26,2,2,2
"Torrijos, Marinduque, Philippines",13.33435,122.01555,Smart,5974,2075,5.97,2.08,24,2,1,1
"Masbate City, Masbate, Philippines",12.31777,123.55041,Globe,27309,7682,27.31,7.68,34,2,1,2
"Murcia, Negros Occidental, Philippines",10.60643,123.03944,Globe,18972,7901,18.97,7.90,27,2,2,2
"Iguig, Cagayan, Philippines",17.74995,121.75374,Smart,25752,1021,25.75,1.02,39,2,1,1
"Asuncion (Saug), Davao del Norte, Philippines",7.60603,125.76252,DITO,2944,1938,2.94,1.94,71,2,1,1
"Malungon, Sarangani, Philippines",6.3343,125.2588,Globe,80,73,0.08,0.07,35,2,1,1
"Pidigan, Abra, Philippines",17.53644,120.56245,Globe,90297,14390,90.30,14.39,21,2,1,1
"Ibajay, Aklan, Philippines",11.75186,122.18596,Smart,275190,12698,275.19,12.70,14,2,1,2
"Mawab, Davao de Oro, Philippines",7.51701,125.937,Globe,21636,13431,21.64,13.43,27,2,2,2
"Minalin, Pampanga, Philippines",14.97052,120.68518,Smart,42055,18058,42.06,18.06,13,2,1,1
"Maitum, Sarangani, Philippines",6.12408,124.48636,Smart,84978,1280,84.98,1.28,33,2,1,1
"Polangui, Albay, Philippines",13.29368,123.48542,Globe,20624,4778,20.62,4.78,41,2,1,1
"City of Guihulngan, Negros Oriental, Philippines",10.18323,123.21385,DITO,7416,1176,7.42,1.18,53,2,1,1
"Gainza, Camarines Sur, Philippines",13.61146,123.14078,Smart,53877,8346,53.88,8.35,17,2,1,1
"Tabogon, Cebu, Philippines",10.92395,123.9973,DITO,5025,565,5.03,0.57,22,2,1,1
"Santa Barbara, Pangasinan, Philippines",15.9774,120.42424,Smart,119299,13162,119.30,13.16,17,2,1,2
"Roxas City, Capiz, Philippines",11.55288,122.74072,DITO,47139,5302,47.14,5.30,58,2,2,2
"Sagada, Mountain Province, Philippines",17.09814,120.9073,Smart,61875,5359,61.88,5.36,19,2,1,2
"San Andres, Catanduanes, Philippines",13.6332,124.08641,Smart,9591,1908,9.59,1.91,30,2,1,2
"Bagac, Bataan, Philippines",14.63082,120.41272,Globe,46466,10748,46.47,10.75,18,2,1,1
"Lubao, Pampanga, Philippines",14.92678,120.58795,Globe,8511,22080,8.51,22.08,29,2,1,2
"San Fernando, Camarines Sur, Philippines",13.52998,123.11266,Smart,9490,712,9.49,0.71,26,2,1,1
"San Fernando, Romblon, Philippines",12.30382,122.6014,Globe,16977,5614,16.98,5.61,39,2,1,2
"Danao, Cebu, Philippines",10.52013,124.02712,DITO,74130,11677,74.13,11.68,29,2,2,2
"San Miguel, Bulacan, Philippines",15.14158,120.9751,DITO,5981,1212,5.98,1.21,67,2,1,1
"City of Tandag, Surigao del Sur, Philippines",9.08041,126.0676,Globe,53051,10506,53.05,10.51,23,2,2,2
"Ajuy, Iloilo, Philippines",11.13583,123.0001,Globe,46590,6580,46.59,6.58,32,2,2,2
"Indang, Cavite, Philippines",14.19204,120.87286,DITO,1527,267,1.53,0.27,58,2,1,2
"Victoria, Oriental Mindoro, Philippines",13.15599,121.23974,Smart,28922,10454,28.92,10.45,18,2,1,2
"Panitan, Capiz, Philippines",11.43981,122.77459,Globe,4196,770,4.20,0.77,39,2,1,2
"Bulusan, Sorsogon, Philippines",12.76544,124.09755,Smart,134364,23140,134.36,23.14,21,2,1,2
"Claver, Surigao del Norte, Philippines",9.50458,125.78435,Globe,12163,10839,12.16,10.84,32,2,1,2
"Santa Catalina, Ilocos Sur, Philippines",17.58644,120.36085,Globe,1355,1033,1.36,1.03,37,2,1,1
"Gubat, Sorsogon, Philippines",12.92415,124.09755,Smart,162556,16214,162.56,16.21,25,2,2,2
"Sibulan, Negros Oriental, Philippines",9.35972,123.28476,Smart,2767,7084,2.77,7.08,15,2,2,2
"Laguindingan, Misamis Oriental, Philippines",8.59435,124.43092,Globe,44959,5518,44.96,5.52,48,2,2,2
"Tarangnan, Samar, Philippines",11.92262,124.76303,Globe,8123,18117,8.12,18.12,52,2,1,1
"Bato, Leyte, Philippines",10.32908,124.8293,DITO,55547,14848,55.55,14.85,45,2,1,1
"Cajidiocan, Romblon, Philippines",12.40062,122.65035,Globe,231,11980,0.23,11.98,50,2,1,1
"Sibutu, Tawi-Tawi, Philippines",4.81803,119.47596,Globe,9310,9586,9.31,9.59,55,2,1,1
"Amadeo, Cavite, Philippines",14.18985,120.92452,Smart,136086,16896,136.09,16.90,22,2,1,2
"Calamba, Misamis Occidental, Philippines",8.51327,123.63996,Smart,20044,2262,20.04,2.26,26,2,2,2
"Dauis, Bohol, Philippines",9.60401,123.82996,Globe,13069,10824,13.07,10.82,34,2,2,2
"Calinog, Iloilo, Philippines",11.14579,122.51464,Smart,4771,1254,4.77,1.25,31,2,1,1
"Sablayan, Occidental Mindoro, Philippines",12.88349,120.98763,Globe,12392,14569,12.39,14.57,24,2,2,2
"San Ildefonso, Bulacan, Philippines",15.07717,120.94171,DITO,4995,3776,5.00,3.78,30,2,1,1
"Sual, Pangasinan, Philippines",16.06783,120.04341,Smart,5803,325,5.80,0.33,17,2,1,1
"La Trinidad, Benguet, Philippines",16.44844,120.59047,DITO,13587,6598,13.59,6.60,23,2,2,2
"Pateros, Metro Manila, Philippines",14.54838,121.07077,Globe,17259,6603,17.26,6.60,16,2,1,2
"Roxas, Palawan, Philippines",10.42746,119.46436,Smart,265033,12868,265.03,12.87,28,2,1,1
"Camaligan, Camarines Sur, Philippines",13.62825,123.16327,Globe,28002,4633,28.00,4.63,20,2,2,2
"Lucban, Quezon, Philippines",14.1144,121.55472,DITO,11932,2699,11.93,2.70,22,2,1,1
"Paete, Laguna, Philippines",14.37243,121.54842,Smart,60471,5858,60.47,5.86,25,2,2,2
"Hamtic, Antique, Philippines",10.65189,122.01555,Smart,48131,24867,48.13,24.87,16,2,1,1
"General Mariano Alvarez, Cavite, Philippines",14.29525,121.0071,Smart,25738,784,25.74,0.78,22,2,1,1
"Bangued, Abra, Philippines",17.58818,120.63149,Globe,100333,7765,100.33,7.77,31,2,2,2
"Rosales, Pangasinan, Philippines",15.86126,120.63149,Smart,406447,34050,406.45,34.05,12,2,1,2
"Dingalan, Aurora, Philippines",15.43523,121.42276,Smart,60601,7072,60.60,7.07,26,2,1,2
"San Felipe, Zambales, Philippines",15.07931,120.12429,Smart,482613,42070,482.61,42.07,11,2,1,2
"Baganga, Davao Oriental, Philippines",7.6001,126.39314,Smart,66294,19224,66.29,19.22,23,2,2,2
"Santander, Cebu, Philippines",9.44684,123.33739,Globe,4490,923,4.49,0.92,116,2,1,1
"Siniloan, Laguna, Philippines",14.43831,121.48561,Globe,39400,7122,39.40,7.12,18,2,1,2
"Bauan, Batangas, Philippines",13.79627,120.97616,Globe,49528,3405,49.53,3.41,19,2,1,1
"Dinapigue, Isabela, Philippines",16.69596,122.22001,Smart,71221,1698,71.22,1.70,23,2,1,2
"Bacong, Negros Oriental, Philippines",9.24338,123.27003,Smart,3955,4681,3.96,4.68,16,2,1,2
"Socorro, Surigao del Norte, Philippines",9.61761,125.937,Globe,23818,4691,23.82,4.69,27,2,1,1
"Buguey, Cagayan, Philippines",18.25855,121.78792,DITO,10971,10516,10.97,10.52,32,2,1,1
"Talisay, Camarines Norte, Philippines",14.1394,122.92686,Globe,91635,10010,91.64,10.01,21,2,1,1
"Alabel, Sarangani, Philippines",6.10416,125.28792,Globe,40460,11423,40.46,11.42,32,2,2,2
"Ormoc City, Leyte, Philippines",11.03843,124.61927,DITO,102943,9394,102.94,9.39,22,2,1,2
"Tupi, South Cotabato, Philippines",6.33849,124.97271,Smart,40428,16367,40.43,16.37,23,2,1,2
"Mabitac, Laguna, Philippines",14.43383,121.41133,Globe,8575,3270,8.58,3.27,22,2,1,1
"Panay, Capiz, Philippines",11.54148,122.83102,DITO,42231,6304,42.23,6.30,36,2,1,1
"Calabanga, Camarines Sur, Philippines",13.71633,123.28126,Smart,215279,22866,215.28,22.87,19,2,2,2
"Rosario, La Union, Philippines",16.23014,120.48702,Smart,36968,1337,36.97,1.34,27,2,1,1
"Kiamba, Sarangani, Philippines",6.00076,124.70777,Globe,13482,3874,13.48,3.87,32,2,1,2
"Botolan, Zambales, Philippines",15.26625,120.20511,Globe,7495,5141,7.50,5.14,28,2,2,2
"Rosario, La Union, Philippines",16.23014,120.48702,Globe,99229,13573,99.23,13.57,32,2,1,1
"Ilog, Negros Occidental, Philippines",9.8785,122.72943,Globe,15990,10541,15.99,10.54,30,2,2,2
"Ayungon, Negros Oriental, Philippines",9.87181,123.05639,DITO,64428,17889,64.43,17.89,22,2,1,1
"Mataas Na Kahoy, Batangas, Philippines",13.97995,121.09656,Globe,21779,2618,21.78,2.62,25,2,2,2
"City of Cabadbaran, Agusan del Norte, Philippines",9.14092,125.697,Smart,31189,574,31.19,0.57,26,2,1,1
"San Juan, La Union, Philippines",16.6711,120.33844,Smart,253548,38100,253.55,38.10,12,2,1,2
"Santa Cruz, Davao del Sur, Philippines",6.83551,125.41659,DITO,11227,3145,11.23,3.15,58,2,2,2
"Lemery, Batangas, Philippines",13.95318,120.88434,Smart,16604,5467,16.60,5.47,24,2,1,2
"Talavera, Nueva Ecija, Philippines",15.58575,120.9197,Smart,72785,16896,72.79,16.90,25,2,1,2
"Tagana-an, Surigao del Norte, Philippines",9.68866,125.57673,Smart,13438,1666,13.44,1.67,32,2,1,2
"New Lucena, Iloilo, Philippines",10.87841,122.59781,Smart,69273,19103,69.27,19.10,12,2,1,2
"Naga, Cebu, Philippines",10.20764,123.75821,Globe,32500,19048,32.50,19.05,46,2,1,2
"Cordon, Isabela, Philippines",16.67835,121.46847,Smart,25863,1729,25.86,1.73,29,2,1,2
"Cordova, Cebu, Philippines",10.25278,123.9494,Globe,73911,4456,73.91,4.46,14,2,1,2
"Binuangan, Misamis Oriental, Philippines",8.9165,124.80169,Globe,22503,1981,22.50,1.98,35,2,1,1
"San Juan, Southern Leyte, Philippines",10.26385,125.20386,Globe,54101,6175,54.10,6.18,35,2,1,2
"Camalig, Albay, Philippines",13.14101,123.63996,Globe,23187,1391,23.19,1.39,38,2,2,2
"Atimonan, Quezon, Philippines",13.96507,121.87903,Smart,24977,4451,24.98,4.45,15,2,2,2
"Busuanga, Palawan, Philippines",12.17628,119.95093,Globe,3559,2271,3.56,2.27,35,2,1,1
"Alicia, Bohol, Philippines",9.90723,124.44201,Smart,958,876,0.96,0.88,20,2,1,1
"Carrascal, Surigao del Sur, Philippines",9.36603,125.84981,Smart,31901,5033,31.90,5.03,33,2,1,1
"Naguilian, Isabela, Philippines",16.99684,121.86765,Globe,131074,20595,131.07,20.60,25,2,1,2
"Talibon, Bohol, Philippines",10.11933,124.26439,DITO,8932,101,8.93,0.10,48,2,1,2
"City Of Bislig, Surigao del Sur, Philippines",8.21006,126.28478,Globe,39346,18249,39.35,18.25,31,2,1,2
"Hinundayan, Southern Leyte, Philippines",10.33731,125.22584,Smart,133715,20533,133.72,20.53,19,2,1,2
"City of Baybay, Leyte, Philippines",10.66858,124.80409,Smart,200511,3130,200.51,3.13,19,2,1,2
"Arayat, Pampanga, Philippines",15.15443,120.771,Globe,98550,8323,98.55,8.32,19,2,2,2
"Pili, Camarines Sur, Philippines",13.55521,123.28126,DITO,39353,1889,39.35,1.89,26,2,2,2
"Kalayaan, Laguna, Philippines",14.32356,121.47757,Smart,5533,1388,5.53,1.39,18,2,1,1
"Garcia Hernandez, Bohol, Philippines",9.66884,124.2755,Smart,20471,1167,20.47,1.17,19,2,1,1
"Banga, South Cotabato, Philippines",6.38791,124.79617,Globe,9496,6842,9.50,6.84,25,2,2,2
"Libungan, Cotabato, Philippines",7.31637,124.53068,Smart,1055,1214,1.06,1.21,30,2,1,1
"Bogo City, Cebu, Philippines",11.04623,124.00287,DITO,16189,1351,16.19,1.35,40,2,1,1
"Cuyapo, Nueva Ecija, Philippines",15.79995,120.68901,Smart,141526,12388,141.53,12.39,19,2,1,2
"Santa Cruz, Davao del Sur, Philippines",6.83551,125.41659,Smart,56052,10850,56.05,10.85,24,2,2,2
"Calatagan, Batangas, Philippines",13.88203,120.6545,Globe,10966,1538,10.97,1.54,28,2,1,1
"Maragondon, Cavite, Philippines",14.22356,120.7235,DITO,4016,3903,4.02,3.90,21,2,2,2
"Opol, Misamis Oriental, Philippines",8.52263,124.57239,Globe,12008,5346,12.01,5.35,41,2,1,2
"Magallanes, Cavite, Philippines",14.15828,120.74649,Globe,54772,13098,54.77,13.10,19,2,2,2
"San Jose City, Nueva Ecija, Philippines",15.79188,120.99008,Smart,60425,12282,60.43,12.28,43,2,2,2
"Murcia, Negros Occidental, Philippines",10.60643,123.03944,Smart,97304,23721,97.30,23.72,19,2,2,2
"Casiguran, Sorsogon, Philippines",12.843,124.04187,DITO,32845,5937,32.85,5.94,37,2,1,1
"Asturias, Cebu, Philippines",10.60209,123.77412,Globe,19653,2434,19.65,2.43,32,2,1,2
"Ipil, Zamboanga Sibugay, Philippines",7.77318,122.57121,Smart,301358,11921,301.36,11.92,20,2,2,2
"Binmaley, Pangasinan, Philippines",16.02892,120.26882,Smart,1445,63,1.45,0.06,74,2,1,1
"Calaca, Batangas, Philippines",13.93129,120.80724,Smart,58507,1703,58.51,1.70,26,2,2,2
"San Mariano, Isabela, Philippines",16.87828,122.12918,Smart,35596,2787,35.60,2.79,37,2,1,1
"Casiguran, Aurora, Philippines",16.27707,122.12254,Globe,38530,20139,38.53,20.14,31,2,1,1
"Siniloan, Laguna, Philippines",14.43831,121.48561,Smart,44048,4009,44.05,4.01,19,2,2,2
"Santa Maria, Pangasinan, Philippines",15.95523,120.7005,Smart,21604,8558,21.60,8.56,17,2,1,2
"Ibaan, Batangas, Philippines",13.81895,121.13082,DITO,14987,4445,14.99,4.45,20,1,1,1
"Kayapa, Nueva Vizcaya, Philippines",16.49326,120.94174,Globe,2844,2245,2.84,2.25,88,1,1,1
"Loon, Bohol, Philippines",9.81463,123.82996,Globe,28163,10333,28.16,10.33,31,1,1,1
"Pilar, Surigao del Norte, Philippines",9.86429,126.0676,Globe,11984,505,11.98,0.51,93,1,1,1
"Guinobatan, Albay, Philippines",13.15419,123.55041,Smart,65933,34369,65.93,34.37,18,1,1,1
"Malapatan, Sarangani, Philippines",6.03645,125.43436,Smart,2700,7,2.70,0.01,33,1,1,1
"Kabankalan City, Negros Occidental, Philippines",9.91341,122.85358,DITO,74932,11397,74.93,11.40,26,1,1,1
"Belison, Antique, Philippines",10.84759,121.98712,DITO,95792,8888,95.79,8.89,29,1,1,1
"President Quirino, Sultan Kudarat, Philippines",6.72558,124.74093,Globe,8481,13180,8.48,13.18,37,1,1,1
"San Juan, Batangas, Philippines",13.75044,121.37703,DITO,14775,4595,14.78,4.60,24,1,1,1
"Laur, Nueva Ecija, Philippines",15.52477,121.18249,Globe,41098,12787,41.10,12.79,13,1,1,1
"Madrid, Surigao del Sur, Philippines",9.21986,125.90431,Smart,38753,3242,38.75,3.24,23,1,1,1
"Sibalom, Antique, Philippines",10.76502,122.06102,DITO,79337,20182,79.34,20.18,28,1,1,1
"Jimenez, Misamis Occidental, Philippines",8.33504,123.83977,Smart,159921,8861,159.92,8.86,24,1,1,1
"Basud, Camarines Norte, Philippines",14.00663,122.9663,Smart,73509,411,73.51,0.41,17,1,1,1
"Malvar, Batangas, Philippines",14.04329,121.15875,DITO,11615,1,11.62,0.00,79,1,1,1
"Cataingan, Masbate, Philippines",11.98588,123.9527,Globe,20364,11095,20.36,11.10,44,1,1,1
"Dauis, Bohol, Philippines",9.60401,123.82996,Smart,19972,5510,19.97,5.51,28,1,1,1
"Canaman, Camarines Sur, Philippines",13.64758,123.13515,Smart,10664,343,10.66,0.34,26,1,1,1
"General Mamerto Natividad, Nueva Ecija, Philippines",15.58788,121.04498,Globe,111154,21245,111.15,21.25,17,1,1,1
"Padre Burgos, Southern Leyte, Philippines",10.07868,125.00577,Globe,12042,7054,12.04,7.05,29,1,1,1
"Villasis, Pangasinan, Philippines",15.90523,120.55094,DITO,33628,24440,33.63,24.44,28,1,1,1
"Aleosan, Cotabato, Philippines",7.18894,124.63034,Smart,63057,4840,63.06,4.84,33,1,1,1
"Lake Sebu, South Cotabato, Philippines",6.24474,124.55284,Smart,77413,2936,77.41,2.94,42,1,1,1
"Sebaste, Antique, Philippines",11.58098,122.11783,Smart,24711,11872,24.71,11.87,18,1,1,1
"Banisilan, Cotabato, Philippines",7.53701,124.72988,Smart,17467,2620,17.47,2.62,27,1,1,1
"Labo, Camarines Norte, Philippines",14.13903,122.7633,Smart,399552,25257,399.55,25.26,14,1,1,1
"Bindoy, Negros Oriental, Philippines",9.79453,123.05639,Smart,23593,4936,23.59,4.94,23,1,1,1
"Tanjay City, Negros Oriental, Philippines",9.49579,122.9663,Globe,2317,798,2.32,0.80,46,1,1,1
"Iligan City, Lanao del Norte, Philippines",8.22707,124.46418,DITO,742428,75726,742.43,75.73,17,1,1,1
"Mangatarem, Pangasinan, Philippines",15.73801,120.27435,DITO,24053,18767,24.05,18.77,31,1,1,1
"Moalboal, Cebu, Philippines",9.93681,123.42714,Globe,10875,10404,10.88,10.40,38,1,1,1
"Nabua, Camarines Sur, Philippines",13.4069,123.37324,Smart,1447,14853,1.45,14.85,22,1,1,1
"Bagumbayan, Sultan Kudarat, Philippines",6.4606,124.55284,Smart,38873,1004,38.87,1.00,26,1,1,1
"Matnog, Sorsogon, Philippines",12.60511,124.04187,Globe,65412,3746,65.41,3.75,38,1,1,1
"Dingle, Iloilo, Philippines",10.9991,122.67043,Globe,9050,3305,9.05,3.31,27,1,1,1
"Paracale, Camarines Norte, Philippines",14.23721,122.78588,Globe,35295,3981,35.30,3.98,21,1,1,1
"City of Tabuk, Kalinga, Philippines",17.42402,121.3999,DITO,86940,25785,86.94,25.79,24,1,1,1
"Maasin, Southern Leyte, Philippines",10.13272,124.84081,DITO,43580,10211,43.58,10.21,50,1,1,1
"Angono, Rizal, Philippines",14.52592,121.15321,DITO,55793,1918,55.79,1.92,24,1,1,1
"Balayan, Batangas, Philippines",13.94995,120.72973,Smart,16582,2327,16.58,2.33,20,1,1,1
"Mogpog, Marinduque, Philippines",13.50444,121.89041,Globe,49267,3453,49.27,3.45,24,1,1,1
"Del Gallego, Camarines Sur, Philippines",13.92587,122.69555,Smart,21234,2318,21.23,2.32,21,1,1,1
"Bonifacio, Misamis Occidental, Philippines",8.10423,123.59519,Smart,9142,638,9.14,0.64,20,1,1,1
"Midsayap, Cotabato, Philippines",7.19181,124.53474,Smart,16959,16003,16.96,16.00,28,1,1,1
"Gamu, Isabela, Philippines",17.06905,121.85725,Smart,29599,4772,29.60,4.77,40,1,1,1
"Cabanglasan, Bukidnon, Philippines",8.05046,125.32468,Globe,31740,3202,31.74,3.20,53,1,1,1
"Numancia, Aklan, Philippines",11.71767,122.33909,DITO,10650,15281,10.65,15.28,27,1,1,1
"Paniqui, Tarlac, Philippines",15.66603,120.53942,DITO,35225,39036,35.23,39.04,19,1,1,1
"Obando, Bulacan, Philippines",14.70986,120.93674,Smart,13211,279,13.21,0.28,28,1,1,1
"Bauang, La Union, Philippines",16.51433,120.35508,DITO,28557,7256,28.56,7.26,43,1,1,1
"Mabinay, Negros Oriental, Philippines",9.67161,122.94377,DITO,19454,20181,19.45,20.18,24,1,1,1
"San Mateo, Isabela, Philippines",16.87673,121.59408,Globe,17960,2602,17.96,2.60,25,1,1,1
"Panay, Capiz, Philippines",11.54148,122.83102,Globe,23396,1210,23.40,1.21,34,1,1,1
"Paombong, Bulacan, Philippines",14.83781,120.78406,Globe,15121,9263,15.12,9.26,26,1,1,1
"Paniqui, Tarlac, Philippines",15.66603,120.53942,Globe,18561,5118,18.56,5.12,15,1,1,1
"San Fernando, Cebu, Philippines",10.16316,123.70738,DITO,5613,5878,5.61,5.88,25,1,1,1
"Minalabac, Camarines Sur, Philippines",13.52836,123.19137,DITO,21650,25469,21.65,25.47,24,1,1,1
"Infanta, Quezon, Philippines",14.74071,121.6451,Smart,426515,24407,426.52,24.41,28,1,1,1
"Tabuelan, Cebu, Philippines",10.85738,123.90809,DITO,18328,2495,18.33,2.50,27,1,1,1
"Lapuyan, Zamboanga del Sur, Philippines",7.69162,123.19137,Smart,60663,10188,60.66,10.19,26,1,1,1
"Abucay, Bataan, Philippines",14.73361,120.49336,Globe,24765,6035,24.77,6.04,26,1,1,1
"Cuyapo, Nueva Ecija, Philippines",15.79995,120.68901,DITO,20946,462,20.95,0.46,28,1,1,1
"Ipil, Zamboanga Sibugay, Philippines",7.77318,122.57121,DITO,14036,8849,14.04,8.85,26,1,1,1
"Dasol, Pangasinan, Philippines",15.96259,119.90466,Smart,46016,5122,46.02,5.12,17,1,1,1
"Pilar, Sorsogon, Philippines",12.97477,123.6847,DITO,9869,631,9.87,0.63,37,1,1,1
"Lambunao, Iloilo, Philippines",11.12265,122.37876,Smart,39871,9530,39.87,9.53,16,1,1,1
"Bauang, La Union, Philippines",16.51433,120.35508,Smart,17775,2207,17.78,2.21,31,1,1,1
"Odiongan, Romblon, Philippines",12.36445,122.01555,Globe,17880,548,17.88,0.55,39,1,1,1
"Arayat, Pampanga, Philippines",15.15443,120.771,Smart,1054,1459,1.05,1.46,22,1,1,1
"Santa Fe, Romblon, Philippines",12.1751,122.00418,Smart,5670,3190,5.67,3.19,36,1,1,1
"Santa Cruz, Ilocos Sur, Philippines",17.06168,120.49336,Globe,64008,2840,64.01,2.84,36,1,1,1
"Sarrat, Ilocos Norte, Philippines",18.11379,120.6545,Smart,7669,3298,7.67,3.30,26,1,1,1
"Mahatao, Batanes, Philippines",20.40516,121.953,Globe,20172,1976,20.17,1.98,52,1,1,1
"Hagonoy, Davao del Sur, Philippines",6.69701,125.3137,DITO,22959,24920,22.96,24.92,24,1,1,1
"Nasipit, Agusan del Norte, Philippines",8.93971,125.32468,DITO,15548,2145,15.55,2.15,34,1,1,1
"Samal, Bataan, Philippines",14.77188,120.51639,Smart,10786,2973,10.79,2.97,29,1,1,1
"Santa Rita, Pampanga, Philippines",14.99762,120.61451,Globe,84835,17469,84.84,17.47,20,1,1,1
"Hinoba-an, Negros Occidental, Philippines",9.5554,122.58252,Smart,15689,135,15.69,0.14,38,1,1,1
"Margosatubig, Zamboanga del Sur, Philippines",7.57572,123.16599,Globe,9752,201,9.75,0.20,34,1,1,1
"General Mariano Alvarez, Cavite, Philippines",14.29525,121.0071,DITO,11787,27,11.79,0.03,21,1,1,1
"Labason, Zamboanga del Norte, Philippines",8.01373,122.51464,Smart,55679,30093,55.68,30.09,37,1,1,1
"Infanta, Pangasinan, Philippines",15.87303,120.00874,Globe,16045,3594,16.05,3.59,30,1,1,1
"Pantabangan, Nueva Ecija, Philippines",15.79424,121.12521,Globe,21488,4827,21.49,4.83,27,1,1,1
"Kapangan, Benguet, Philippines",16.61238,120.59698,Globe,6797,547,6.80,0.55,27,1,1,1
"Sorsogon City, Sorsogon, Philippines",12.97888,123.98477,Smart,58180,6934,58.18,6.93,28,1,1,1
"Lobo, Batangas, Philippines",13.6877,121.23974,DITO,5538,135,5.54,0.14,24,1,1,1
"San Nicolas, Ilocos Norte, Philippines",18.14708,120.58547,DITO,9511,11314,9.51,11.31,25,1,1,1
"Matag-ob, Leyte, Philippines",11.12491,124.47527,Globe,4238,7017,4.24,7.02,41,1,1,1
"Compostela, Cebu, Philippines",10.45408,124.013,DITO,49620,9228,49.62,9.23,38,1,1,1
"Calaca, Batangas, Philippines",13.93129,120.80724,DITO,13163,6756,13.16,6.76,23,1,1,1
"Kananga, Leyte, Philippines",11.16036,124.57499,Globe,26944,3232,26.94,3.23,37,1,1,1
"Porac, Pampanga, Philippines",15.06974,120.55007,DITO,137707,1743,137.71,1.74,20,1,1,1
"Zamboanguita, Negros Oriental, Philippines",9.13189,123.1464,Smart,4873,4555,4.87,4.56,18,1,1,1
"Pila, Laguna, Philippines",14.23461,121.3656,Globe,41614,18362,41.61,18.36,22,1,1,1
"Bacarra, Ilocos Norte, Philippines",18.27039,120.60848,Globe,129884,23977,129.88,23.98,33,1,1,1
"Santa Cruz, Zambales, Philippines",15.77308,120.04341,Smart,22462,1953,22.46,1.95,17,1,1,1
"Labangan, Zamboanga del Sur, Philippines",7.85732,123.503,Smart,10474,470,10.47,0.47,33,1,1,1
"Mainit, Surigao del Norte, Philippines",9.55663,125.5001,Globe,10618,6332,10.62,6.33,32,1,1,1
"Jose Abad Santos (Trinidad), Davao Occidental, Philippines",5.83407,125.5439,Globe,12433,12336,12.43,12.34,26,1,1,1
"Calauan, Laguna, Philippines",14.14551,121.3146,Smart,7764,1740,7.76,1.74,16,1,1,1
"Candaba, Pampanga, Philippines",15.09289,120.8277,DITO,48126,10671,48.13,10.67,29,1,1,1
"Santo Tomas, Davao del Norte, Philippines",7.50929,125.63142,Smart,55774,13498,55.77,13.50,23,1,1,1
"San Ildefonso, Ilocos Sur, Philippines",17.623,120.39543,Globe,33189,4633,33.19,4.63,20,1,1,1
"Hinigaran, Negros Occidental, Philippines",10.27479,122.92123,DITO,68125,1962,68.13,1.96,29,1,1,1
"Dumalag, Capiz, Philippines",11.32106,122.61644,Smart,66200,13811,66.20,13.81,21,1,1,1
"Sinait, Ilocos Sur, Philippines",17.85347,120.50488,DITO,18197,928,18.20,0.93,1229,1,1,1
"San Simon, Pampanga, Philippines",14.98432,120.75127,DITO,43445,2453,43.45,2.45,15,1,1,1
"Baliwag, Bulacan, Philippines",14.96569,120.89431,DITO,2661,2787,2.66,2.79,36,1,1,1
"Cawayan, Masbate, Philippines",12.05579,123.72942,Smart,10836,5413,10.84,5.41,33,1,1,1
"Carmen, Cebu, Philippines",10.58876,123.96385,Smart,150910,6421,150.91,6.42,9,1,1,1
"Gasan, Marinduque, Philippines",13.32138,121.89041,Globe,9998,9775,10.00,9.78,18,1,1,1
"Catanauan, Quezon, Philippines",13.65447,122.33343,Smart,12734,2188,12.73,2.19,18,1,1,1
"Nagcarlan, Laguna, Philippines",14.14903,121.38847,Smart,29758,165,29.76,0.17,18,1,1,1
"Clarin, Misamis Occidental, Philippines",8.19969,123.86237,Smart,94540,15673,94.54,15.67,16,1,1,1
"Barcelona, Sorsogon, Philippines",12.84149,124.11981,Smart,401630,67698,401.63,67.70,19,1,1,1
"Lupao, Nueva Ecija, Philippines",15.84768,120.91878,Globe,42695,8878,42.70,8.88,17,1,1,1
"Sofronio Espanola, Palawan, Philippines",8.96305,117.99091,Globe,7750,1275,7.75,1.28,42,1,1,1
"Baloi, Lanao del Norte, Philippines",8.09339,124.20881,Smart,16253,2783,16.25,2.78,24,1,1,1
"Alaminos, Laguna, Philippines",14.0454,121.25119,DITO,28362,11994,28.36,11.99,22,1,1,1
"Manolo Fortich, Bukidnon, Philippines",8.39002,124.88449,DITO,72726,1148,72.73,1.15,59,1,1,1
"Sumilao, Bukidnon, Philippines",8.2372,124.92861,DITO,68320,28300,68.32,28.30,35,1,1,1
"Villaba, Leyte, Philippines",11.17773,124.44201,Smart,79485,25061,79.49,25.06,19,1,1,1
"Mangatarem, Pangasinan, Philippines",15.73801,120.27435,Globe,11936,3662,11.94,3.66,25,1,1,1
"Hinundayan, Southern Leyte, Philippines",10.33731,125.22584,DITO,1243,152,1.24,0.15,24,1,1,1
"Pitogo, Zamboanga del Sur, Philippines",7.44633,123.33739,Globe,46410,3061,46.41,3.06,39,1,1,1
"Muñoz, Nueva Ecija, Philippines",15.70664,120.9029,DITO,40854,4918,40.85,4.92,19,1,1,1
"Jipapad, Eastern Samar, Philippines",12.28066,125.19286,Smart,21741,21281,21.74,21.28,27,1,1,1
"Cuyapo, Nueva Ecija, Philippines",15.79995,120.68901,Globe,61240,10709,61.24,10.71,17,1,1,1
"Pagudpud, Ilocos Norte, Philippines",18.55216,120.87286,Smart,101299,43081,101.30,43.08,24,1,1,1
"Alangalang, Leyte, Philippines",11.23565,124.88449,Globe,3161,1496,3.16,1.50,54,1,1,1
"St Bernard, Southern Leyte, Philippines",10.3223,125.1198,Smart,80056,16323,80.06,16.32,19,1,1,1
"Prosperidad, Agusan del Sur, Philippines",8.67623,125.87161,Globe,56780,16305,56.78,16.31,17,1,1,1
"Tudela, Misamis Occidental, Philippines",8.24623,123.84519,Globe,8343,1471,8.34,1.47,95,1,1,1
"Boljoon, Cebu, Philippines",9.64574,123.44956,Globe,31969,22932,31.97,22.93,18,1,1,1
"Dumaran, Palawan, Philippines",10.51139,119.62673,Globe,88860,8490,88.86,8.49,25,1,1,1
"Buguey, Cagayan, Philippines",18.25855,121.78792,Globe,7809,22429,7.81,22.43,30,1,1,1
"Santo Nino, South Cotabato, Philippines",6.44221,124.67459,DITO,1657,6813,1.66,6.81,44,1,1,1
"City of Tacurong, Sultan Kudarat, Philippines",6.6866,124.66353,Globe,6743,243,6.74,0.24,29,1,1,1
"Baganga, Davao Oriental, Philippines",7.6001,126.39314,Globe,20736,9866,20.74,9.87,32,1,1,1
"Isabela, Negros Occidental, Philippines",10.22566,123.01136,Smart,41762,3174,41.76,3.17,28,1,1,1
"Hilongos, Leyte, Philippines",10.39469,124.84034,Smart,48728,7892,48.73,7.89,26,1,1,1
"Talalora, Samar, Philippines",11.50726,124.84586,Globe,16641,2191,16.64,2.19,25,1,1,1
"Pambujan, Northern Samar, Philippines",12.46458,124.93964,Globe,149332,34974,149.33,34.97,35,1,1,1
"San Carlos City, Pangasinan, Philippines",15.92589,120.34827,Smart,68213,1807,68.21,1.81,16,1,1,1
"Malidegao, Cotabato, Philippines",7.12941,124.67431,Smart,123737,1585,123.74,1.59,41,1,1,1
"Bacacay, Albay, Philippines",13.29586,123.87462,Globe,69852,20236,69.85,20.24,30,1,1,1
"Cagwait, Surigao del Sur, Philippines",8.87574,126.24139,Smart,12390,880,12.39,0.88,50,1,1,1
"Oton, Iloilo, Philippines",10.69251,122.47868,Globe,384796,35284,384.80,35.28,20,1,1,1
"Parang, Maguindanao, Philippines",7.34766,124.2755,Globe,5521,2957,5.52,2.96,30,1,1,1
"Taal, Batangas, Philippines",13.87826,120.92508,DITO,11574,5229,11.57,5.23,24,1,1,1
"T'boli, South Cotabato, Philippines",6.14683,124.90655,Globe,11437,12129,11.44,12.13,18,1,1,1
"Kalibo, Aklan, Philippines",11.70734,122.36986,DITO,12094,1745,12.09,1.75,46,1,1,1
"Abuyog, Leyte, Philippines",10.67348,125.06084,Smart,49401,10832,49.40,10.83,22,1,1,1
"Cabarroguis, Quirino, Philippines",16.41991,121.51416,Globe,162670,12003,162.67,12.00,24,1,1,1
"Dolores, Quezon, Philippines",14.00193,121.41133,Smart,49037,394,49.04,0.39,21,1,1,1
"Dona Remedios Trinidad, Bulacan, Philippines",15.11427,121.21685,Globe,42520,14882,42.52,14.88,16,1,1,1
"Indanan, Sulu, Philippines",5.99768,120.96469,Globe,910,4716,0.91,4.72,111,1,1,1
"Lala, Lanao del Norte, Philippines",7.9486,123.76295,Globe,9689,9750,9.69,9.75,27,1,1,1
"Bay, Laguna, Philippines",14.14064,121.26836,Globe,78968,13329,78.97,13.33,22,1,1,1
"Luna, La Union, Philippines",16.83085,120.35508,Globe,3296,4102,3.30,4.10,44,1,1,1
"Guipos, Zamboanga del Sur, Philippines",7.74619,123.31494,Smart,10317,5445,10.32,5.45,18,1,1,1
"San Antonio, Zambales, Philippines",14.92751,120.08963,Globe,117031,20530,117.03,20.53,17,1,1,1
"Taysan, Batangas, Philippines",13.76108,121.2283,DITO,42307,7162,42.31,7.16,20,1,1,1
"Libmanan, Camarines Sur, Philippines",13.69376,123.05982,Globe,31784,17572,31.78,17.57,22,1,1,1
"Limay, Bataan, Philippines",14.53661,120.56245,Globe,43796,4041,43.80,4.04,23,1,1,1
"Kapangan, Benguet, Philippines",16.61238,120.59698,Smart,7179,5166,7.18,5.17,25,1,1,1
"Bayambang, Pangasinan, Philippines",15.80947,120.45714,Smart,46853,4045,46.85,4.05,16,1,1,1
"Polangui, Albay, Philippines",13.29368,123.48542,DITO,132608,26437,132.61,26.44,33,1,1,1
"Ubay, Bohol, Philippines",10.05512,124.47421,Globe,51083,16842,51.08,16.84,37,1,1,1
"Tubod, Lanao del Norte, Philippines",7.99427,123.87462,Globe,21259,1942,21.26,1.94,37,1,1,1
"Laak (San Vicente), Davao de Oro, Philippines",7.87712,125.78435,Smart,20339,3636,20.34,3.64,27,1,1,1
"Pintuyan, Southern Leyte, Philippines",9.99513,125.22584,Globe,8055,4258,8.06,4.26,36,1,1,1
"Santo Tomas, Pampanga, Philippines",14.99601,120.70407,Globe,29794,13743,29.79,13.74,25,1,1,1
"Vallehermoso, Negros Oriental, Philippines",10.33905,123.29249,DITO,6301,462,6.30,0.46,44,1,1,1
"Pantukan, Davao de Oro, Philippines",7.20012,126.04584,Globe,12246,7636,12.25,7.64,30,1,1,1
"Buenavista, Guimaras, Philippines",10.69691,122.6481,Globe,29912,6144,29.91,6.14,25,1,1,1
"Sanchez-Mira, Cagayan, Philippines",18.53628,121.19395,Smart,2941,1184,2.94,1.18,35,1,1,1
"Los Baños, Laguna, Philippines",14.17731,121.22161,DITO,4061,469,4.06,0.47,149,1,1,1
"Balabagan, Lanao del Sur, Philippines",7.54344,124.14207,Smart,28643,8050,28.64,8.05,32,1,1,1
"Valderrama, Antique, Philippines",11.06521,122.19731,Globe,63872,443,63.87,0.44,46,1,1,1
"Monkayo, Davao de Oro, Philippines",7.82426,126.0537,Smart,405899,21442,405.90,21.44,19,1,1,1
"Wao, Lanao del Sur, Philippines",7.6676,124.70777,Globe,12734,1158,12.73,1.16,48,1,1,1
"Solano, Nueva Vizcaya, Philippines",16.51774,121.18012,Smart,112495,970,112.50,0.97,27,1,1,1
"Zaragoza, Nueva Ecija, Philippines",15.46003,120.79246,Globe,14271,4707,14.27,4.71,15,1,1,1
"Amlan, Negros Oriental, Philippines",9.44436,123.18013,Globe,12249,4360,12.25,4.36,36,1,1,1
"Tubungan, Iloilo, Philippines",10.80645,122.29941,Globe,8153,3633,8.15,3.63,33,1,1,1
"Talibon, Bohol, Philippines",10.11933,124.26439,Smart,97108,19609,97.11,19.61,24,1,1,1
"Lutayan, Sultan Kudarat, Philippines",6.59679,124.88449,Globe,5816,4684,5.82,4.68,22,1,1,1
"San Pascual, Batangas, Philippines",13.81044,121.02204,Globe,2979,239,2.98,0.24,24,1,1,1
"Gloria, Oriental Mindoro, Philippines",12.93397,121.37703,Globe,32459,10187,32.46,10.19,20,1,1,1
"Lagawe, Ifugao, Philippines",16.80825,121.19395,Globe,23195,5163,23.20,5.16,20,1,1,1
"Laua-an, Antique, Philippines",11.16376,122.11783,DITO,60373,6537,60.37,6.54,24,1,1,1
"Samal, Davao del Norte, Philippines",7.08352,125.70578,DITO,17654,19502,17.65,19.50,38,1,1,1
"San Fernando, Cebu, Philippines",10.16316,123.70738,Globe,1979,1205,1.98,1.21,48,1,1,1
"San Miguel, Iloilo, Philippines",10.78017,122.46653,Globe,66787,1029,66.79,1.03,24,1,1,1
"Basista, Pangasinan, Philippines",15.86113,120.39543,DITO,119498,16805,119.50,16.81,22,1,1,1
"Agoo, La Union, Philippines",16.3247,120.35508,Globe,45340,20796,45.34,20.80,16,1,1,1
"Palompon, Leyte, Philippines",11.03374,124.43092,Globe,44566,15763,44.57,15.76,27,1,1,1
"Cabatuan, Iloilo, Philippines",10.87914,122.48206,Smart,20368,10788,20.37,10.79,13,1,1,1
"Liloan, Southern Leyte, Philippines",10.11437,125.18187,Globe,9685,8180,9.69,8.18,52,1,1,1
"Paracelis, Mountain Province, Philippines",17.15622,121.49132,Smart,10121,1398,10.12,1.40,50,1,1,1
"Bumbaran, Lanao del Sur, Philippines",7.74529,124.66353,Globe,22747,7773,22.75,7.77,21,1,1,1
"Tiwi, Albay, Philippines",13.4612,123.63996,Smart,316745,17645,316.75,17.65,13,1,1,1
"Anda, Bohol, Philippines",9.76924,124.56391,Globe,18215,1648,18.22,1.65,51,1,1,1
"Marcos, Ilocos Norte, Philippines",18.02095,120.7005,Globe,50679,3422,50.68,3.42,21,1,1,1
"Santa Ana, Cagayan, Philippines",18.36702,122.22001,Smart,23021,2560,23.02,2.56,25,1,1,1
"Buenavista, Marinduque, Philippines",13.24778,121.98144,Smart,2284,534,2.28,0.53,33,1,1,1
"Candelaria, Zambales, Philippines",15.63998,120.08963,Globe,60951,16283,60.95,16.28,18,1,1,1
"Dipolog City, Zamboanga del Norte, Philippines",8.58717,123.34035,DITO,29132,305,29.13,0.31,52,1,1,1
"Ligao City, Albay, Philippines",13.17242,123.4944,DITO,33306,10004,33.31,10.00,39,1,1,1
"Nabunturan, Davao de Oro, Philippines",7.54501,126.02409,Globe,22971,9735,22.97,9.74,28,1,1,1
"Claveria, Misamis Oriental, Philippines",8.62972,124.90655,Globe,49130,19939,49.13,19.94,25,1,1,1
"Bani, Pangasinan, Philippines",16.22291,119.85838,Globe,9390,1894,9.39,1.89,18,1,1,1
"Sultan Mastura, Maguindanao del Norte, Philippines",7.2986,124.25883,Globe,12447,15538,12.45,15.54,26,1,1,1
"Barobo, Surigao del Sur, Philippines",8.52615,126.0676,Smart,119693,17105,119.69,17.11,29,1,1,1
"Catanauan, Quezon, Philippines",13.65447,122.33343,Globe,20786,13046,20.79,13.05,24,1,1,1
"Kananga, Leyte, Philippines",11.16036,124.57499,DITO,96555,16294,96.56,16.29,34,1,1,1
"Maddela, Quirino, Philippines",16.33255,121.78792,Globe,72742,23090,72.74,23.09,24,1,1,1
"Olutanga, Zamboanga Sibugay, Philippines",7.3592,122.81973,Globe,1470,186,1.47,0.19,196,1,1,1
"Hermosa, Bataan, Philippines",14.83566,120.47709,DITO,351,308,0.35,0.31,37,1,1,1
"Ibajay, Aklan, Philippines",11.75186,122.18596,DITO,8000,632,8.00,0.63,84,1,1,1
"Loon, Bohol, Philippines",9.81463,123.82996,DITO,21317,2669,21.32,2.67,22,1,1,1
"Cabiao, Nueva Ecija, Philippines",15.25221,120.85957,DITO,10615,5026,10.62,5.03,31,1,1,1
"Iriga City, Camarines Sur, Philippines",13.42095,123.41361,Smart,137196,20752,137.20,20.75,18,1,1,1
"San Isidro, Northern Samar, Philippines",12.35664,124.39764,Globe,8839,1739,8.84,1.74,33,1,1,1
"Camiling, Tarlac, Philippines",15.67495,120.41272,Smart,6941,213,6.94,0.21,24,1,1,1
"Binalonan, Pangasinan, Philippines",16.05355,120.60848,Smart,17504,7648,17.50,7.65,24,1,1,1
"Lakewood, Zamboanga del Sur, Philippines",7.88264,123.1464,Globe,8083,7320,8.08,7.32,34,1,1,1
"Carrascal, Surigao del Sur, Philippines",9.36603,125.84981,Globe,49957,4435,49.96,4.44,26,1,1,1
"Jose Panganiban, Camarines Norte, Philippines",14.25107,122.69555,Smart,823,501,0.82,0.50,26,1,1,1
"San Rafael, Iloilo, Philippines",11.17902,122.82752,Smart,3201,711,3.20,0.71,30,1,1,1
"Libon, Albay, Philippines",13.26065,123.37106,Globe,7001,913,7.00,0.91,34,1,1,1
"Sulat, Eastern Samar, Philippines",11.82105,125.41244,Globe,90037,3761,90.04,3.76,26,1,1,1
"New Corella, Davao del Norte, Philippines",7.59777,125.84981,Smart,225475,12935,225.48,12.94,20,1,1,1
"Santa Barbara, Pangasinan, Philippines",15.9774,120.42424,Globe,21198,642,21.20,0.64,20,1,1,1
"Santo Tomas, Pampanga, Philippines",14.99601,120.70407,DITO,217226,1141,217.23,1.14,23,1,1,1
"Ramos, Tarlac, Philippines",15.67893,120.62574,Globe,10988,2101,10.99,2.10,12,1,1,1
"Balete, Batangas, Philippines",14.0092,121.10802,Smart,9228,540,9.23,0.54,23,1,1,1
"Sultan Kudarat, Maguindanao, Philippines",7.26221,124.30883,Globe,6012,14908,6.01,14.91,20,1,1,1
"Sara, Iloilo, Philippines",11.28199,123.01136,Globe,7809,904,7.81,0.90,25,1,1,1
"Ubay, Bohol, Philippines",10.05512,124.47421,Smart,319714,61919,319.71,61.92,9,1,1,1
"Balangiga, Eastern Samar, Philippines",11.20922,125.36857,Globe,31429,5517,31.43,5.52,22,1,1,1
"Sudipen, La Union, Philippines",16.85055,120.49336,Globe,28962,19587,28.96,19.59,18,1,1,1
"City of Tabuk, Kalinga, Philippines",17.42402,121.3999,Globe,103513,28183,103.51,28.18,36,1,1,1
"Cortes, Bohol, Philippines",9.71134,123.89693,Smart,7994,163,7.99,0.16,23,1,1,1
"Pinukpuk, Kalinga, Philippines",17.60829,121.30841,Globe,5022,125,5.02,0.13,24,1,1,1
"Sison, Pangasinan, Philippines",16.14981,120.59698,Globe,210720,20565,210.72,20.57,23,1,1,1
"Jaro, Leyte, Philippines",11.17583,124.75198,DITO,10126,738,10.13,0.74,47,1,1,1
"Bantay, Ilocos Sur, Philippines",17.59832,120.44729,DITO,3693,1725,3.69,1.73,43,1,1,1
"Sallapadan, Abra, Philippines",17.47616,120.79246,Smart,118658,3715,118.66,3.72,24,1,1,1
"Talakag, Bukidnon, Philippines",8.05293,124.72988,Smart,9454,3245,9.45,3.25,28,1,1,1
"Mabinay, Negros Oriental, Philippines",9.67161,122.94377,Smart,40065,20706,40.07,20.71,23,1,1,1
"Solana, Cagayan, Philippines",17.65284,121.65113,Smart,47791,7324,47.79,7.32,28,1,1,1
"Binalbagan, Negros Occidental, Philippines",10.10918,123.01136,DITO,14628,1916,14.63,1.92,34,1,1,1
"San Antonio, Nueva Ecija, Philippines",15.31921,120.82692,Globe,45710,18731,45.71,18.73,19,1,1,1
"Morong, Rizal, Philippines",14.51286,121.23855,Smart,81698,23506,81.70,23.51,14,1,1,1
"Talisay, Negros Occidental, Philippines",10.74828,122.98012,DITO,14649,17135,14.65,17.14,43,1,1,1
"City of Mati, Davao Oriental, Philippines",6.95722,126.15454,Smart,14026,8073,14.03,8.07,22,1,1,1
"Larena, Siquijor, Philippines",9.22728,123.60639,Globe,10859,237,10.86,0.24,40,1,1,1
"Pantukan, Davao de Oro, Philippines",7.20012,126.04584,Smart,1741,67,1.74,0.07,85,1,1,1
"Tarangnan, Samar, Philippines",11.92262,124.76303,Smart,19726,8564,19.73,8.56,33,1,1,1
"Tanauan, Leyte, Philippines",11.07765,124.98373,Smart,126529,24990,126.53,24.99,19,1,1,1
"Laoang, Northern Samar, Philippines",12.50219,125.01679,Globe,40651,31480,40.65,31.48,40,1,1,1
"Escalante City, Negros Occidental, Philippines",10.84117,123.49908,Globe,22658,334,22.66,0.33,34,1,1,1
"Santander, Cebu, Philippines",9.44684,123.33739,Smart,24769,8484,24.77,8.48,17,1,1,1
"Victoria, Tarlac, Philippines",15.59077,120.68901,DITO,17546,9004,17.55,9.00,19,1,1,1
"Bonifacio, Misamis Occidental, Philippines",8.10423,123.59519,Globe,11775,6790,11.78,6.79,35,1,1,1
"Dingalan, Aurora, Philippines",15.43523,121.42276,DITO,698,4809,0.70,4.81,48,1,1,1
"San Juan, Southern Leyte, Philippines",10.26385,125.20386,DITO,27251,288,27.25,0.29,64,1,1,1
"Sergio Osmena Sr., Zamboanga del Norte, Philippines",8.30009,123.5059,Globe,13336,19011,13.34,19.01,30,1,1,1
"Lazi, Siquijor, Philippines",9.13207,123.60639,Smart,51688,6399,51.69,6.40,35,1,1,1
"Boljoon, Cebu, Philippines",9.64574,123.44956,DITO,127617,37482,127.62,37.48,24,1,1,1
"Baao, Camarines Sur, Philippines",13.49319,123.35984,Smart,31863,27544,31.86,27.54,20,1,1,1
"Umingan, Pangasinan, Philippines",15.90396,120.82692,Smart,59931,12127,59.93,12.13,19,1,1,1
"Bula, Camarines Sur, Philippines",13.44119,123.23632,Smart,369764,25967,369.76,25.97,23,1,1,1
"Dumarao, Capiz, Philippines",11.22554,122.83102,Smart,48918,3268,48.92,3.27,16,1,1,1
"Pilar, Sorsogon, Philippines",12.97477,123.6847,Smart,224442,24023,224.44,24.02,13,1,1,1
"Cardona, Rizal, Philippines",14.48493,121.232,Globe,11106,966,11.11,0.97,18,1,1,1
"Palimbang, Sultan Kudarat, Philippines",6.34322,124.19769,Globe,37778,24009,37.78,24.01,26,1,1,1
"Gasan, Marinduque, Philippines",13.32138,121.89041,Smart,49327,1394,49.33,1.39,27,1,1,1
"Malitbog, Southern Leyte, Philippines",10.17925,124.96169,DITO,18736,11906,18.74,11.91,22,1,1,1
"Teresa, Rizal, Philippines",14.5597,121.20593,Smart,371224,15058,371.22,15.06,9,1,1,1
"San Carlos City, Pangasinan, Philippines",15.92589,120.34827,DITO,34691,19079,34.69,19.08,23,1,1,1
"Norala, South Cotabato, Philippines",6.5061,124.66353,Globe,9691,10503,9.69,10.50,20,1,1,1
"Enrique B. Magalona, Negros Occidental, Philippines",10.87695,122.98281,DITO,127314,9520,127.31,9.52,26,1,1,1
"Don Carlos, Bukidnon, Philippines",7.67895,124.99652,Smart,259016,5067,259.02,5.07,28,1,1,1
"Palo, Leyte, Philippines",11.15847,124.99191,DITO,16006,1072,16.01,1.07,46,1,1,1
"Delfin Albano, Isabela, Philippines",17.25925,121.74234,Globe,13575,617,13.58,0.62,29,1,1,1
"Bustos, Bulacan, Philippines",14.95239,120.91735,Globe,88990,107126,88.99,107.13,31,1,1,1
"Josefina, Zamboanga del Sur, Philippines",8.18964,123.53361,Globe,14364,1779,14.36,1.78,32,1,1,1
"Santa Lucia, Ilocos Sur, Philippines",17.12888,120.47033,Globe,14886,4081,14.89,4.08,20,1,1,1
"Panaon, Misamis Occidental, Philippines",8.36653,123.83929,Globe,40316,656,40.32,0.66,33,1,1,1
"San Jose, Negros Oriental, Philippines",9.40362,123.20261,DITO,14707,12358,14.71,12.36,21,1,1,1
"Cuenca, Batangas, Philippines",13.9144,121.05071,Smart,105350,27982,105.35,27.98,23,1,1,1
"Laguindingan, Misamis Oriental, Philippines",8.59435,124.43092,Smart,1129,849,1.13,0.85,9,1,1,1
"Medellin, Cebu, Philippines",11.1491,123.98615,Globe,9708,1349,9.71,1.35,26,1,1,1
"Cateel, Davao Oriental, Philippines",7.76918,126.32814,DITO,15081,6834,15.08,6.83,47,1,1,1
"Guinobatan, Albay, Philippines",13.15419,123.55041,DITO,80794,1449,80.79,1.45,26,1,1,1
"Palayan City, Nueva Ecija, Philippines",15.53906,121.09083,DITO,99381,33686,99.38,33.69,24,1,1,1
"Ilagan City, Isabela, Philippines",17.12845,122.12918,Smart,166039,21097,166.04,21.10,27,1,1,1
"Mangatarem, Pangasinan, Philippines",15.73801,120.27435,Smart,43987,3712,43.99,3.71,16,1,1,1
"Pio Duran, Albay, Philippines",13.0473,123.46077,DITO,68660,41454,68.66,41.45,29,1,1,1
"Pontevedra, Negros Occidental, Philippines",10.35266,122.92123,Globe,17189,6849,17.19,6.85,35,1,1,1
"Gitagum, Misamis Oriental, Philippines",8.56139,124.38654,Smart,11933,708,11.93,0.71,18,1,1,1
"Looc, Romblon, Philippines",12.27549,122.00418,Smart,26287,1017,26.29,1.02,27,1,1,1
"Asingan, Pangasinan, Philippines",16.00318,120.67063,DITO,78798,21022,78.80,21.02,21,1,1,1
"Baloi, Lanao del Norte, Philippines",8.09339,124.20881,DITO,25888,7271,25.89,7.27,18,1,1,1
"Corella, Bohol, Philippines",9.68732,123.92216,Smart,1905,209,1.91,0.21,16,1,1,1
"Siaton, Negros Oriental, Philippines",9.12425,123.03388,DITO,84939,10174,84.94,10.17,24,1,1,1
"Hagonoy, Bulacan, Philippines",14.83564,120.73371,Smart,281954,11380,281.95,11.38,14,1,1,1
"Jordan, Guimaras, Philippines",10.59807,122.57121,DITO,87576,315,87.58,0.32,38,1,1,1
"Pangantucan, Bukidnon, Philippines",7.84349,124.79617,Globe,16038,167,16.04,0.17,51,1,1,1
"Santa Margarita, Samar, Philippines",12.03787,124.70777,Smart,352225,20473,352.23,20.47,32,1,1,1
"Gubat, Sorsogon, Philippines",12.92415,124.09755,Globe,110295,25080,110.30,25.08,35,1,1,1
"Escalante City, Negros Occidental, Philippines",10.84117,123.49908,DITO,16784,5046,16.78,5.05,28,1,1,1
"Zaragoza, Nueva Ecija, Philippines",15.46003,120.79246,Smart,36686,10078,36.69,10.08,27,1,1,1
"Alamada, Cotabato, Philippines",7.47945,124.55284,Globe,9526,2485,9.53,2.49,57,1,1,1
"Shariff Aguak, Maguindanao del Sur, Philippines",6.86632,124.44158,Smart,10089,882,10.09,0.88,44,1,1,1
"Culion, Palawan, Philippines",11.85029,119.95093,Globe,17086,2336,17.09,2.34,32,1,1,1
"Santiago, Ilocos Sur, Philippines",17.28073,120.44729,Globe,16725,3269,16.73,3.27,17,1,1,1
"Badian, Cebu, Philippines",9.83209,123.41593,Globe,5505,2087,5.51,2.09,182,1,1,1
"Carmen, Cebu, Philippines",10.58876,123.96385,DITO,63954,2396,63.95,2.40,22,1,1,1
"Concepcion, Iloilo, Philippines",11.20333,123.09015,Smart,17821,814,17.82,0.81,21,1,1,1
"Argao, Cebu, Philippines",9.88114,123.60535,DITO,41712,3922,41.71,3.92,25,1,1,1
"Nasipit, Agusan del Norte, Philippines",8.93971,125.32468,Smart,103847,25299,103.85,25.30,16,1,1,1
"Alubijid, Misamis Oriental, Philippines",8.53597,124.4531,Globe,11174,10748,11.17,10.75,36,1,1,1
"Mandaon, Masbate, Philippines",12.26921,123.32617,Smart,24080,13238,24.08,13.24,34,1,1,1
"Batuan, Masbate, Philippines",12.39718,123.76295,Smart,25271,28245,25.27,28.25,30,1,1,1
"Sibalom, Antique, Philippines",10.76502,122.06102,Smart,66933,5669,66.93,5.67,36,1,1,1
"Gamay, Northern Samar, Philippines",12.39623,125.26978,Globe,51372,8622,51.37,8.62,27,1,1,1
"San Francisco, Agusan del Sur, Philippines",8.44573,125.95878,Globe,71770,12906,71.77,12.91,19,1,1,1
"Roxas, Isabela, Philippines",17.12035,121.61915,Globe,152436,24371,152.44,24.37,30,1,1,1
"Surallah, South Cotabato, Philippines",6.3195,124.75198,Globe,3963,316,3.96,0.32,25,1,1,1
"Santa Maria, Pangasinan, Philippines",15.95523,120.7005,Globe,67535,5510,67.54,5.51,31,1,1,1
"Balagtas, Bulacan, Philippines",14.81784,120.90646,DITO,27614,3754,27.61,3.75,34,1,1,1
"Veruela, Agusan del Sur, Philippines",8.02635,125.937,Globe,24581,5419,24.58,5.42,37,1,1,1
"Sipocot, Camarines Sur, Philippines",13.83785,123.01136,Smart,357846,17627,357.85,17.63,13,1,1,1
"Manapla, Negros Occidental, Philippines",10.95795,123.12428,DITO,7065,3793,7.07,3.79,42,1,1,1
"San Pascual, Batangas, Philippines",13.81044,121.02204,Smart,31201,4259,31.20,4.26,16,1,1,1
"Mobo, Masbate, Philippines",12.33588,123.65879,Smart,13032,6606,13.03,6.61,36,1,1,1
